NAME,median_income,total_pop,total_households,households_no_vehicle,total_pop_race,white_alone,state,county,tract,county_name,pct_no_vehicle,pct_nonwhite,GEOID
Census Tract 4001; Alameda County; California,234236.0,3269,1377,95,3269,2385,06,001,400100,001,6.899055918663762,27.041908840624046,06001400100
Census Tract 4002; Alameda County; California,225500.0,2147,876,83,2147,1535,06,001,400200,001,9.474885844748858,28.504890544946438,06001400200
Census Tract 4003; Alameda County; California,164000.0,5619,2638,367,5619,3403,06,001,400300,001,13.912054586808187,39.43762235273181,06001400300
Census Tract 4004; Alameda County; California,158836.0,4278,1760,249,4278,2832,06,001,400400,001,14.147727272727273,33.80084151472651,06001400400
Census Tract 4005; Alameda County; California,95078.0,3949,1679,143,3949,1778,06,001,400500,001,8.51697438951757,54.97594327677893,06001400500
Census Tract 4006; Alameda County; California,155893.0,2058,768,72,2058,939,06,001,400600,001,9.375,54.3731778425656,06001400600
Census Tract 4007; Alameda County; California,110556.0,4758,2012,279,4758,2420,06,001,400700,001,13.866799204771372,49.13829340058848,06001400700
Census Tract 4008; Alameda County; California,97132.0,4335,1885,189,4335,2241,06,001,400800,001,10.026525198938991,48.30449826989619,06001400800
Census Tract 4009; Alameda County; California,114583.0,2844,1113,50,2844,1104,06,001,400900,001,4.492362982929021,61.18143459915611,06001400900
Census Tract 4010; Alameda County; California,153654.0,6277,2302,356,6277,2436,06,001,401000,001,15.464813205907907,61.19165206308747,06001401000
Census Tract 4011; Alameda County; California,93121.0,5537,2649,410,5537,2436,06,001,401100,001,15.477538693846734,56.00505689001264,06001401100
Census Tract 4012; Alameda County; California,115045.0,2994,1429,163,2994,1864,06,001,401200,001,11.406578026592022,37.74215096860388,06001401200
Census Tract 4013; Alameda County; California,104226.0,4608,2401,749,4608,1781,06,001,401300,001,31.195335276967928,61.349826388888886,06001401300
Census Tract 4014; Alameda County; California,95011.0,5392,1741,286,5392,1622,06,001,401400,001,16.42734060884549,69.91839762611276,06001401400
Census Tract 4015; Alameda County; California,75568.0,3035,1203,349,3035,688,06,001,401500,001,29.010806317539483,77.33113673805602,06001401500
Census Tract 4016; Alameda County; California,88304.0,2403,909,100,2403,692,06,001,401600,001,11.001100110011002,71.2026633374948,06001401600
Census Tract 4017; Alameda County; California,145833.0,3276,1406,60,3276,1598,06,001,401700,001,4.267425320056899,51.22100122100122,06001401700
Census Tract 4018; Alameda County; California,72401.0,1709,693,192,1709,426,06,001,401800,001,27.705627705627705,75.07314218841428,06001401800
Census Tract 4022; Alameda County; California,96200.0,2337,924,172,2337,787,06,001,402200,001,18.614718614718615,66.32434745400086,06001402200
Census Tract 4024; Alameda County; California,31279.0,2623,1242,474,2623,392,06,001,402400,001,38.164251207729464,85.055280213496,06001402400
Census Tract 4025; Alameda County; California,34250.0,2010,773,280,2010,331,06,001,402500,001,36.222509702457955,83.53233830845771,06001402500
Census Tract 4026; Alameda County; California,45560.0,1300,615,187,1300,173,06,001,402600,001,30.40650406504065,86.6923076923077,06001402600
Census Tract 4027; Alameda County; California,115750.0,2039,735,190,2039,639,06,001,402700,001,25.850340136054424,68.66110838646395,06001402700
Census Tract 4028.01; Alameda County; California,74931.0,3254,1707,735,3254,921,06,001,402801,001,43.05799648506151,71.69637369391518,06001402801
Census Tract 4028.02; Alameda County; California,,1430,717,446,1430,337,06,001,402802,001,62.203626220362615,76.43356643356644,06001402802
Census Tract 4029; Alameda County; California,37973.0,1828,1236,727,1828,440,06,001,402900,001,58.81877022653722,75.92997811816193,06001402900
Census Tract 4030; Alameda County; California,32077.0,2897,1566,868,2897,274,06,001,403000,001,55.427841634738186,90.54193993786676,06001403000
Census Tract 4031; Alameda County; California,136071.0,1941,960,353,1941,818,06,001,403100,001,36.770833333333336,57.856774858320456,06001403100
Census Tract 4033.01; Alameda County; California,34417.0,1830,771,284,1830,223,06,001,403301,001,36.835278858625166,87.81420765027322,06001403301
Census Tract 4033.02; Alameda County; California,148235.0,2556,1416,231,2556,1335,06,001,403302,001,16.3135593220339,47.76995305164319,06001403302
Census Tract 4034.01; Alameda County; California,69984.0,2717,1985,774,2717,1253,06,001,403401,001,38.99244332493703,53.88295914611704,06001403401
Census Tract 4034.02; Alameda County; California,89021.0,1134,735,282,1134,598,06,001,403402,001,38.36734693877551,47.266313932980594,06001403402
Census Tract 4035.01; Alameda County; California,104167.0,4904,2714,749,4904,1934,06,001,403501,001,27.59764185703758,60.56280587275693,06001403501
Census Tract 4035.02; Alameda County; California,108478.0,1919,1118,181,1919,1081,06,001,403502,001,16.189624329159212,43.668577384054196,06001403502
Census Tract 4036; Alameda County; California,99925.0,5056,2833,346,5056,2148,06,001,403600,001,12.213201553123897,57.51582278481012,06001403600
Census Tract 4037.01; Alameda County; California,84063.0,2909,1752,453,2909,1341,06,001,403701,001,25.85616438356164,53.901684427638365,06001403701
Census Tract 4037.02; Alameda County; California,115156.0,2238,1202,204,2238,1252,06,001,403702,001,16.97171381031614,44.05719392314567,06001403702
Census Tract 4038; Alameda County; California,154524.0,4008,1934,196,4008,2521,06,001,403800,001,10.13443640124095,37.100798403193615,06001403800
Census Tract 4039; Alameda County; California,126075.0,3883,2157,196,3883,2559,06,001,403900,001,9.086694483078348,34.097347411795006,06001403900
Census Tract 4040; Alameda County; California,98214.0,3145,1814,194,3145,1853,06,001,404000,001,10.694597574421168,41.08108108108108,06001404000
Census Tract 4041.01; Alameda County; California,128711.0,3208,1767,249,3208,2376,06,001,404101,001,14.091680814940577,25.935162094763093,06001404101
Census Tract 4041.02; Alameda County; California,98472.0,2701,1628,480,2701,1483,06,001,404102,001,29.484029484029485,45.09440947797112,06001404102
Census Tract 4042; Alameda County; California,247619.0,3894,1460,26,3894,2739,06,001,404200,001,1.7808219178082192,29.66101694915254,06001404200
Census Tract 4043; Alameda County; California,227237.0,3587,1424,43,3587,2747,06,001,404300,001,3.019662921348315,23.417897964873152,06001404300
Census Tract 4044; Alameda County; California,184737.0,5823,2450,72,5823,3452,06,001,404400,001,2.9387755102040813,40.71784303623562,06001404400
Census Tract 4045.01; Alameda County; California,232112.0,1820,685,23,1820,1256,06,001,404501,001,3.3576642335766427,30.98901098901099,06001404501
Census Tract 4045.02; Alameda County; California,227361.0,6110,2582,32,6110,4081,06,001,404502,001,1.2393493415956625,33.20785597381342,06001404502
Census Tract 4046; Alameda County; California,222617.0,4934,1935,72,4934,2981,06,001,404600,001,3.7209302325581395,39.58248885285772,06001404600
Census Tract 4047; Alameda County; California,250001.0,2187,849,0,2187,1555,06,001,404700,001,0.0,28.89803383630544,06001404700
Census Tract 4048; Alameda County; California,114083.0,2744,1145,255,2744,1606,06,001,404800,001,22.270742358078603,41.47230320699708,06001404800
Census Tract 4049; Alameda County; California,151860.0,4669,2041,187,4669,2816,06,001,404900,001,9.16217540421362,39.68729920753909,06001404900
Census Tract 4050; Alameda County; California,152857.0,3665,1580,79,3665,2126,06,001,405000,001,5.0,41.99181446111869,06001405000
Census Tract 4051; Alameda County; California,250001.0,4508,1702,17,4508,3015,06,001,405100,001,0.9988249118683901,33.118899733806565,06001405100
Census Tract 4052; Alameda County; California,105222.0,4913,2292,322,4913,1812,06,001,405200,001,14.048865619546246,63.118257683696314,06001405200
Census Tract 4053.01; Alameda County; California,112656.0,2872,1479,275,2872,1460,06,001,405301,001,18.593644354293442,49.16434540389972,06001405301
Census Tract 4053.02; Alameda County; California,63709.0,2559,1539,473,2559,884,06,001,405302,001,30.734243014944767,65.45525595935912,06001405302
Census Tract 4054.01; Alameda County; California,70231.0,3541,1584,415,3541,961,06,001,405401,001,26.19949494949495,72.86077379271391,06001405401
Census Tract 4054.02; Alameda County; California,61204.0,3673,1232,210,3673,880,06,001,405402,001,17.045454545454543,76.04138306561394,06001405402
Census Tract 4055; Alameda County; California,82222.0,3537,1610,315,3537,838,06,001,405500,001,19.565217391304348,76.3076053152389,06001405500
Census Tract 4056; Alameda County; California,80669.0,3044,1447,284,3044,1241,06,001,405600,001,19.62681409813407,59.23127463863338,06001405600
Census Tract 4057; Alameda County; California,74547.0,3522,1505,142,3522,609,06,001,405700,001,9.435215946843854,82.70868824531516,06001405700
Census Tract 4058; Alameda County; California,67222.0,4182,1342,105,4182,630,06,001,405800,001,7.824143070044709,84.93543758967002,06001405800
Census Tract 4059.01; Alameda County; California,51292.0,3757,1089,184,3757,434,06,001,405901,001,16.89623507805326,88.44822997072131,06001405901
Census Tract 4059.02; Alameda County; California,69097.0,3138,923,124,3138,407,06,001,405902,001,13.434452871072589,87.02995538559593,06001405902
Census Tract 4060; Alameda County; California,56763.0,4735,1816,438,4735,967,06,001,406000,001,24.11894273127753,79.57761351636748,06001406000
Census Tract 4061; Alameda County; California,64879.0,4939,1810,217,4939,1310,06,001,406100,001,11.988950276243093,73.4764122291962,06001406100
Census Tract 4062.01; Alameda County; California,50417.0,5072,1515,279,5072,385,06,001,406201,001,18.415841584158414,92.40930599369085,06001406201
Census Tract 4062.02; Alameda County; California,55000.0,4733,1350,372,4733,634,06,001,406202,001,27.555555555555557,86.60469047115994,06001406202
Census Tract 4063; Alameda County; California,62837.0,4556,1379,96,4556,683,06,001,406300,001,6.961566352429297,85.00877963125548,06001406300
Census Tract 4064; Alameda County; California,72955.0,2598,824,129,2598,747,06,001,406400,001,15.655339805825244,71.24711316397229,06001406400
Census Tract 4065; Alameda County; California,67717.0,6494,1920,226,6494,999,06,001,406500,001,11.770833333333334,84.6165691407453,06001406500
Census Tract 4066.01; Alameda County; California,75000.0,4531,1836,45,4531,1088,06,001,406601,001,2.450980392156863,75.98764069741779,06001406601
Census Tract 4066.02; Alameda County; California,58869.0,2540,925,149,2540,384,06,001,406602,001,16.10810810810811,84.88188976377953,06001406602
Census Tract 4067; Alameda County; California,143887.0,5380,2083,88,5380,2888,06,001,406700,001,4.224675948151704,46.319702602230485,06001406700
Census Tract 4068; Alameda County; California,131161.0,3971,1409,31,3971,1323,06,001,406800,001,2.2001419446415897,66.68345504910602,06001406800
Census Tract 4069; Alameda County; California,137943.0,3865,1579,92,3865,1611,06,001,406900,001,5.826472450918303,58.318240620957305,06001406900
Census Tract 4070; Alameda County; California,89755.0,6202,1995,208,6202,1223,06,001,407000,001,10.426065162907268,80.28055465978716,06001407000
Census Tract 4071.01; Alameda County; California,48281.0,4053,1133,129,4053,476,06,001,407101,001,11.385701676963812,88.25561312607945,06001407101
Census Tract 4071.02; Alameda County; California,70284.0,4268,1387,345,4268,339,06,001,407102,001,24.87382840663302,92.05716963448923,06001407102
Census Tract 4072; Alameda County; California,59937.0,6544,1843,278,6544,1311,06,001,407200,001,15.08410200759631,79.96638141809291,06001407200
Census Tract 4073; Alameda County; California,77813.0,2459,649,54,2459,409,06,001,407300,001,8.320493066255779,83.36722244814966,06001407300
Census Tract 4074; Alameda County; California,57961.0,4242,1273,199,4242,540,06,001,407400,001,15.632364493322859,87.27015558698727,06001407400
Census Tract 4075; Alameda County; California,46019.0,3988,1292,268,3988,374,06,001,407500,001,20.743034055727556,90.62186559679037,06001407500
Census Tract 4076; Alameda County; California,86761.0,6459,2043,73,6459,1716,06,001,407600,001,3.5731767009300053,73.43241987923828,06001407600
Census Tract 4077; Alameda County; California,116814.0,4238,1684,72,4238,2043,06,001,407700,001,4.275534441805226,51.79329872581406,06001407700
Census Tract 4078; Alameda County; California,113438.0,2769,744,53,2769,1213,06,001,407800,001,7.123655913978495,56.19357168652943,06001407800
Census Tract 4079; Alameda County; California,124523.0,3088,1349,10,3088,1623,06,001,407900,001,0.7412898443291327,47.44170984455959,06001407900
Census Tract 4080; Alameda County; California,192159.0,2860,1074,61,2860,1845,06,001,408000,001,5.679702048417132,35.48951048951049,06001408000
Census Tract 4081; Alameda County; California,166786.0,7313,2922,13,7313,2802,06,001,408100,001,0.44490075290896647,61.6846711335977,06001408100
Census Tract 4082; Alameda County; California,79821.0,4471,1922,325,4471,1315,06,001,408200,001,16.909469302809573,70.58823529411765,06001408200
Census Tract 4083; Alameda County; California,129295.0,4791,1856,98,4791,1323,06,001,408300,001,5.280172413793103,72.38572323105824,06001408300
Census Tract 4084; Alameda County; California,63994.0,4077,1339,223,4077,420,06,001,408400,001,16.654219566840926,89.69830757910228,06001408400
Census Tract 4085; Alameda County; California,61750.0,5634,1667,253,5634,171,06,001,408500,001,15.176964607078583,96.96485623003196,06001408500
Census Tract 4086; Alameda County; California,80114.0,6519,1995,75,6519,468,06,001,408600,001,3.7593984962406015,92.82098481362172,06001408600
Census Tract 4087; Alameda County; California,45500.0,7456,2664,248,7456,720,06,001,408700,001,9.30930930930931,90.34334763948499,06001408700
Census Tract 4088; Alameda County; California,44100.0,7968,2358,624,7968,561,06,001,408800,001,26.463104325699742,92.95933734939759,06001408800
Census Tract 4089; Alameda County; California,44077.0,3956,1133,153,3956,385,06,001,408900,001,13.503971756398942,90.26794742163801,06001408900
Census Tract 4090; Alameda County; California,70769.0,5039,1048,66,5039,261,06,001,409000,001,6.297709923664121,94.82040087318913,06001409000
Census Tract 4091; Alameda County; California,72204.0,2532,685,165,2532,351,06,001,409100,001,24.087591240875913,86.13744075829383,06001409100
Census Tract 4092; Alameda County; California,73621.0,3615,1031,80,3615,371,06,001,409200,001,7.75945683802134,89.73720608575381,06001409200
Census Tract 4093; Alameda County; California,56058.0,5743,1707,192,5743,296,06,001,409300,001,11.247803163444638,94.84589935573742,06001409300
Census Tract 4094; Alameda County; California,66602.0,4710,1335,79,4710,462,06,001,409400,001,5.917602996254682,90.19108280254777,06001409400
Census Tract 4095; Alameda County; California,54000.0,4291,1100,133,4291,689,06,001,409500,001,12.090909090909092,83.9431367979492,06001409500
Census Tract 4096; Alameda County; California,54012.0,5139,1751,158,5139,422,06,001,409600,001,9.023415191319247,91.78828565868847,06001409600
Census Tract 4097; Alameda County; California,47161.0,5240,1648,343,5240,720,06,001,409700,001,20.813106796116504,86.25954198473282,06001409700
Census Tract 4098; Alameda County; California,106023.0,3511,1185,174,3511,855,06,001,409800,001,14.683544303797468,75.6479635431501,06001409800
Census Tract 4099; Alameda County; California,176141.0,3983,1417,19,3983,1120,06,001,409900,001,1.340860973888497,71.8804920913884,06001409900
Census Tract 4100; Alameda County; California,154648.0,3177,1241,44,3177,1047,06,001,410000,001,3.5455278001611608,67.04438149197355,06001410000
Census Tract 4101; Alameda County; California,84135.0,3172,1143,95,3172,314,06,001,410100,001,8.31146106736658,90.10088272383354,06001410100
Census Tract 4102; Alameda County; California,75106.0,3238,1106,107,3238,377,06,001,410200,001,9.674502712477397,88.35701050030883,06001410200
Census Tract 4103; Alameda County; California,54698.0,3893,1063,99,3893,438,06,001,410300,001,9.313264346190028,88.74903673259696,06001410300
Census Tract 4104; Alameda County; California,82188.0,4687,1432,221,4687,365,06,001,410400,001,15.43296089385475,92.21250266695115,06001410400
Census Tract 4105; Alameda County; California,46031.0,3081,1003,237,3081,841,06,001,410500,001,23.629112662013956,72.7036676403765,06001410500
Census Tract 4201; Alameda County; California,188125.0,2631,1022,57,2631,1550,06,001,420100,001,5.577299412915851,41.087039148612696,06001420100
Census Tract 4202; Alameda County; California,140508.0,3275,1303,93,3275,1148,06,001,420200,001,7.13737528779739,64.94656488549619,06001420200
Census Tract 4203.01; Alameda County; California,113188.0,2645,1103,58,2645,1062,06,001,420301,001,5.258386219401632,59.848771266540645,06001420301
Census Tract 4203.02; Alameda County; California,121538.0,2446,944,107,2446,875,06,001,420302,001,11.334745762711865,64.227309893704,06001420302
Census Tract 4204.01; Alameda County; California,72708.0,1333,437,124,1333,537,06,001,420401,001,28.37528604118993,59.71492873218305,06001420401
Census Tract 4204.02; Alameda County; California,58835.0,1661,647,122,1661,682,06,001,420402,001,18.856259659969087,58.94039735099338,06001420402
Census Tract 4205; Alameda County; California,127000.0,2548,962,84,2548,1273,06,001,420500,001,8.731808731808732,50.0392464678179,06001420500
Census Tract 4206; Alameda County; California,169868.0,3488,1328,30,3488,2338,06,001,420600,001,2.2590361445783134,32.97018348623853,06001420600
Census Tract 4211; Alameda County; California,234243.0,2108,835,30,2108,1664,06,001,421100,001,3.592814371257485,21.062618595825427,06001421100
Census Tract 4212; Alameda County; California,247171.0,3557,1399,41,3557,2504,06,001,421200,001,2.9306647605432454,29.6035985380939,06001421200
Census Tract 4213; Alameda County; California,130500.0,4011,1808,69,4011,2980,06,001,421300,001,3.8163716814159288,25.704313138868113,06001421300
Census Tract 4214; Alameda County; California,208500.0,1638,620,25,1638,1276,06,001,421400,001,4.032258064516129,22.1001221001221,06001421400
Census Tract 4215; Alameda County; California,201950.0,4064,1565,32,4064,3335,06,001,421500,001,2.0447284345047922,17.937992125984252,06001421500
Census Tract 4216; Alameda County; California,218390.0,3854,1493,52,3854,2805,06,001,421600,001,3.4829202947086406,27.218474312402698,06001421600
Census Tract 4217; Alameda County; California,108339.0,3421,1669,231,3421,2342,06,001,421700,001,13.84062312762133,31.540485238234435,06001421700
Census Tract 4218; Alameda County; California,171168.0,2260,919,56,2260,1602,06,001,421800,001,6.093579978237215,29.11504424778761,06001421800
Census Tract 4219; Alameda County; California,160063.0,4141,1676,177,4141,2200,06,001,421900,001,10.560859188544153,46.87273605409322,06001421900
Census Tract 4220; Alameda County; California,140331.0,2453,1185,119,2453,1249,06,001,422000,001,10.042194092827005,49.08275580921321,06001422000
Census Tract 4221; Alameda County; California,124583.0,3200,1368,124,3200,1562,06,001,422100,001,9.064327485380117,51.1875,06001422100
Census Tract 4222; Alameda County; California,105750.0,3280,1424,161,3280,2097,06,001,422200,001,11.3061797752809,36.0670731707317,06001422200
Census Tract 4223; Alameda County; California,93750.0,3567,1654,393,3567,1976,06,001,422300,001,23.760580411124547,44.60330810204653,06001422300
Census Tract 4224; Alameda County; California,69717.0,4187,1853,622,4187,1943,06,001,422400,001,33.5671883432272,53.59445903988536,06001422400
Census Tract 4225; Alameda County; California,58558.0,4467,1667,363,4467,2150,06,001,422500,001,21.775644871025797,51.86926348779942,06001422500
Census Tract 4227; Alameda County; California,42417.0,4803,999,382,4803,2120,06,001,422700,001,38.23823823823824,55.86092025817197,06001422700
Census Tract 4228; Alameda County; California,26056.0,8980,1363,969,8980,3068,06,001,422800,001,71.09317681584739,65.83518930957683,06001422800
Census Tract 4229.01; Alameda County; California,49604.0,2024,849,373,2024,820,06,001,422901,001,43.93404004711425,59.48616600790514,06001422901
Census Tract 4229.02; Alameda County; California,,3022,1369,694,3022,1032,06,001,422902,001,50.69393718042367,65.8504301786896,06001422902
Census Tract 4230; Alameda County; California,86917.0,4549,1891,230,4549,2621,06,001,423000,001,12.162876784769963,42.38294130578149,06001423000
Census Tract 4231; Alameda County; California,61161.0,4275,2008,629,4275,1845,06,001,423100,001,31.324701195219124,56.84210526315789,06001423100
Census Tract 4232; Alameda County; California,80106.0,3003,1131,285,3003,1243,06,001,423200,001,25.198938992042443,58.60805860805861,06001423200
Census Tract 4233; Alameda County; California,83450.0,3476,1429,226,3476,1715,06,001,423300,001,15.815255423372987,50.66168009205983,06001423300
Census Tract 4234; Alameda County; California,107455.0,5551,2159,322,5551,2799,06,001,423400,001,14.91431218156554,49.57665285534138,06001423400
Census Tract 4235; Alameda County; California,89728.0,3540,1518,358,3540,2124,06,001,423500,001,23.583662714097496,40.0,06001423500
Census Tract 4236.01; Alameda County; California,155857.0,2738,1122,114,2738,1793,06,001,423601,001,10.16042780748663,34.51424397370344,06001423601
Census Tract 4236.02; Alameda County; California,59297.0,7198,2216,800,7198,3807,06,001,423602,001,36.101083032490976,47.11030841900528,06001423602
Census Tract 4237; Alameda County; California,108750.0,3606,1205,230,3606,2504,06,001,423700,001,19.08713692946058,30.56017748197449,06001423700
Census Tract 4238; Alameda County; California,191838.0,3425,1421,45,3425,2583,06,001,423800,001,3.166783954961295,24.583941605839417,06001423800
Census Tract 4239.01; Alameda County; California,105625.0,2258,859,128,2258,1305,06,001,423901,001,14.90104772991851,42.20549158547387,06001423901
Census Tract 4239.02; Alameda County; California,171583.0,1512,659,97,1512,1097,06,001,423902,001,14.719271623672231,27.447089947089946,06001423902
Census Tract 4240.01; Alameda County; California,87500.0,3631,1398,255,3631,1733,06,001,424001,001,18.240343347639485,52.2721013494905,06001424001
Census Tract 4240.02; Alameda County; California,103393.0,2663,1037,222,2663,1109,06,001,424002,001,21.407907425265186,58.355238452872705,06001424002
Census Tract 4251.01; Alameda County; California,81722.0,1754,1243,153,1754,978,06,001,425101,001,12.308930008045053,44.241733181299885,06001425101
Census Tract 4251.02; Alameda County; California,124375.0,3969,2291,357,3969,1262,06,001,425102,001,15.582714971628109,68.20357772738726,06001425102
Census Tract 4251.03; Alameda County; California,119301.0,3103,1721,147,3103,1040,06,001,425103,001,8.541545613015689,66.48404769577829,06001425103
Census Tract 4251.04; Alameda County; California,119083.0,4014,1978,395,4014,1812,06,001,425104,001,19.969666329625884,54.85799701046338,06001425104
Census Tract 4261; Alameda County; California,250001.0,6300,2137,10,6300,4420,06,001,426100,001,0.4679457182966776,29.841269841269842,06001426100
Census Tract 4262; Alameda County; California,250001.0,4861,1652,55,4861,3458,06,001,426200,001,3.3292978208232444,28.862373997119935,06001426200
Census Tract 4271; Alameda County; California,215045.0,4222,1375,0,4222,2542,06,001,427100,001,0.0,39.79156797726196,06001427100
Census Tract 4272; Alameda County; California,118571.0,4508,1602,146,4508,1682,06,001,427200,001,9.113607990012484,62.68855368234251,06001427200
Census Tract 4273; Alameda County; California,124432.0,5283,2015,169,5283,1905,06,001,427300,001,8.38709677419355,63.94094264622374,06001427300
Census Tract 4276; Alameda County; California,91820.0,4740,1882,270,4740,1484,06,001,427600,001,14.34643995749203,68.69198312236287,06001427600
Census Tract 4277; Alameda County; California,120804.0,5009,2173,365,5009,3224,06,001,427700,001,16.79705476300046,35.63585546017169,06001427700
Census Tract 4278; Alameda County; California,132647.0,4274,1778,156,4274,2322,06,001,427800,001,8.773903262092238,45.671502105755735,06001427800
Census Tract 4279; Alameda County; California,108691.0,4686,2009,214,4686,2654,06,001,427900,001,10.652065704330512,43.363209560392654,06001427900
Census Tract 4280; Alameda County; California,90750.0,2906,1261,51,2906,966,06,001,428000,001,4.044409199048374,66.75843083275981,06001428000
Census Tract 4281; Alameda County; California,155071.0,4866,1856,113,4866,2739,06,001,428100,001,6.088362068965517,43.711467324291,06001428100
Census Tract 4282; Alameda County; California,103333.0,6475,2712,148,6475,3543,06,001,428200,001,5.457227138643068,45.28185328185328,06001428200
Census Tract 4283.01; Alameda County; California,191875.0,7203,2326,30,7203,2113,06,001,428301,001,1.2897678417884781,70.66500069415521,06001428301
Census Tract 4283.02; Alameda County; California,225500.0,7022,2516,50,7022,3369,06,001,428302,001,1.987281399046105,52.02221589290801,06001428302
Census Tract 4284; Alameda County; California,94231.0,4756,1836,124,4756,1922,06,001,428400,001,6.753812636165578,59.5878889823381,06001428400
Census Tract 4285; Alameda County; California,138571.0,3302,1432,135,3302,1489,06,001,428500,001,9.427374301675979,54.906117504542706,06001428500
Census Tract 4286; Alameda County; California,116833.0,3235,1552,106,3235,1447,06,001,428600,001,6.829896907216495,55.27047913446677,06001428600
Census Tract 4287; Alameda County; California,117153.0,5078,1495,283,5078,1361,06,001,428700,001,18.929765886287626,73.19810949192596,06001428700
Census Tract 4301.01; Alameda County; California,204527.0,7034,2257,13,7034,2509,06,001,430101,001,0.5759858218874613,64.33039522320159,06001430101
Census Tract 4301.02; Alameda County; California,177250.0,2459,925,11,2459,1478,06,001,430102,001,1.1891891891891893,39.89426596177308,06001430102
Census Tract 4302; Alameda County; California,183182.0,7713,2372,62,7713,4133,06,001,430200,001,2.6138279932546373,46.41514326461817,06001430200
Census Tract 4303; Alameda County; California,169646.0,4290,1309,44,4290,2211,06,001,430300,001,3.361344537815126,48.46153846153846,06001430300
Census Tract 4304; Alameda County; California,206750.0,2155,711,29,2155,1051,06,001,430400,001,4.0787623066104075,51.22969837587007,06001430400
Census Tract 4305; Alameda County; California,99189.0,6250,2105,32,6250,2145,06,001,430500,001,1.520190023752969,65.68,06001430500
Census Tract 4306; Alameda County; California,144922.0,6244,2207,64,6244,2772,06,001,430600,001,2.899864068871772,55.60538116591929,06001430600
Census Tract 4307; Alameda County; California,115625.0,4085,1362,31,4085,1873,06,001,430700,001,2.276064610866373,54.149326805385556,06001430700
Census Tract 4308; Alameda County; California,98038.0,5814,2045,55,5814,2814,06,001,430800,001,2.689486552567237,51.59958720330238,06001430800
Census Tract 4309; Alameda County; California,105227.0,5214,1770,155,5214,1812,06,001,430900,001,8.757062146892656,65.24741081703107,06001430900
Census Tract 4310; Alameda County; California,87083.0,3091,1111,109,3091,943,06,001,431000,001,9.810981098109812,69.49207376253639,06001431000
Census Tract 4311; Alameda County; California,98255.0,3259,1282,105,3259,1266,06,001,431100,001,8.190327613104524,61.15372813746548,06001431100
Census Tract 4312; Alameda County; California,106250.0,5865,2462,240,5865,2359,06,001,431200,001,9.748172217709179,59.77834612105711,06001431200
Census Tract 4321; Alameda County; California,172278.0,3892,1353,32,3892,1472,06,001,432100,001,2.3651145602365116,62.17882836587872,06001432100
Census Tract 4322; Alameda County; California,94276.0,3987,1527,194,3987,1295,06,001,432200,001,12.704649639816633,67.51943817406571,06001432200
Census Tract 4323; Alameda County; California,154028.0,4874,1713,61,4874,1509,06,001,432300,001,3.561004086398132,69.03980303652031,06001432300
Census Tract 4324; Alameda County; California,82424.0,6346,1738,148,6346,2228,06,001,432400,001,8.51553509781358,64.89127009139615,06001432400
Census Tract 4325.01; Alameda County; California,112531.0,4892,1421,113,4892,1531,06,001,432501,001,7.952146375791696,68.7040065412919,06001432501
Census Tract 4325.02; Alameda County; California,97412.0,5126,1412,104,5126,973,06,001,432502,001,7.365439093484419,81.01833788529066,06001432502
Census Tract 4326.01; Alameda County; California,91767.0,4092,1767,251,4092,1080,06,001,432601,001,14.204867006225241,73.60703812316716,06001432601
Census Tract 4326.02; Alameda County; California,109274.0,3123,1276,126,3123,867,06,001,432602,001,9.87460815047022,72.23823246878001,06001432602
Census Tract 4327; Alameda County; California,92128.0,2755,980,14,2755,1624,06,001,432700,001,1.4285714285714286,41.05263157894737,06001432700
Census Tract 4328; Alameda County; California,135313.0,3862,1412,30,3862,1764,06,001,432800,001,2.1246458923512748,54.32418436043501,06001432800
Census Tract 4330; Alameda County; California,96237.0,3799,1354,49,3799,1618,06,001,433000,001,3.61890694239291,57.40984469597262,06001433000
Census Tract 4331.02; Alameda County; California,120577.0,4445,1304,45,4445,672,06,001,433102,001,3.4509202453987733,84.88188976377953,06001433102
Census Tract 4331.03; Alameda County; California,72813.0,3552,1400,89,3552,905,06,001,433103,001,6.357142857142857,74.5213963963964,06001433103
Census Tract 4331.04; Alameda County; California,75841.0,4398,1717,401,4398,1410,06,001,433104,001,23.35468841001747,67.93997271487041,06001433104
Census Tract 4332; Alameda County; California,78701.0,8120,2629,304,8120,1130,06,001,433200,001,11.563332065424117,86.08374384236454,06001433200
Census Tract 4333; Alameda County; California,103792.0,7367,1999,28,7367,1815,06,001,433300,001,1.4007003501750876,75.36310574182164,06001433300
Census Tract 4334; Alameda County; California,113633.0,6040,2157,97,6040,888,06,001,433400,001,4.49698655540102,85.2980132450331,06001433400
Census Tract 4335; Alameda County; California,86250.0,4311,1500,103,4311,1313,06,001,433500,001,6.866666666666667,69.54302945952216,06001433500
Census Tract 4336; Alameda County; California,85886.0,5844,2174,397,5844,1908,06,001,433600,001,18.26126954921803,67.35112936344969,06001433600
Census Tract 4337; Alameda County; California,81992.0,3125,980,24,3125,814,06,001,433700,001,2.4489795918367347,73.952,06001433700
Census Tract 4338.01; Alameda County; California,94254.0,3528,1072,41,3528,952,06,001,433801,001,3.824626865671642,73.01587301587301,06001433801
Census Tract 4338.02; Alameda County; California,100784.0,4301,1470,255,4301,639,06,001,433802,001,17.346938775510203,85.14299000232504,06001433802
Census Tract 4339; Alameda County; California,70552.0,7187,2294,139,7187,1313,06,001,433900,001,6.059285091543156,81.73090301934047,06001433900
Census Tract 4340; Alameda County; California,48023.0,5166,1666,287,5166,1521,06,001,434000,001,17.22689075630252,70.55749128919861,06001434000
Census Tract 4351.02; Alameda County; California,138859.0,6137,1643,9,6137,2169,06,001,435102,001,0.5477784540474742,64.65699853348542,06001435102
Census Tract 4351.03; Alameda County; California,232569.0,7774,2461,18,7774,2848,06,001,435103,001,0.731409995936611,63.36506303061486,06001435103
Census Tract 4351.04; Alameda County; California,112692.0,6856,2472,109,6856,1187,06,001,435104,001,4.409385113268608,82.68669778296382,06001435104
Census Tract 4352; Alameda County; California,134167.0,4647,1442,32,4647,1515,06,001,435200,001,2.219140083217753,67.39832149774048,06001435200
Census Tract 4353; Alameda County; California,89205.0,4812,1687,72,4812,1275,06,001,435300,001,4.267931238885596,73.50374064837905,06001435300
Census Tract 4354; Alameda County; California,80816.0,5048,1918,357,5048,1503,06,001,435400,001,18.613138686131386,70.2258320126783,06001435400
Census Tract 4355; Alameda County; California,75139.0,4153,1403,151,4153,1348,06,001,435500,001,10.762651461154668,67.54153623886347,06001435500
Census Tract 4356.01; Alameda County; California,81788.0,5449,1533,125,5449,1243,06,001,435601,001,8.153946510110893,77.18847494953202,06001435601
Census Tract 4356.02; Alameda County; California,86099.0,5671,1637,107,5671,2080,06,001,435602,001,6.536346976175931,63.322165402927176,06001435602
Census Tract 4357; Alameda County; California,98125.0,4819,1479,26,4819,1573,06,001,435700,001,1.757944557133198,67.35837310645361,06001435700
Census Tract 4358; Alameda County; California,100882.0,5687,1721,0,5687,1471,06,001,435800,001,0.0,74.13398980130121,06001435800
Census Tract 4359; Alameda County; California,113750.0,5290,1529,70,5290,2045,06,001,435900,001,4.578155657292348,61.342155009451794,06001435900
Census Tract 4360; Alameda County; California,111806.0,5114,1408,32,5114,2408,06,001,436000,001,2.272727272727273,52.913570590535784,06001436000
Census Tract 4361; Alameda County; California,104531.0,5765,1699,228,5765,1783,06,001,436100,001,13.419658622719247,69.07198612315698,06001436100
Census Tract 4362; Alameda County; California,72740.0,4128,1271,77,4128,1046,06,001,436200,001,6.058221872541306,74.6608527131783,06001436200
Census Tract 4363.01; Alameda County; California,149063.0,5255,1860,110,5255,927,06,001,436301,001,5.913978494623656,82.35965746907708,06001436301
Census Tract 4363.02; Alameda County; California,90833.0,3932,1304,126,3932,1028,06,001,436302,001,9.662576687116564,73.85554425228891,06001436302
Census Tract 4364.02; Alameda County; California,152917.0,2688,950,10,2688,1213,06,001,436402,001,1.0526315789473684,54.873511904761905,06001436402
Census Tract 4364.03; Alameda County; California,75179.0,4519,1607,103,4519,1528,06,001,436403,001,6.40945861854387,66.18720955963708,06001436403
Census Tract 4364.04; Alameda County; California,150903.0,3232,1186,18,3232,1588,06,001,436404,001,1.5177065767284992,50.866336633663366,06001436404
Census Tract 4365; Alameda County; California,85319.0,5289,1765,96,5289,1015,06,001,436500,001,5.4390934844192635,80.80922669691813,06001436500
Census Tract 4366.01; Alameda County; California,77982.0,6634,1913,109,6634,1783,06,001,436601,001,5.6978567694720335,73.12330419053362,06001436601
Census Tract 4366.02; Alameda County; California,92125.0,5255,1645,132,5255,751,06,001,436602,001,8.024316109422493,85.70884871550903,06001436602
Census Tract 4367; Alameda County; California,100242.0,3367,1150,20,3367,821,06,001,436700,001,1.7391304347826086,75.61627561627562,06001436700
Census Tract 4368; Alameda County; California,103567.0,4196,1357,87,4196,642,06,001,436800,001,6.411201179071481,84.69971401334604,06001436800
Census Tract 4369; Alameda County; California,96719.0,6403,1865,59,6403,1780,06,001,436900,001,3.1635388739946384,72.20053100109324,06001436900
Census Tract 4370; Alameda County; California,115273.0,3471,1113,69,3471,1119,06,001,437000,001,6.199460916442049,67.76145203111496,06001437000
Census Tract 4371.01; Alameda County; California,140682.0,7960,2270,91,7960,1165,06,001,437101,001,4.008810572687225,85.3643216080402,06001437101
Census Tract 4371.02; Alameda County; California,82443.0,4457,1509,156,4457,627,06,001,437102,001,10.337972166998012,85.93224141799418,06001437102
Census Tract 4372; Alameda County; California,100946.0,8491,2616,151,8491,1496,06,001,437200,001,5.77217125382263,82.38134495348015,06001437200
Census Tract 4373; Alameda County; California,59847.0,3135,1050,213,3135,564,06,001,437300,001,20.285714285714285,82.00956937799043,06001437300
Census Tract 4374; Alameda County; California,88750.0,3733,1064,43,3733,858,06,001,437400,001,4.041353383458646,77.01580498258774,06001437400
Census Tract 4375; Alameda County; California,84531.0,4172,1166,137,4172,941,06,001,437500,001,11.749571183533448,77.44487056567594,06001437500
Census Tract 4376; Alameda County; California,112742.0,3455,902,84,3455,612,06,001,437600,001,9.312638580931264,82.28654124457309,06001437600
Census Tract 4377.01; Alameda County; California,69592.0,3597,1019,34,3597,715,06,001,437701,001,3.3366045142296366,80.1223241590214,06001437701
Census Tract 4377.02; Alameda County; California,82034.0,3880,1026,22,3880,480,06,001,437702,001,2.144249512670565,87.62886597938144,06001437702
Census Tract 4378; Alameda County; California,145962.0,4940,1346,101,4940,1115,06,001,437800,001,7.5037147102526,77.42914979757086,06001437800
Census Tract 4379; Alameda County; California,88700.0,2032,670,53,2032,442,06,001,437900,001,7.91044776119403,78.24803149606299,06001437900
Census Tract 4380; Alameda County; California,110481.0,3645,1147,88,3645,911,06,001,438000,001,7.672188317349608,75.00685871056241,06001438000
Census Tract 4381; Alameda County; California,154318.0,7953,2262,17,7953,1697,06,001,438100,001,0.7515473032714411,78.66214007292845,06001438100
Census Tract 4382.01; Alameda County; California,105504.0,4895,1205,70,4895,797,06,001,438201,001,5.809128630705394,83.71807967313585,06001438201
Census Tract 4382.03; Alameda County; California,128568.0,4091,1207,85,4091,1060,06,001,438203,001,7.042253521126761,74.0894646785627,06001438203
Census Tract 4382.04; Alameda County; California,98194.0,6371,1987,83,6371,805,06,001,438204,001,4.177151484650227,87.36462093862815,06001438204
Census Tract 4383; Alameda County; California,120469.0,3899,862,15,3899,555,06,001,438300,001,1.740139211136891,85.76558091818414,06001438300
Census Tract 4384; Alameda County; California,98625.0,2671,743,45,2671,493,06,001,438400,001,6.056527590847914,81.54249344814676,06001438400
Census Tract 4401; Alameda County; California,104271.0,2661,1013,162,2661,1165,06,001,440100,001,15.992102665350444,56.2194663660278,06001440100
Census Tract 4402; Alameda County; California,114653.0,5641,1439,24,5641,837,06,001,440200,001,1.6678248783877692,85.16220528275127,06001440200
Census Tract 4403.01; Alameda County; California,122093.0,7074,2096,150,7074,2491,06,001,440301,001,7.15648854961832,64.7865422674583,06001440301
Census Tract 4403.04; Alameda County; California,135392.0,4662,1350,42,4662,533,06,001,440304,001,3.111111111111111,88.56713856713857,06001440304
Census Tract 4403.05; Alameda County; California,156528.0,4064,1013,5,4064,927,06,001,440305,001,0.4935834155972359,77.18996062992126,06001440305
Census Tract 4403.06; Alameda County; California,108155.0,3787,1015,11,3787,390,06,001,440306,001,1.083743842364532,89.7016107736995,06001440306
Census Tract 4403.07; Alameda County; California,117938.0,4481,1495,92,4481,795,06,001,440307,001,6.153846153846154,82.25842445882616,06001440307
Census Tract 4403.08; Alameda County; California,108403.0,6011,1936,387,6011,946,06,001,440308,001,19.9896694214876,84.26218599234736,06001440308
Census Tract 4403.31; Alameda County; California,128929.0,3276,926,36,3276,462,06,001,440331,001,3.8876889848812093,85.8974358974359,06001440331
Census Tract 4403.32; Alameda County; California,184620.0,3203,897,24,3203,323,06,001,440332,001,2.6755852842809364,89.91570402747425,06001440332
Census Tract 4403.33; Alameda County; California,113313.0,2732,877,24,2732,223,06,001,440333,001,2.7366020524515395,91.83748169838945,06001440333
Census Tract 4403.34; Alameda County; California,146523.0,4041,1039,33,4041,563,06,001,440334,001,3.1761308950914344,86.06780499876268,06001440334
Census Tract 4403.36; Alameda County; California,155625.0,4248,1305,75,4248,674,06,001,440336,001,5.747126436781609,84.1337099811676,06001440336
Census Tract 4403.37; Alameda County; California,250001.0,2852,734,0,2852,207,06,001,440337,001,0.0,92.74193548387096,06001440337
Census Tract 4403.38; Alameda County; California,144850.0,4095,1657,89,4095,1003,06,001,440338,001,5.371152685576343,75.50671550671551,06001440338
Census Tract 4411; Alameda County; California,154432.0,4632,1811,74,4632,2246,06,001,441100,001,4.086140254003314,51.51122625215889,06001441100
Census Tract 4412; Alameda County; California,158446.0,7354,2592,38,7354,2674,06,001,441200,001,1.4660493827160492,63.638836007614906,06001441200
Census Tract 4413.01; Alameda County; California,160714.0,3330,1220,43,3330,811,06,001,441301,001,3.524590163934426,75.64564564564564,06001441301
Census Tract 4413.02; Alameda County; California,208590.0,5828,1876,79,5828,986,06,001,441302,001,4.211087420042644,83.08167467398765,06001441302
Census Tract 4414.01; Alameda County; California,172083.0,7549,2367,62,7549,1535,06,001,441401,001,2.619349387410224,79.66618095111936,06001441401
Census Tract 4414.02; Alameda County; California,180938.0,5344,1796,68,5344,1004,06,001,441402,001,3.78619153674833,81.2125748502994,06001441402
Census Tract 4415.01; Alameda County; California,184967.0,5723,1663,9,5723,511,06,001,441501,001,0.5411906193625977,91.07111654726542,06001441501
Census Tract 4415.03; Alameda County; California,221094.0,7416,2268,22,7416,592,06,001,441503,001,0.9700176366843033,92.01725997842503,06001441503
Census Tract 4415.21; Alameda County; California,229318.0,6016,1832,53,6016,714,06,001,441521,001,2.8930131004366815,88.13164893617021,06001441521
Census Tract 4415.22; Alameda County; California,178182.0,5275,1466,38,5275,1118,06,001,441522,001,2.592087312414734,78.80568720379148,06001441522
Census Tract 4415.23; Alameda County; California,178417.0,4264,1417,16,4264,501,06,001,441523,001,1.1291460832745237,88.25046904315197,06001441523
Census Tract 4415.24; Alameda County; California,247656.0,4111,1247,37,4111,224,06,001,441524,001,2.967121090617482,94.55120408659694,06001441524
Census Tract 4415.25; Alameda County; California,186354.0,1603,587,63,1603,110,06,001,441525,001,10.732538330494037,93.13786650031192,06001441525
Census Tract 4416.01; Alameda County; California,189667.0,4774,1544,24,4774,1617,06,001,441601,001,1.5544041450777202,66.12903225806451,06001441601
Census Tract 4416.02; Alameda County; California,121667.0,7509,2276,121,7509,2420,06,001,441602,001,5.31634446397188,67.7720069250233,06001441602
Census Tract 4417.01; Alameda County; California,133606.0,3884,1211,150,3884,455,06,001,441701,001,12.386457473162675,88.2852729145211,06001441701
Census Tract 4417.02; Alameda County; California,99181.0,5037,2085,150,5037,1420,06,001,441702,001,7.194244604316546,71.8086162398253,06001441702
Census Tract 4418; Alameda County; California,152667.0,6209,2248,137,6209,2066,06,001,441800,001,6.094306049822064,66.72572072797553,06001441800
Census Tract 4419.21; Alameda County; California,163468.0,3849,1286,0,3849,989,06,001,441921,001,0.0,74.30501428942583,06001441921
Census Tract 4419.23; Alameda County; California,132810.0,5777,2233,228,5777,767,06,001,441923,001,10.210479175996417,86.72321274017656,06001441923
Census Tract 4419.24; Alameda County; California,177589.0,7199,2542,69,7199,1238,06,001,441924,001,2.7143981117230527,82.80316710654257,06001441924
Census Tract 4419.26; Alameda County; California,112941.0,4210,1640,109,4210,745,06,001,441926,001,6.646341463414634,82.3040380047506,06001441926
Census Tract 4419.27; Alameda County; California,131792.0,4229,1565,235,4229,902,06,001,441927,001,15.015974440894569,78.67108063371955,06001441927
Census Tract 4419.28; Alameda County; California,151902.0,3736,1477,77,3736,675,06,001,441928,001,5.213270142180095,81.93254817987152,06001441928
Census Tract 4419.29; Alameda County; California,126111.0,3064,1510,265,3064,717,06,001,441929,001,17.549668874172188,76.59921671018277,06001441929
Census Tract 4420; Alameda County; California,189821.0,2979,957,0,2979,629,06,001,442000,001,0.0,78.88553205773749,06001442000
Census Tract 4421; Alameda County; California,227949.0,5327,1592,6,5327,473,06,001,442100,001,0.37688442211055273,91.12070583818284,06001442100
Census Tract 4422; Alameda County; California,231679.0,7293,2199,64,7293,1106,06,001,442200,001,2.910413824465666,84.8347730700672,06001442200
Census Tract 4423.01; Alameda County; California,148590.0,5397,1525,69,5397,1519,06,001,442301,001,4.524590163934426,71.85473411154345,06001442301
Census Tract 4423.02; Alameda County; California,147684.0,6186,2223,242,6186,1048,06,001,442302,001,10.886189833558255,83.05851923698675,06001442302
Census Tract 4424; Alameda County; California,124886.0,6417,1983,41,6417,1857,06,001,442400,001,2.0675743822491177,71.06124357176252,06001442400
Census Tract 4425.01; Alameda County; California,91867.0,3280,1051,50,3280,669,06,001,442501,001,4.757373929590866,79.60365853658537,06001442501
Census Tract 4425.02; Alameda County; California,157760.0,3866,1080,20,3866,838,06,001,442502,001,1.8518518518518516,78.32384893947231,06001442502
Census Tract 4426.01; Alameda County; California,159000.0,3924,1210,65,3924,1214,06,001,442601,001,5.371900826446281,69.06218144750255,06001442601
Census Tract 4426.02; Alameda County; California,136513.0,4663,1619,179,4663,1488,06,001,442602,001,11.056207535515751,68.08921295303453,06001442602
Census Tract 4427; Alameda County; California,191760.0,3139,1039,54,3139,1025,06,001,442700,001,5.19730510105871,67.34628862695125,06001442700
Census Tract 4428; Alameda County; California,169310.0,3115,922,3,3115,849,06,001,442800,001,0.32537960954446854,72.74478330658106,06001442800
Census Tract 4429; Alameda County; California,172578.0,7780,2290,68,7780,1203,06,001,442900,001,2.96943231441048,84.53727506426735,06001442900
Census Tract 4430.01; Alameda County; California,149803.0,2762,834,26,2762,632,06,001,443001,001,3.117505995203837,77.11803041274439,06001443001
Census Tract 4430.02; Alameda County; California,134309.0,6599,1967,21,6599,1181,06,001,443002,001,1.0676156583629894,82.10334899227155,06001443002
Census Tract 4431.02; Alameda County; California,229008.0,4816,1518,10,4816,610,06,001,443102,001,0.6587615283267457,87.33388704318938,06001443102
Census Tract 4431.03; Alameda County; California,233906.0,4125,1227,32,4125,787,06,001,443103,001,2.6079869600651997,80.92121212121212,06001443103
Census Tract 4431.04; Alameda County; California,205515.0,5567,1679,44,5567,781,06,001,443104,001,2.620607504466945,85.97089994611102,06001443104
Census Tract 4431.05; Alameda County; California,225795.0,4668,1457,48,4668,517,06,001,443105,001,3.2944406314344548,88.92459297343616,06001443105
Census Tract 4432; Alameda County; California,250001.0,3611,1131,8,3611,531,06,001,443200,001,0.707338638373121,85.29493215175852,06001443200
Census Tract 4433.01; Alameda County; California,240927.0,4399,1277,37,4399,791,06,001,443301,001,2.8974158183241974,82.0186406001364,06001443301
Census Tract 4433.21; Alameda County; California,132188.0,3372,1138,26,3372,182,06,001,443321,001,2.2847100175746924,94.60260972716489,06001443321
Census Tract 4433.22; Alameda County; California,203906.0,3311,981,46,3311,727,06,001,443322,001,4.689092762487258,78.04288734521293,06001443322
Census Tract 4441; Alameda County; California,158011.0,7211,2601,159,7211,2581,06,001,444100,001,6.113033448673587,64.2074608237415,06001444100
Census Tract 4442; Alameda County; California,161307.0,6782,2027,33,6782,1783,06,001,444200,001,1.6280217069560927,73.70982011206134,06001444200
Census Tract 4443.01; Alameda County; California,184583.0,3698,1161,40,3698,1301,06,001,444301,001,3.4453057708871664,64.81882098431585,06001444301
Census Tract 4443.03; Alameda County; California,,0,0,0,0,0,06,001,444303,001,,,06001444303
Census Tract 4443.04; Alameda County; California,189750.0,6408,1958,15,6408,946,06,001,444304,001,0.7660878447395302,85.23720349563047,06001444304
Census Tract 4444; Alameda County; California,109107.0,5367,1476,125,5367,1169,06,001,444400,001,8.468834688346885,78.21874417738029,06001444400
Census Tract 4445; Alameda County; California,148750.0,6988,1944,14,6988,2131,06,001,444500,001,0.720164609053498,69.50486548368632,06001444500
Census Tract 4446.01; Alameda County; California,213021.0,6081,1812,20,6081,1353,06,001,444601,001,1.1037527593818985,77.7503700049334,06001444601
Census Tract 4446.02; Alameda County; California,175250.0,4935,1826,92,4935,980,06,001,444602,001,5.038335158817087,80.1418439716312,06001444602
Census Tract 4501.01; Alameda County; California,166898.0,6883,2613,74,6883,1710,06,001,450101,001,2.8319938767699964,75.15618189742844,06001450101
Census Tract 4501.02; Alameda County; California,189975.0,7376,1815,64,7376,1755,06,001,450102,001,3.5261707988980713,76.20661605206074,06001450102
Census Tract 4502; Alameda County; California,107111.0,5272,2447,97,5272,2507,06,001,450200,001,3.9640375970576214,52.44688922610015,06001450200
Census Tract 4503; Alameda County; California,136875.0,5374,1879,103,5374,2845,06,001,450300,001,5.481639169771155,47.0599181243022,06001450300
Census Tract 4504; Alameda County; California,151272.0,7886,2692,26,7886,3116,06,001,450400,001,0.9658246656760773,60.48693887902612,06001450400
Census Tract 4505.01; Alameda County; California,186000.0,3400,1284,45,3400,1933,06,001,450501,001,3.5046728971962615,43.14705882352941,06001450501
Census Tract 4505.02; Alameda County; California,202003.0,6266,2039,37,6266,2673,06,001,450502,001,1.8146150073565472,57.34120651133099,06001450502
Census Tract 4506.01; Alameda County; California,230517.0,3666,1352,6,3666,1931,06,001,450601,001,0.4437869822485207,47.326786688488816,06001450601
Census Tract 4506.03; Alameda County; California,202238.0,4897,1475,0,4897,2195,06,001,450603,001,0.0,55.17663875842352,06001450603
Census Tract 4506.04; Alameda County; California,180125.0,4993,1706,42,4993,2960,06,001,450604,001,2.4618991793669402,40.71700380532746,06001450604
Census Tract 4506.05; Alameda County; California,182500.0,3814,1344,27,3814,1997,06,001,450605,001,2.0089285714285716,47.640272679601466,06001450605
Census Tract 4506.06; Alameda County; California,235150.0,6028,2049,42,6028,3086,06,001,450606,001,2.049780380673499,48.80557398805574,06001450606
Census Tract 4506.07; Alameda County; California,98214.0,5182,2302,270,5182,1896,06,001,450607,001,11.728931364031277,63.411810111925895,06001450607
Census Tract 4506.08; Alameda County; California,250001.0,4658,1404,36,4658,2087,06,001,450608,001,2.564102564102564,55.19536281665951,06001450608
Census Tract 4506.09; Alameda County; California,152857.0,4928,1916,64,4928,2586,06,001,450609,001,3.3402922755741122,47.52435064935065,06001450609
Census Tract 4507.01; Alameda County; California,250001.0,8738,2663,0,8738,4277,06,001,450701,001,0.0,51.05287251087205,06001450701
Census Tract 4507.41; Alameda County; California,165000.0,5742,1964,155,5742,2892,06,001,450741,001,7.892057026476579,49.63427377220481,06001450741
Census Tract 4507.42; Alameda County; California,172760.0,5495,2113,125,5495,2831,06,001,450742,001,5.915759583530526,48.48043676069154,06001450742
Census Tract 4507.43; Alameda County; California,155274.0,7435,2832,111,7435,1665,06,001,450743,001,3.919491525423729,77.60591795561534,06001450743
Census Tract 4507.44; Alameda County; California,193214.0,5818,2040,75,5818,2885,06,001,450744,001,3.6764705882352944,50.41251289102785,06001450744
Census Tract 4507.45; Alameda County; California,200729.0,6295,2255,100,6295,2346,06,001,450745,001,4.434589800443459,62.732327243844324,06001450745
Census Tract 4507.46; Alameda County; California,171736.0,3229,1173,65,3229,1917,06,001,450746,001,5.541346973572037,40.63177454320223,06001450746
Census Tract 4507.50; Alameda County; California,153929.0,6858,2666,158,6858,1421,06,001,450750,001,5.926481620405101,79.27967337416156,06001450750
Census Tract 4507.51; Alameda County; California,250001.0,12662,3573,8,12662,1792,06,001,450751,001,0.22390148334732718,85.84741746959406,06001450751
Census Tract 4507.52; Alameda County; California,250001.0,9631,2806,54,9631,1643,06,001,450752,001,1.924447612259444,82.94050462049631,06001450752
Census Tract 4511.02; Alameda County; California,246100.0,3950,1266,8,3950,3120,06,001,451102,001,0.631911532385466,21.012658227848103,06001451102
Census Tract 4511.03; Alameda County; California,250001.0,1361,383,0,1361,1232,06,001,451103,001,0.0,9.478324761204997,06001451103
Census Tract 4511.04; Alameda County; California,177210.0,7164,2172,113,7164,4123,06,001,451104,001,5.202578268876612,42.44835287548855,06001451104
Census Tract 4512.01; Alameda County; California,109593.0,7569,2744,155,7569,4478,06,001,451201,001,5.64868804664723,40.83762716342978,06001451201
Census Tract 4512.02; Alameda County; California,170459.0,5482,2112,23,5482,2975,06,001,451202,001,1.0890151515151516,45.73148485954031,06001451202
Census Tract 4513; Alameda County; California,119928.0,6393,2359,215,6393,4146,06,001,451300,001,9.114031369224247,35.14781792585641,06001451300
Census Tract 4514.01; Alameda County; California,113639.0,6166,2250,52,6166,2864,06,001,451401,001,2.311111111111111,53.55173532273759,06001451401
Census Tract 4514.03; Alameda County; California,180197.0,2184,763,14,2184,1446,06,001,451403,001,1.834862385321101,33.791208791208796,06001451403
Census Tract 4514.04; Alameda County; California,105387.0,6631,2146,167,6631,3521,06,001,451404,001,7.781919850885369,46.90091992158045,06001451404
Census Tract 4515.01; Alameda County; California,168580.0,4496,1759,113,4496,2977,06,001,451501,001,6.424104604889141,33.7855871886121,06001451501
Census Tract 4515.03; Alameda County; California,166898.0,6104,2170,147,6104,3531,06,001,451503,001,6.774193548387098,42.15268676277851,06001451503
Census Tract 4515.04; Alameda County; California,162083.0,1539,536,28,1539,766,06,001,451504,001,5.223880597014925,50.227420402859,06001451504
Census Tract 4515.05; Alameda County; California,221417.0,3159,1189,0,3159,2296,06,001,451505,001,0.0,27.31877176321621,06001451505
Census Tract 4515.06; Alameda County; California,123571.0,3548,984,3,3548,1587,06,001,451506,001,0.3048780487804878,55.27057497181511,06001451506
Census Tract 4516.01; Alameda County; California,194662.0,5367,1786,20,5367,3957,06,001,451601,001,1.1198208286674132,26.271660145332586,06001451601
Census Tract 4516.02; Alameda County; California,140909.0,6909,2656,165,6909,5075,06,001,451602,001,6.212349397590362,26.545086119554206,06001451602
Census Tract 4517.01; Alameda County; California,186991.0,2936,1039,69,2936,1764,06,001,451701,001,6.641000962463909,39.91825613079019,06001451701
Census Tract 4517.03; Alameda County; California,194607.0,3827,1321,25,3827,2578,06,001,451703,001,1.8925056775170326,32.6365299189966,06001451703
Census Tract 4517.04; Alameda County; California,149875.0,4320,1566,20,4320,3305,06,001,451704,001,1.277139208173691,23.49537037037037,06001451704
Census Tract 9819; Alameda County; California,,25,15,0,25,25,06,001,981900,001,0.0,0.0,06001981900
Census Tract 9820; Alameda County; California,129167.0,50,32,4,50,25,06,001,982000,001,12.5,50.0,06001982000
Census Tract 9821; Alameda County; California,,923,20,0,923,349,06,001,982100,001,0.0,62.188515709642466,06001982100
Census Tract 9832; Alameda County; California,176103.0,896,535,11,896,515,06,001,983200,001,2.0560747663551404,42.52232142857143,06001983200
Census Tract 9900; Alameda County; California,,0,0,0,0,0,06,001,990000,001,,,06001990000
Census Tract 3010; Contra Costa County; California,108882.0,5329,1915,58,5329,3543,06,013,301000,013,3.028720626631854,33.514730718708954,06013301000
Census Tract 3020.05; Contra Costa County; California,95269.0,7539,2279,98,7539,4819,06,013,302005,013,4.300131636682756,36.07905557766282,06013302005
Census Tract 3020.06; Contra Costa County; California,136106.0,4183,1305,55,4183,2176,06,013,302006,013,4.21455938697318,47.979918718623,06013302006
Census Tract 3020.07; Contra Costa County; California,94507.0,6652,1989,139,6652,4139,06,013,302007,013,6.988436400201106,37.778111846061336,06013302007
Census Tract 3020.09; Contra Costa County; California,126151.0,6806,2111,52,6806,1799,06,013,302009,013,2.46328754144955,73.56744049368204,06013302009
Census Tract 3020.11; Contra Costa County; California,128703.0,4915,1451,68,4915,1632,06,013,302011,013,4.686423156443833,66.79552390640895,06013302011
Census Tract 3020.12; Contra Costa County; California,144597.0,5810,1556,62,5810,2666,06,013,302012,013,3.984575835475578,54.11359724612736,06013302012
Census Tract 3020.13; Contra Costa County; California,148003.0,2961,1076,0,2961,1987,06,013,302013,013,0.0,32.894292468760554,06013302013
Census Tract 3020.14; Contra Costa County; California,139369.0,7602,2335,34,7602,4116,06,013,302014,013,1.4561027837259102,45.85635359116022,06013302014
Census Tract 3031.04; Contra Costa County; California,139292.0,6060,1820,11,6060,3199,06,013,303104,013,0.6043956043956045,47.211221122112214,06013303104
Census Tract 3031.05; Contra Costa County; California,111291.0,3326,930,76,3326,1671,06,013,303105,013,8.172043010752688,49.75947083583885,06013303105
Census Tract 3031.06; Contra Costa County; California,101985.0,8245,2401,78,8245,3385,06,013,303106,013,3.248646397334444,58.94481503941783,06013303106
Census Tract 3031.07; Contra Costa County; California,120026.0,7260,2171,63,7260,3122,06,013,303107,013,2.901888530631046,56.99724517906336,06013303107
Census Tract 3032.02; Contra Costa County; California,164952.0,9146,2715,42,9146,5034,06,013,303202,013,1.5469613259668509,44.959545156352505,06013303202
Census Tract 3032.04; Contra Costa County; California,118487.0,4735,1716,166,4735,3201,06,013,303204,013,9.673659673659674,32.397043294614576,06013303204
Census Tract 3032.06; Contra Costa County; California,156513.0,5452,1490,66,5452,2639,06,013,303206,013,4.429530201342282,51.59574468085106,06013303206
Census Tract 3032.07; Contra Costa County; California,110563.0,8270,2106,35,8270,2444,06,013,303207,013,1.6619183285849954,70.44740024183797,06013303207
Census Tract 3032.08; Contra Costa County; California,128309.0,4060,1636,10,4060,2781,06,013,303208,013,0.6112469437652812,31.502463054187192,06013303208
Census Tract 3032.09; Contra Costa County; California,138854.0,5340,1478,48,5340,1566,06,013,303209,013,3.247631935047361,70.67415730337079,06013303209
Census Tract 3032.10; Contra Costa County; California,100994.0,3598,1853,78,3598,3030,06,013,303210,013,4.209390178089585,15.786548082267926,06013303210
Census Tract 3032.11; Contra Costa County; California,163209.0,4679,1530,10,4679,2867,06,013,303211,013,0.6535947712418301,38.726223552041034,06013303211
Census Tract 3040.01; Contra Costa County; California,187105.0,5895,2090,28,5895,3617,06,013,304001,013,1.3397129186602872,38.64291772688719,06013304001
Census Tract 3040.02; Contra Costa County; California,78304.0,1997,577,17,1997,1289,06,013,304002,013,2.946273830155979,35.45317976965448,06013304002
Census Tract 3040.03; Contra Costa County; California,126232.0,3279,1456,28,3279,2476,06,013,304003,013,1.9230769230769231,24.48917352851479,06013304003
Census Tract 3040.04; Contra Costa County; California,136438.0,3634,1527,21,3634,2974,06,013,304004,013,1.37524557956778,18.161805173362687,06013304004
Census Tract 3040.06; Contra Costa County; California,200990.0,3292,1050,0,3292,2233,06,013,304006,013,0.0,32.16889428918591,06013304006
Census Tract 3040.07; Contra Costa County; California,146806.0,5509,1502,83,5509,3415,06,013,304007,013,5.525965379494008,38.01052822653839,06013304007
Census Tract 3050; Contra Costa County; California,56620.0,7425,2353,354,7425,2726,06,013,305000,013,15.044623884402892,63.28619528619529,06013305000
Census Tract 3060.02; Contra Costa County; California,100132.0,4439,1473,12,4439,1929,06,013,306002,013,0.8146639511201629,56.544266726740254,06013306002
Census Tract 3060.03; Contra Costa County; California,59275.0,5166,1825,157,5166,1903,06,013,306003,013,8.602739726027398,63.16298877274487,06013306003
Census Tract 3060.04; Contra Costa County; California,90495.0,3863,1300,42,3863,1850,06,013,306004,013,3.230769230769231,52.10975925446544,06013306004
Census Tract 3071.01; Contra Costa County; California,75139.0,4696,1555,61,4696,2315,06,013,307101,013,3.922829581993569,50.702725724020446,06013307101
Census Tract 3071.02; Contra Costa County; California,75532.0,5694,1900,179,5694,1515,06,013,307102,013,9.421052631578947,73.39304531085354,06013307102
Census Tract 3072.01; Contra Costa County; California,61196.0,4224,1154,92,4224,1334,06,013,307201,013,7.9722703639514725,68.41856060606061,06013307201
Census Tract 3072.02; Contra Costa County; California,48125.0,4481,1521,185,4481,843,06,013,307202,013,12.163050624589086,81.18723499218923,06013307202
Census Tract 3072.04; Contra Costa County; California,101549.0,4567,1515,27,4567,1895,06,013,307204,013,1.782178217821782,58.50667834464638,06013307204
Census Tract 3072.05; Contra Costa County; California,70419.0,7818,2800,176,7818,3134,06,013,307205,013,6.2857142857142865,59.913021233051936,06013307205
Census Tract 3080.01; Contra Costa County; California,88908.0,7523,2869,43,7523,3115,06,013,308001,013,1.4987800627396306,58.593646151801146,06013308001
Census Tract 3080.02; Contra Costa County; California,123882.0,4486,1501,67,4486,1428,06,013,308002,013,4.463690872751499,68.16763263486402,06013308002
Census Tract 3090; Contra Costa County; California,73025.0,3600,1375,97,3600,1143,06,013,309000,013,7.054545454545455,68.25,06013309000
Census Tract 3100; Contra Costa County; California,67054.0,6257,1988,334,6257,1797,06,013,310000,013,16.800804828973842,71.2801662138405,06013310000
Census Tract 3110; Contra Costa County; California,74667.0,5392,1478,43,5392,1226,06,013,311000,013,2.9093369418132613,77.26261127596439,06013311000
Census Tract 3120; Contra Costa County; California,49125.0,2818,781,130,2818,438,06,013,312000,013,16.645326504481435,84.45706174591909,06013312000
Census Tract 3131.02; Contra Costa County; California,95707.0,4796,1568,140,4796,1170,06,013,313102,013,8.928571428571429,75.604670558799,06013313102
Census Tract 3131.04; Contra Costa County; California,55476.0,2909,990,145,2909,1153,06,013,313104,013,14.646464646464647,60.364386387074596,06013313104
Census Tract 3131.05; Contra Costa County; California,76108.0,6007,2053,104,6007,1923,06,013,313105,013,5.065757428153921,67.98734809389046,06013313105
Census Tract 3131.06; Contra Costa County; California,133548.0,7094,2130,0,7094,3025,06,013,313106,013,0.0,57.35833098393008,06013313106
Census Tract 3131.07; Contra Costa County; California,140227.0,2718,852,0,2718,1161,06,013,313107,013,0.0,57.284768211920536,06013313107
Census Tract 3132.03; Contra Costa County; California,125694.0,3382,1012,11,3382,1015,06,013,313203,013,1.0869565217391304,69.98817267888823,06013313203
Census Tract 3132.04; Contra Costa County; California,93006.0,5864,1927,69,5864,2038,06,013,313204,013,3.5806953814218994,65.24556616643929,06013313204
Census Tract 3132.05; Contra Costa County; California,106317.0,1978,545,18,1978,408,06,013,313205,013,3.302752293577982,79.37310414560162,06013313205
Census Tract 3132.06; Contra Costa County; California,81090.0,6290,1604,62,6290,1449,06,013,313206,013,3.865336658354115,76.96343402225754,06013313206
Census Tract 3141.02; Contra Costa County; California,93199.0,6912,1923,145,6912,1628,06,013,314102,013,7.540301612064483,76.44675925925925,06013314102
Census Tract 3141.03; Contra Costa County; California,77679.0,5554,1513,0,5554,1170,06,013,314103,013,0.0,78.93410154843356,06013314103
Census Tract 3141.05; Contra Costa County; California,89175.0,3958,1265,99,3958,1230,06,013,314105,013,7.82608695652174,68.92369883779686,06013314105
Census Tract 3141.06; Contra Costa County; California,68352.0,4176,997,45,4176,455,06,013,314106,013,4.513540621865597,89.1044061302682,06013314106
Census Tract 3142; Contra Costa County; California,70750.0,7185,1747,46,7185,1883,06,013,314200,013,2.633085289066972,73.79262352122478,06013314200
Census Tract 3150; Contra Costa County; California,94737.0,3772,1186,68,3772,1292,06,013,315000,013,5.733558178752108,65.7476139978791,06013315000
Census Tract 3160; Contra Costa County; California,46528.0,1112,561,77,1112,549,06,013,316000,013,13.725490196078432,50.62949640287769,06013316000
Census Tract 3170; Contra Costa County; California,61250.0,1934,968,57,1934,1535,06,013,317000,013,5.8884297520661155,20.63081695966908,06013317000
Census Tract 3180; Contra Costa County; California,96250.0,3512,1459,136,3512,2722,06,013,318000,013,9.32145305003427,22.494305239179955,06013318000
Census Tract 3190.01; Contra Costa County; California,137278.0,4236,1612,17,4236,2337,06,013,319001,013,1.054590570719603,44.830028328611895,06013319001
Census Tract 3190.02; Contra Costa County; California,102198.0,3943,1517,16,3943,2737,06,013,319002,013,1.054713249835201,30.585848338828303,06013319002
Census Tract 3200.01; Contra Costa County; California,103194.0,3100,1024,54,3100,1965,06,013,320001,013,5.2734375,36.612903225806456,06013320001
Census Tract 3200.03; Contra Costa County; California,172500.0,3068,1092,0,3068,1987,06,013,320003,013,0.0,35.234680573663624,06013320003
Census Tract 3200.04; Contra Costa County; California,118109.0,6599,2610,54,6599,4391,06,013,320004,013,2.0689655172413794,33.459615093195936,06013320004
Census Tract 3211.01; Contra Costa County; California,145685.0,6866,2516,72,6866,4183,06,013,321101,013,2.8616852146263914,39.076609379551414,06013321101
Census Tract 3211.02; Contra Costa County; California,139167.0,6133,2556,84,6133,4420,06,013,321102,013,3.286384976525822,27.93086580792434,06013321102
Census Tract 3211.03; Contra Costa County; California,157893.0,4546,1763,0,4546,3362,06,013,321103,013,0.0,26.044874615046194,06013321103
Census Tract 3212; Contra Costa County; California,107025.0,5616,2354,79,5616,2623,06,013,321200,013,3.3559898045879355,53.29415954415955,06013321200
Census Tract 3220; Contra Costa County; California,159423.0,6755,2458,133,6755,3971,06,013,322000,013,5.4109031733116355,41.213915618060696,06013322000
Census Tract 3230; Contra Costa County; California,130673.0,4669,1725,40,4669,3357,06,013,323000,013,2.318840579710145,28.100235596487472,06013323000
Census Tract 3240.02; Contra Costa County; California,103581.0,4740,2464,240,4740,2841,06,013,324002,013,9.740259740259742,40.06329113924051,06013324002
Census Tract 3240.03; Contra Costa County; California,110288.0,3449,1908,41,3449,1930,06,013,324003,013,2.148846960167715,44.041751232241225,06013324003
Census Tract 3240.04; Contra Costa County; California,103333.0,2413,1280,46,2413,1604,06,013,324004,013,3.5937499999999996,33.52673021135516,06013324004
Census Tract 3250; Contra Costa County; California,143520.0,6161,2268,269,6161,3902,06,013,325000,013,11.860670194003527,36.66612562895634,06013325000
Census Tract 3260; Contra Costa County; California,147569.0,3639,1415,23,3639,2565,06,013,326000,013,1.6254416961130742,29.513602638087388,06013326000
Census Tract 3270.01; Contra Costa County; California,84294.0,3479,1235,72,3479,1763,06,013,327001,013,5.82995951417004,49.32451853981029,06013327001
Census Tract 3270.02; Contra Costa County; California,93651.0,3833,1509,149,3833,1877,06,013,327002,013,9.874088800530153,51.030524393425516,06013327002
Census Tract 3280; Contra Costa County; California,52099.0,2326,1432,347,2326,1237,06,013,328000,013,24.231843575418992,46.81857265692175,06013328000
Census Tract 3290; Contra Costa County; California,108257.0,6488,2089,190,6488,2828,06,013,329000,013,9.095260890378173,56.4118372379778,06013329000
Census Tract 3300; Contra Costa County; California,124833.0,5587,2032,29,5587,3232,06,013,330000,013,1.4271653543307088,42.15142294612493,06013330000
Census Tract 3310; Contra Costa County; California,100294.0,7789,2816,204,7789,3818,06,013,331000,013,7.2443181818181825,50.98215432019515,06013331000
Census Tract 3320; Contra Costa County; California,123525.0,8109,2789,90,8109,4205,06,013,332000,013,3.2269630692004303,48.144037489209516,06013332000
Census Tract 3331.01; Contra Costa County; California,114679.0,3951,1509,35,3951,2572,06,013,333101,013,2.319416832339298,34.902556314856994,06013333101
Census Tract 3331.02; Contra Costa County; California,115763.0,4251,1518,29,4251,2776,06,013,333102,013,1.9104084321475625,34.69771818395672,06013333102
Census Tract 3332; Contra Costa County; California,122700.0,5866,2090,39,5866,3682,06,013,333200,013,1.8660287081339715,37.23150357995227,06013333200
Census Tract 3340.01; Contra Costa County; California,110500.0,3960,1392,145,3960,2149,06,013,334001,013,10.416666666666668,45.73232323232323,06013334001
Census Tract 3340.06; Contra Costa County; California,154543.0,4731,1657,51,4731,2815,06,013,334006,013,3.0778515389257697,40.49883745508349,06013334006
Census Tract 3340.07; Contra Costa County; California,101458.0,3435,1865,188,3435,1884,06,013,334007,013,10.080428954423592,45.1528384279476,06013334007
Census Tract 3340.08; Contra Costa County; California,121212.0,3793,1607,154,3793,1981,06,013,334008,013,9.583074051026758,47.77221196941735,06013334008
Census Tract 3342; Contra Costa County; California,157768.0,7547,2859,407,7547,5214,06,013,334200,013,14.235746764603007,30.912945541274677,06013334200
Census Tract 3350; Contra Costa County; California,150398.0,3612,1159,16,3612,1868,06,013,335000,013,1.380500431406385,48.28349944629014,06013335000
Census Tract 3361.01; Contra Costa County; California,79554.0,4438,1608,46,4438,1408,06,013,336101,013,2.8606965174129355,68.27399729607932,06013336101
Census Tract 3361.03; Contra Costa County; California,65903.0,4862,1633,167,4862,1167,06,013,336103,013,10.226576852418862,75.99753187988482,06013336103
Census Tract 3361.04; Contra Costa County; California,66887.0,2539,1054,60,2539,799,06,013,336104,013,5.692599620493358,68.53091768412762,06013336104
Census Tract 3362.01; Contra Costa County; California,92708.0,3376,1356,76,3376,1524,06,013,336201,013,5.604719764011799,54.85781990521327,06013336201
Census Tract 3362.02; Contra Costa County; California,71314.0,6012,1728,81,6012,1706,06,013,336202,013,4.6875,71.62341982701264,06013336202
Census Tract 3371; Contra Costa County; California,140972.0,3160,1163,25,3160,1411,06,013,337100,013,2.1496130696474633,55.34810126582278,06013337100
Census Tract 3372.01; Contra Costa County; California,70655.0,3139,1213,60,3139,1681,06,013,337201,013,4.9464138499587795,46.44791334820007,06013337201
Census Tract 3372.02; Contra Costa County; California,89484.0,5515,1992,216,5515,3256,06,013,337202,013,10.843373493975903,40.96101541251133,06013337202
Census Tract 3373; Contra Costa County; California,159250.0,5994,2371,70,5994,4043,06,013,337300,013,2.952340784479123,32.54921588254921,06013337300
Census Tract 3381.01; Contra Costa County; California,74156.0,5543,1836,149,5543,2520,06,013,338101,013,8.115468409586056,54.53725419447952,06013338101
Census Tract 3381.02; Contra Costa County; California,168922.0,3231,1269,55,3231,2342,06,013,338102,013,4.334121355397951,27.51470133085732,06013338102
Census Tract 3382.01; Contra Costa County; California,199773.0,4019,1558,121,4019,2795,06,013,338201,013,7.7663671373555845,30.455337148544416,06013338201
Census Tract 3382.03; Contra Costa County; California,142840.0,5431,2707,256,5431,2483,06,013,338203,013,9.456963428149242,54.280979561775,06013338203
Census Tract 3382.04; Contra Costa County; California,140739.0,6600,2981,78,6600,3931,06,013,338204,013,2.616571620261657,40.439393939393945,06013338204
Census Tract 3383.01; Contra Costa County; California,204196.0,2910,1086,25,2910,2067,06,013,338301,013,2.3020257826887662,28.969072164948457,06013338301
Census Tract 3383.02; Contra Costa County; California,193873.0,5513,2027,14,5513,3466,06,013,338302,013,0.6906758756783424,37.13041900961364,06013338302
Census Tract 3390.01; Contra Costa County; California,91188.0,3659,1939,130,3659,2102,06,013,339001,013,6.704486848891181,42.55261000273299,06013339001
Census Tract 3390.03; Contra Costa County; California,114362.0,4153,2482,347,4153,2941,06,013,339003,013,13.980660757453666,29.18372261016133,06013339003
Census Tract 3390.04; Contra Costa County; California,137016.0,3319,1774,127,3319,1919,06,013,339004,013,7.158962795941376,42.18137993371497,06013339004
Census Tract 3400.01; Contra Costa County; California,119792.0,6118,2221,59,6118,3806,06,013,340001,013,2.656461053579469,37.79012749264466,06013340001
Census Tract 3400.03; Contra Costa County; California,160208.0,3718,1487,42,3718,2351,06,013,340003,013,2.824478816408877,36.76707907477138,06013340003
Census Tract 3400.04; Contra Costa County; California,157631.0,3940,1625,210,3940,2892,06,013,340004,013,12.923076923076923,26.5989847715736,06013340004
Census Tract 3410; Contra Costa County; California,147701.0,4760,2047,16,4760,3056,06,013,341000,013,0.7816316560820713,35.79831932773109,06013341000
Census Tract 3430.01; Contra Costa County; California,159744.0,5940,2282,131,5940,4597,06,013,343001,013,5.740578439964943,22.60942760942761,06013343001
Census Tract 3430.02; Contra Costa County; California,153080.0,4658,1737,225,4658,3082,06,013,343002,013,12.953367875647666,33.834263632460285,06013343002
Census Tract 3430.03; Contra Costa County; California,160786.0,3847,1392,15,3847,3154,06,013,343003,013,1.0775862068965518,18.014036911879387,06013343003
Census Tract 3451.01; Contra Costa County; California,173388.0,6622,2119,100,6622,2704,06,013,345101,013,4.719207173194903,59.166414980368465,06013345101
Census Tract 3451.02; Contra Costa County; California,186632.0,4533,1335,29,4533,2603,06,013,345102,013,2.1722846441947565,42.576660048532986,06013345102
Census Tract 3451.03; Contra Costa County; California,220852.0,5286,2000,169,5286,2972,06,013,345103,013,8.450000000000001,43.776012107453646,06013345103
Census Tract 3451.05; Contra Costa County; California,183444.0,6233,2097,27,6233,4099,06,013,345105,013,1.2875536480686696,34.23712497994545,06013345105
Census Tract 3451.11; Contra Costa County; California,153185.0,5850,2037,72,5850,1841,06,013,345111,013,3.5346097201767304,68.52991452991452,06013345111
Census Tract 3451.12; Contra Costa County; California,184091.0,7723,2676,125,7723,3031,06,013,345112,013,4.671150971599402,60.753593163278516,06013345112
Census Tract 3451.13; Contra Costa County; California,222212.0,4767,1743,83,4767,2381,06,013,345113,013,4.761904761904762,50.052443885043004,06013345113
Census Tract 3451.14; Contra Costa County; California,189967.0,6571,2472,0,6571,5284,06,013,345114,013,0.0,19.586059960432202,06013345114
Census Tract 3451.15; Contra Costa County; California,225625.0,6758,2175,122,6758,3612,06,013,345115,013,5.609195402298851,46.55223438887245,06013345115
Census Tract 3451.16; Contra Costa County; California,208393.0,2961,921,30,2961,1652,06,013,345116,013,3.257328990228013,44.2080378250591,06013345116
Census Tract 3451.17; Contra Costa County; California,215938.0,4652,1945,26,4652,2564,06,013,345117,013,1.3367609254498714,44.88392089423904,06013345117
Census Tract 3451.18; Contra Costa County; California,126818.0,3525,1612,109,3525,1653,06,013,345118,013,6.761786600496277,53.106382978723396,06013345118
Census Tract 3452.03; Contra Costa County; California,177356.0,6954,2733,80,6954,6042,06,013,345203,013,2.9271862422246615,13.114754098360656,06013345203
Census Tract 3452.04; Contra Costa County; California,237841.0,3152,1083,20,3152,2640,06,013,345204,013,1.8467220683287167,16.243654822335024,06013345204
Census Tract 3452.05; Contra Costa County; California,163667.0,5779,2334,26,5779,2827,06,013,345205,013,1.113967437874893,51.08150198996366,06013345205
Census Tract 3452.06; Contra Costa County; California,181369.0,3622,1309,0,3622,2498,06,013,345206,013,0.0,31.032578685808947,06013345206
Census Tract 3461.01; Contra Costa County; California,222857.0,3364,1288,18,3364,2474,06,013,346101,013,1.3975155279503106,26.456599286563616,06013346101
Census Tract 3461.02; Contra Costa County; California,250001.0,5396,1808,30,5396,4104,06,013,346102,013,1.6592920353982303,23.943661971830984,06013346102
Census Tract 3462.03; Contra Costa County; California,174375.0,4033,1453,7,4033,3263,06,013,346203,013,0.4817618719889883,19.09248698239524,06013346203
Census Tract 3462.04; Contra Costa County; California,250001.0,7894,2712,76,7894,5764,06,013,346204,013,2.8023598820058995,26.982518368381047,06013346204
Census Tract 3462.05; Contra Costa County; California,246888.0,4325,1530,30,4325,3544,06,013,346205,013,1.9607843137254901,18.057803468208093,06013346205
Census Tract 3462.06; Contra Costa County; California,223214.0,3216,1174,106,3216,2428,06,013,346206,013,9.028960817717206,24.502487562189053,06013346206
Census Tract 3470; Contra Costa County; California,237976.0,6724,2226,44,6724,5225,06,013,347000,013,1.9766397124887691,22.29327781082689,06013347000
Census Tract 3480; Contra Costa County; California,250001.0,4819,1536,31,4819,3914,06,013,348000,013,2.018229166666667,18.77982984021581,06013348000
Census Tract 3490; Contra Costa County; California,116875.0,5815,2191,160,5815,4505,06,013,349000,013,7.30260155180283,22.527944969905416,06013349000
Census Tract 3500; Contra Costa County; California,216875.0,6150,2344,16,6150,4205,06,013,350000,013,0.6825938566552902,31.626016260162604,06013350000
Census Tract 3511.01; Contra Costa County; California,76068.0,2737,2029,108,2737,2439,06,013,351101,013,5.322819122720552,10.887833394227256,06013351101
Census Tract 3511.03; Contra Costa County; California,94444.0,1929,1294,80,1929,1554,06,013,351103,013,6.182380216383308,19.440124416796266,06013351103
Census Tract 3511.04; Contra Costa County; California,61528.0,1667,1220,83,1667,1451,06,013,351104,013,6.80327868852459,12.95740851829634,06013351104
Census Tract 3511.05; Contra Costa County; California,54167.0,1814,1270,195,1814,1552,06,013,351105,013,15.354330708661418,14.44321940463065,06013351105
Census Tract 3512; Contra Costa County; California,250001.0,5525,1971,16,5525,4484,06,013,351200,013,0.8117706747843734,18.84162895927602,06013351200
Census Tract 3521.01; Contra Costa County; California,250001.0,3628,907,12,3628,2292,06,013,352101,013,1.3230429988974641,36.82469680264609,06013352101
Census Tract 3521.02; Contra Costa County; California,239886.0,5187,1659,10,5187,3327,06,013,352102,013,0.6027727546714888,35.85887796414112,06013352102
Census Tract 3522.01; Contra Costa County; California,173828.0,6070,2315,22,6070,3722,06,013,352201,013,0.9503239740820735,38.68204283360791,06013352201
Census Tract 3522.02; Contra Costa County; California,169591.0,2674,1079,21,2674,1893,06,013,352202,013,1.9462465245597778,29.207180254300674,06013352202
Census Tract 3530.01; Contra Costa County; California,250001.0,4420,1506,20,4420,2711,06,013,353001,013,1.3280212483399734,38.665158371040725,06013353001
Census Tract 3530.02; Contra Costa County; California,250001.0,4182,1535,30,4182,3176,06,013,353002,013,1.9543973941368076,24.055475848876135,06013353002
Census Tract 3540.01; Contra Costa County; California,216518.0,2396,849,0,2396,1749,06,013,354001,013,0.0,27.003338898163605,06013354001
Census Tract 3540.02; Contra Costa County; California,250001.0,6943,2841,247,6943,5387,06,013,354002,013,8.69412178810278,22.411061500792165,06013354002
Census Tract 3551.07; Contra Costa County; California,133603.0,5607,1833,29,5607,2184,06,013,355107,013,1.5821058374249863,61.04868913857678,06013355107
Census Tract 3551.09; Contra Costa County; California,102062.0,7471,1992,44,7471,2309,06,013,355109,013,2.208835341365462,69.09382947396601,06013355109
Census Tract 3551.10; Contra Costa County; California,103438.0,4112,1199,78,4112,1049,06,013,355110,013,6.505421184320268,74.48929961089495,06013355110
Census Tract 3551.11; Contra Costa County; California,129306.0,6569,2079,42,6569,2504,06,013,355111,013,2.0202020202020203,61.881564926168366,06013355111
Census Tract 3551.12; Contra Costa County; California,217835.0,5800,2189,24,5800,4210,06,013,355112,013,1.0963910461397899,27.413793103448274,06013355112
Census Tract 3551.13; Contra Costa County; California,236818.0,5423,1838,0,5423,3121,06,013,355113,013,0.0,42.44882906140512,06013355113
Census Tract 3551.15; Contra Costa County; California,156916.0,10013,3802,86,10013,2661,06,013,355115,013,2.261967385586533,73.42454808748626,06013355115
Census Tract 3551.18; Contra Costa County; California,134178.0,3769,1263,47,3769,968,06,013,355118,013,3.721298495645289,74.31679490581055,06013355118
Census Tract 3551.19; Contra Costa County; California,158343.0,5288,1241,110,5288,1585,06,013,355119,013,8.8638195004029,70.02647503782148,06013355119
Census Tract 3551.20; Contra Costa County; California,94839.0,4036,1381,37,4036,1113,06,013,355120,013,2.6792179580014484,72.42319127849356,06013355120
Census Tract 3551.21; Contra Costa County; California,244000.0,6409,2092,22,6409,1671,06,013,355121,013,1.0516252390057361,73.92728974879076,06013355121
Census Tract 3551.22; Contra Costa County; California,230833.0,5559,1528,45,5559,1636,06,013,355122,013,2.945026178010471,70.57024644720273,06013355122
Census Tract 3551.23; Contra Costa County; California,250001.0,3333,944,13,3333,344,06,013,355123,013,1.3771186440677965,89.67896789678967,06013355123
Census Tract 3551.24; Contra Costa County; California,250001.0,4601,1350,21,4601,406,06,013,355124,013,1.5555555555555556,91.17583134101282,06013355124
Census Tract 3551.25; Contra Costa County; California,250001.0,4096,1159,45,4096,481,06,013,355125,013,3.882657463330457,88.2568359375,06013355125
Census Tract 3551.26; Contra Costa County; California,250001.0,5773,1558,31,5773,1377,06,013,355126,013,1.989730423620026,76.14758357872856,06013355126
Census Tract 3552.01; Contra Costa County; California,140337.0,8114,2493,163,8114,985,06,013,355201,013,6.538307260328921,87.86048804535372,06013355201
Census Tract 3552.02; Contra Costa County; California,126537.0,3981,971,32,3981,912,06,013,355202,013,3.2955715756951593,77.09118311981914,06013355202
Census Tract 3553.02; Contra Costa County; California,250001.0,3454,1220,11,3454,2251,06,013,355302,013,0.9016393442622952,34.8291835552982,06013355302
Census Tract 3553.06; Contra Costa County; California,152645.0,4550,1607,75,4550,3489,06,013,355306,013,4.667081518357187,23.31868131868132,06013355306
Census Tract 3553.07; Contra Costa County; California,145430.0,4397,1587,33,4397,2565,06,013,355307,013,2.0793950850661624,41.66477143506936,06013355307
Census Tract 3553.08; Contra Costa County; California,163243.0,3570,1362,45,3570,2713,06,013,355308,013,3.303964757709251,24.00560224089636,06013355308
Census Tract 3553.09; Contra Costa County; California,205208.0,5150,1558,0,5150,3587,06,013,355309,013,0.0,30.349514563106794,06013355309
Census Tract 3553.10; Contra Costa County; California,106384.0,3070,1195,0,3070,1776,06,013,355310,013,0.0,42.14983713355049,06013355310
Census Tract 3560.01; Contra Costa County; California,127662.0,4025,1145,0,4025,1151,06,013,356001,013,0.0,71.40372670807453,06013356001
Census Tract 3560.02; Contra Costa County; California,136008.0,5688,2029,40,5688,2393,06,013,356002,013,1.9714144898965007,57.92897327707455,06013356002
Census Tract 3570; Contra Costa County; California,95954.0,3458,1623,93,3458,2498,06,013,357000,013,5.730129390018484,27.761711972238288,06013357000
Census Tract 3580; Contra Costa County; California,68452.0,5859,2206,220,5859,1973,06,013,358000,013,9.972801450589303,66.3253114866018,06013358000
Census Tract 3591.02; Contra Costa County; California,114129.0,5061,1823,84,5061,1526,06,013,359102,013,4.607789358200768,69.84785615491009,06013359102
Census Tract 3591.03; Contra Costa County; California,99424.0,5435,1949,110,5435,1795,06,013,359103,013,5.643919958953309,66.97332106715731,06013359103
Census Tract 3591.04; Contra Costa County; California,92423.0,2537,1244,43,2537,600,06,013,359104,013,3.456591639871383,76.3500197083169,06013359104
Census Tract 3591.05; Contra Costa County; California,155170.0,4927,1805,46,4927,708,06,013,359105,013,2.548476454293629,85.63020093363102,06013359105
Census Tract 3592.02; Contra Costa County; California,132350.0,6819,2357,306,6819,2910,06,013,359202,013,12.982605006364023,57.32512098548174,06013359202
Census Tract 3592.03; Contra Costa County; California,127917.0,7200,2268,55,7200,2273,06,013,359203,013,2.4250440917107583,68.43055555555554,06013359203
Census Tract 3592.04; Contra Costa County; California,123250.0,4340,1475,89,4340,964,06,013,359204,013,6.033898305084746,77.78801843317973,06013359204
Census Tract 3601.01; Contra Costa County; California,110433.0,4224,1635,93,4224,1767,06,013,360101,013,5.688073394495413,58.16761363636363,06013360101
Census Tract 3601.02; Contra Costa County; California,150325.0,5030,1588,58,5030,2768,06,013,360102,013,3.6523929471032743,44.97017892644135,06013360102
Census Tract 3602; Contra Costa County; California,114583.0,5482,1803,42,5482,1661,06,013,360200,013,2.329450915141431,69.70083910981394,06013360200
Census Tract 3610; Contra Costa County; California,110341.0,4973,1770,60,4973,1754,06,013,361000,013,3.389830508474576,64.72953951337222,06013361000
Census Tract 3620; Contra Costa County; California,112344.0,2832,1169,48,2832,1674,06,013,362000,013,4.1060735671514115,40.88983050847458,06013362000
Census Tract 3630; Contra Costa County; California,100399.0,7793,2764,95,7793,2808,06,013,363000,013,3.4370477568740956,63.96766328756577,06013363000
Census Tract 3640.02; Contra Costa County; California,113519.0,5426,1886,168,5426,1715,06,013,364002,013,8.907741251325557,68.39292296350902,06013364002
Census Tract 3650.02; Contra Costa County; California,74545.0,5171,1360,82,5171,634,06,013,365002,013,6.029411764705882,87.73931541287952,06013365002
Census Tract 3650.03; Contra Costa County; California,77653.0,5416,2279,193,5416,1242,06,013,365003,013,8.468626590609917,77.06794682422452,06013365003
Census Tract 3660.01; Contra Costa County; California,87778.0,4690,1280,5,4690,702,06,013,366001,013,0.390625,85.0319829424307,06013366001
Census Tract 3660.02; Contra Costa County; California,77424.0,6876,1806,226,6876,695,06,013,366002,013,12.513842746400886,89.89237929028505,06013366002
Census Tract 3671; Contra Costa County; California,66885.0,5773,2022,74,5773,975,06,013,367100,013,3.6597428288822944,83.11103412437207,06013367100
Census Tract 3672; Contra Costa County; California,90941.0,5869,1762,245,5869,728,06,013,367200,013,13.904653802497164,87.59584256261715,06013367200
Census Tract 3680.01; Contra Costa County; California,93636.0,5013,1390,78,5013,1009,06,013,368001,013,5.611510791366906,79.87233193696389,06013368001
Census Tract 3680.02; Contra Costa County; California,61855.0,4102,1178,54,4102,592,06,013,368002,013,4.584040747028863,85.5680156021453,06013368002
Census Tract 3690.01; Contra Costa County; California,67994.0,7347,2626,165,7347,1254,06,013,369001,013,6.283320639756283,82.93180890159249,06013369001
Census Tract 3690.02; Contra Costa County; California,72821.0,2728,1034,0,2728,1389,06,013,369002,013,0.0,49.08357771260997,06013369002
Census Tract 3700; Contra Costa County; California,160986.0,2960,1129,44,2960,1732,06,013,370000,013,3.8972542072630643,41.486486486486484,06013370000
Census Tract 3710; Contra Costa County; California,94729.0,5776,2113,36,5776,2006,06,013,371000,013,1.7037387600567913,65.27008310249307,06013371000
Census Tract 3720; Contra Costa County; California,89964.0,7610,2445,254,7610,1756,06,013,372000,013,10.388548057259714,76.9250985545335,06013372000
Census Tract 3730; Contra Costa County; California,83413.0,4386,1349,104,4386,425,06,013,373000,013,7.70941438102298,90.31007751937985,06013373000
Census Tract 3740; Contra Costa County; California,83194.0,4687,1780,230,4687,1357,06,013,374000,013,12.921348314606742,71.04757840836355,06013374000
Census Tract 3750; Contra Costa County; California,74306.0,5271,1351,159,5271,674,06,013,375000,013,11.769059955588453,87.21305255169797,06013375000
Census Tract 3760; Contra Costa County; California,64964.0,6712,1763,171,6712,383,06,013,376000,013,9.699376063528078,94.29380214541119,06013376000
Census Tract 3770; Contra Costa County; California,41264.0,7826,2579,648,7826,713,06,013,377000,013,25.126017836370686,90.88934321492461,06013377000
Census Tract 3780; Contra Costa County; California,129870.0,3887,1873,53,3887,2719,06,013,378000,013,2.829684997330486,30.04888088500129,06013378000
Census Tract 3790; Contra Costa County; California,64518.0,8383,1937,149,8383,445,06,013,379000,013,7.6923076923076925,94.69163783848265,06013379000
Census Tract 3800.01; Contra Costa County; California,117159.0,2896,1720,29,2896,1283,06,013,380001,013,1.686046511627907,55.697513812154696,06013380001
Census Tract 3800.02; Contra Costa County; California,58571.0,3470,1324,63,3470,838,06,013,380002,013,4.758308157099698,75.85014409221901,06013380002
Census Tract 3810; Contra Costa County; California,70687.0,6703,2231,367,6703,928,06,013,381000,013,16.450022411474674,86.15545278233627,06013381000
Census Tract 3820; Contra Costa County; California,56378.0,8477,3092,333,8477,1852,06,013,382000,013,10.769728331177232,78.15264834257403,06013382000
Census Tract 3830; Contra Costa County; California,105905.0,5848,2259,125,5848,2948,06,013,383000,013,5.533421868083223,49.58960328317373,06013383000
Census Tract 3840; Contra Costa County; California,171645.0,3826,1677,117,3826,2312,06,013,384000,013,6.976744186046512,39.57135389440669,06013384000
Census Tract 3851; Contra Costa County; California,170278.0,3100,1252,10,3100,1749,06,013,385100,013,0.7987220447284344,43.58064516129032,06013385100
Census Tract 3852; Contra Costa County; California,130804.0,1413,557,10,1413,613,06,013,385200,013,1.7953321364452424,56.61712668082095,06013385200
Census Tract 3860; Contra Costa County; California,64201.0,3758,1541,266,3758,1288,06,013,386000,013,17.2615184944841,65.72645023948908,06013386000
Census Tract 3870; Contra Costa County; California,105524.0,3090,1211,55,3090,1435,06,013,387000,013,4.541701073492981,53.55987055016181,06013387000
Census Tract 3880; Contra Costa County; California,116250.0,2711,1094,53,2711,1361,06,013,388000,013,4.844606946983546,49.79712283290299,06013388000
Census Tract 3891; Contra Costa County; California,108333.0,2455,1076,178,2455,890,06,013,389100,013,16.54275092936803,63.747454175152754,06013389100
Census Tract 3892; Contra Costa County; California,85000.0,1955,692,90,1955,488,06,013,389200,013,13.005780346820808,75.0383631713555,06013389200
Census Tract 3901; Contra Costa County; California,174000.0,2225,946,48,2225,1519,06,013,390100,013,5.07399577167019,31.730337078651687,06013390100
Census Tract 3902; Contra Costa County; California,183611.0,1820,790,43,1820,1232,06,013,390200,013,5.443037974683544,32.30769230769231,06013390200
Census Tract 3910; Contra Costa County; California,170625.0,2568,1073,41,2568,1825,06,013,391000,013,3.8210624417520966,28.93302180685358,06013391000
Census Tract 3920; Contra Costa County; California,214464.0,2588,1003,20,2588,1919,06,013,392000,013,1.9940179461615155,25.850077279752703,06013392000
Census Tract 3922.01; Contra Costa County; California,101648.0,4867,1687,144,4867,782,06,013,392201,013,8.535862477771191,83.93260735566056,06013392201
Census Tract 3922.02; Contra Costa County; California,110417.0,4724,1456,0,4724,1768,06,013,392202,013,0.0,62.57408975444538,06013392202
Census Tract 3923; Contra Costa County; California,163565.0,3754,1051,15,3754,363,06,013,392300,013,1.4272121788772598,90.33031433137985,06013392300
Census Tract 9800; Contra Costa County; California,,507,0,0,507,190,06,013,980000,013,,62.52465483234714,06013980000
Census Tract 9900; Contra Costa County; California,,0,0,0,0,0,06,013,990000,013,,,06013990000
Census Tract 101.01; San Francisco County; California,83816.0,2121,1222,486,2121,746,06,075,010101,075,39.770867430441896,64.82791136256483,06075010101
Census Tract 101.02; San Francisco County; California,,1908,922,354,1908,491,06,075,010102,075,38.39479392624729,74.26624737945492,06075010102
Census Tract 102.01; San Francisco County; California,147427.0,2473,1308,432,2473,1772,06,075,010201,075,33.02752293577982,28.34613829357056,06075010201
Census Tract 102.02; San Francisco County; California,208750.0,1859,1084,173,1859,1180,06,075,010202,075,15.959409594095941,36.52501344809037,06075010202
Census Tract 103; San Francisco County; California,149766.0,3925,2087,654,3925,2431,06,075,010300,075,31.33684714901773,38.06369426751593,06075010300
Census Tract 104.01; San Francisco County; California,173750.0,2437,996,337,2437,1472,06,075,010401,075,33.835341365461844,39.59786622897005,06075010401
Census Tract 104.02; San Francisco County; California,202050.0,2077,1293,459,2077,1428,06,075,010402,075,35.498839907192576,31.24699085219066,06075010402
Census Tract 105; San Francisco County; California,187763.0,3108,1792,655,3108,1559,06,075,010500,075,36.551339285714285,49.839124839124835,06075010500
Census Tract 106; San Francisco County; California,58060.0,3197,1807,1160,3197,1089,06,075,010600,075,64.19479800774765,65.93681576477948,06075010600
Census Tract 107.01; San Francisco County; California,24085.0,3424,1886,1589,3424,123,06,075,010701,075,84.2523860021209,96.40771028037383,06075010701
Census Tract 107.02; San Francisco County; California,77524.0,1458,675,358,1458,344,06,075,010702,075,53.03703703703704,76.40603566529492,06075010702
Census Tract 108; San Francisco County; California,145402.0,4613,2401,674,4613,2311,06,075,010800,075,28.071636817992502,49.902449598959464,06075010800
Census Tract 109.01; San Francisco County; California,183194.0,2007,1045,440,2007,1364,06,075,010901,075,42.10526315789473,32.03786746387644,06075010901
Census Tract 109.02; San Francisco County; California,137141.0,2502,1363,787,2502,1795,06,075,010902,075,57.740278796771825,28.257394084732212,06075010902
Census Tract 110.01; San Francisco County; California,114137.0,2618,1446,735,2618,1403,06,075,011001,075,50.829875518672196,46.40947288006112,06075011001
Census Tract 110.02; San Francisco County; California,,1907,1212,465,1907,1068,06,075,011002,075,38.366336633663366,43.995804929208184,06075011002
Census Tract 111.01; San Francisco County; California,116897.0,2502,1495,804,2502,1184,06,075,011101,075,53.77926421404682,52.677857713828935,06075011101
Census Tract 111.02; San Francisco County; California,92000.0,2218,1362,1002,2218,968,06,075,011102,075,73.568281938326,56.3570784490532,06075011102
Census Tract 112; San Francisco County; California,158750.0,2865,1651,810,2865,1695,06,075,011200,075,49.061175045427014,40.83769633507853,06075011200
Census Tract 113; San Francisco County; California,31801.0,2862,1383,943,2862,462,06,075,011300,075,68.18510484454086,83.85744234800838,06075011300
Census Tract 117; San Francisco County; California,93500.0,2056,1152,862,2056,773,06,075,011700,075,74.82638888888889,62.40272373540856,06075011700
Census Tract 118; San Francisco County; California,41471.0,1695,738,587,1695,149,06,075,011800,075,79.53929539295393,91.2094395280236,06075011800
Census Tract 119.01; San Francisco County; California,119464.0,2387,1297,805,2387,1213,06,075,011901,075,62.066306861989204,49.1830749895266,06075011901
Census Tract 119.02; San Francisco County; California,81995.0,2650,1609,1066,2650,1366,06,075,011902,075,66.25233064014915,48.45283018867924,06075011902
Census Tract 120.01; San Francisco County; California,87796.0,1912,1110,727,1912,685,06,075,012001,075,65.49549549549549,64.17364016736403,06075012001
Census Tract 120.02; San Francisco County; California,53125.0,2102,1339,991,2102,922,06,075,012002,075,74.01045556385361,56.13701236917221,06075012002
Census Tract 121; San Francisco County; California,83906.0,3513,2166,1686,3513,1766,06,075,012100,075,77.8393351800554,49.72957586108739,06075012100
Census Tract 122.02; San Francisco County; California,50583.0,2978,1494,1052,2978,1240,06,075,012202,075,70.41499330655957,58.361316319677634,06075012202
Census Tract 122.03; San Francisco County; California,33750.0,1763,1091,896,1763,1043,06,075,012203,075,82.12648945921174,40.83947816222348,06075012203
Census Tract 122.04; San Francisco County; California,62704.0,2720,1598,1416,2720,1204,06,075,012204,075,88.6107634543179,55.73529411764706,06075012204
Census Tract 123.01; San Francisco County; California,25625.0,1901,1291,1068,1901,616,06,075,012301,075,82.72656855151045,67.5960021041557,06075012301
Census Tract 123.02; San Francisco County; California,43879.0,2614,1918,1596,2614,1231,06,075,012302,075,83.21167883211679,52.90742157612854,06075012302
Census Tract 124.03; San Francisco County; California,34732.0,2431,1190,896,2431,446,06,075,012403,075,75.29411764705883,81.65364047716989,06075012403
Census Tract 124.04; San Francisco County; California,27852.0,2586,1532,1312,2586,1253,06,075,012404,075,85.6396866840731,51.54679040989946,06075012404
Census Tract 124.05; San Francisco County; California,102358.0,3921,2524,1760,3921,1373,06,075,012405,075,69.73058637083994,64.98342259627647,06075012405
Census Tract 124.06; San Francisco County; California,32589.0,1533,979,774,1533,475,06,075,012406,075,79.06026557711951,69.0150032615786,06075012406
Census Tract 125.02; San Francisco County; California,21653.0,4629,2246,1798,4629,829,06,075,012502,075,80.05342831700801,82.09116439835817,06075012502
Census Tract 125.03; San Francisco County; California,39133.0,4368,1919,1447,4368,923,06,075,012503,075,75.40385617509119,78.86904761904762,06075012503
Census Tract 125.04; San Francisco County; California,25667.0,612,340,260,612,67,06,075,012504,075,76.47058823529412,89.05228758169935,06075012504
Census Tract 126.01; San Francisco County; California,180123.0,2164,1325,427,2164,1500,06,075,012601,075,32.22641509433962,30.683918669131238,06075012601
Census Tract 126.02; San Francisco County; California,189500.0,2768,1404,430,2768,2141,06,075,012602,075,30.626780626780626,22.65173410404624,06075012602
Census Tract 127; San Francisco County; California,236158.0,4021,2145,278,4021,3226,06,075,012700,075,12.96037296037296,19.7712011937329,06075012700
Census Tract 128.01; San Francisco County; California,250001.0,2591,1213,230,2591,1949,06,075,012801,075,18.961253091508656,24.778077962176763,06075012801
Census Tract 128.02; San Francisco County; California,250001.0,2027,925,181,2027,1481,06,075,012802,075,19.56756756756757,26.936359151455353,06075012802
Census Tract 129.01; San Francisco County; California,220096.0,2816,1385,282,2816,2013,06,075,012901,075,20.36101083032491,28.515625,06075012901
Census Tract 129.02; San Francisco County; California,205463.0,3322,1861,679,3322,2505,06,075,012902,075,36.48576034390113,24.593618302227576,06075012902
Census Tract 130.01; San Francisco County; California,191541.0,1592,896,245,1592,1371,06,075,013001,075,27.34375,13.881909547738694,06075013001
Census Tract 130.02; San Francisco County; California,210637.0,2609,1236,419,2609,1876,06,075,013002,075,33.89967637540453,28.095055576849365,06075013002
Census Tract 131.01; San Francisco County; California,219107.0,4269,2345,720,4269,2904,06,075,013101,075,30.703624733475483,31.974701335207307,06075013101
Census Tract 131.02; San Francisco County; California,242969.0,2731,1567,464,2731,1911,06,075,013102,075,29.610721123165284,30.02563163676309,06075013102
Census Tract 132; San Francisco County; California,201464.0,3931,2213,380,3931,2754,06,075,013200,075,17.171260732037958,29.94149071483083,06075013200
Census Tract 133; San Francisco County; California,173851.0,4284,1954,602,4284,2935,06,075,013300,075,30.808597748208804,31.48926237161531,06075013300
Census Tract 134.01; San Francisco County; California,197581.0,1370,755,161,1370,929,06,075,013401,075,21.324503311258276,32.189781021897815,06075013401
Census Tract 134.02; San Francisco County; California,213607.0,2107,1164,198,2107,1719,06,075,013402,075,17.010309278350515,18.41480778357855,06075013402
Census Tract 135; San Francisco County; California,175118.0,2471,1641,517,2471,1858,06,075,013500,075,31.505179768433884,24.80777013354917,06075013500
Census Tract 151; San Francisco County; California,170583.0,2799,1720,812,2799,1610,06,075,015100,075,47.20930232558139,42.479456948910325,06075015100
Census Tract 152.01; San Francisco County; California,92254.0,1612,1049,547,1612,1041,06,075,015201,075,52.144899904671114,35.42183622828784,06075015201
Census Tract 152.02; San Francisco County; California,146250.0,2212,1022,401,2212,1071,06,075,015202,075,39.23679060665362,51.58227848101266,06075015202
Census Tract 153; San Francisco County; California,176090.0,2293,1026,344,2293,1460,06,075,015300,075,33.528265107212476,36.32795464457043,06075015300
Census Tract 154.01; San Francisco County; California,133925.0,3338,1697,372,3338,1682,06,075,015401,075,21.921037124337065,49.61054523666866,06075015401
Census Tract 154.02; San Francisco County; California,231313.0,2848,1297,116,2848,1978,06,075,015402,075,8.943716268311489,30.547752808988765,06075015402
Census Tract 155; San Francisco County; California,92829.0,3708,2249,1294,3708,1572,06,075,015500,075,57.536682970208986,57.60517799352751,06075015500
Census Tract 156; San Francisco County; California,99028.0,2988,1381,393,2988,1419,06,075,015600,075,28.45763939174511,52.51004016064257,06075015600
Census Tract 157.01; San Francisco County; California,148542.0,4926,1187,156,4926,2399,06,075,015701,075,13.142375737152484,51.29922858302882,06075015701
Census Tract 157.02; San Francisco County; California,209803.0,3273,1309,142,3273,1922,06,075,015702,075,10.847975553857907,41.27711579590589,06075015702
Census Tract 158.01; San Francisco County; California,121058.0,3394,1415,323,3394,1306,06,075,015801,075,22.82685512367491,61.52032999410725,06075015801
Census Tract 158.02; San Francisco County; California,158523.0,3340,1633,536,3340,1952,06,075,015802,075,32.823025107164725,41.55688622754491,06075015802
Census Tract 159; San Francisco County; California,114323.0,5245,2129,857,5245,1701,06,075,015900,075,40.2536402066698,67.56911344137274,06075015900
Census Tract 160; San Francisco County; California,135246.0,2460,1713,967,2460,961,06,075,016000,075,56.45067133683595,60.9349593495935,06075016000
Census Tract 161.01; San Francisco County; California,28522.0,2355,1555,882,2355,1027,06,075,016101,075,56.72025723472669,56.390658174097666,06075016101
Census Tract 161.02; San Francisco County; California,,2618,1179,654,2618,323,06,075,016102,075,55.470737913486005,87.66233766233766,06075016102
Census Tract 162; San Francisco County; California,181425.0,3230,1847,943,3230,1822,06,075,016200,075,51.05576610720086,43.59133126934985,06075016200
Census Tract 163; San Francisco County; California,129962.0,3942,1885,679,3942,2165,06,075,016300,075,36.0212201591512,45.078640284119736,06075016300
Census Tract 164; San Francisco County; California,212667.0,4162,1704,596,4162,2754,06,075,016400,075,34.97652582159624,33.82988947621336,06075016400
Census Tract 165; San Francisco County; California,177159.0,5317,2260,650,5317,3611,06,075,016500,075,28.761061946902654,32.08576264810984,06075016500
Census Tract 166.01; San Francisco County; California,158854.0,3202,1458,574,3202,2361,06,075,016601,075,39.36899862825789,26.264834478450965,06075016601
Census Tract 166.02; San Francisco County; California,207640.0,2098,1052,289,2098,1586,06,075,016602,075,27.47148288973384,24.40419447092469,06075016602
Census Tract 167; San Francisco County; California,232895.0,5277,2336,962,5277,3953,06,075,016700,075,41.18150684931507,25.090013265112752,06075016700
Census Tract 168.01; San Francisco County; California,182344.0,3898,1965,893,3898,2443,06,075,016801,075,45.44529262086514,37.326834273986655,06075016801
Census Tract 168.02; San Francisco County; California,141518.0,3807,1955,902,3807,2019,06,075,016802,075,46.1381074168798,46.966115051221436,06075016802
Census Tract 169; San Francisco County; California,150139.0,3061,1660,768,3061,2094,06,075,016900,075,46.265060240963855,31.590983338778177,06075016900
Census Tract 170; San Francisco County; California,250001.0,4262,2195,307,4262,3123,06,075,017000,075,13.98633257403189,26.72454246832473,06075017000
Census Tract 171.01; San Francisco County; California,199676.0,4250,1759,386,4250,2994,06,075,017101,075,21.944286526435477,29.552941176470586,06075017101
Census Tract 171.02; San Francisco County; California,171205.0,3646,1587,443,3646,2824,06,075,017102,075,27.914303717706364,22.545255074053756,06075017102
Census Tract 176.02; San Francisco County; California,69671.0,3199,1594,1017,3199,938,06,075,017602,075,63.80175658720201,70.67833698030634,06075017602
Census Tract 176.03; San Francisco County; California,90590.0,4815,2409,1616,4815,1444,06,075,017603,075,67.08177667081777,70.01038421599169,06075017603
Census Tract 176.04; San Francisco County; California,100036.0,3146,2040,1404,3146,1045,06,075,017604,075,68.82352941176471,66.78321678321679,06075017604
Census Tract 177; San Francisco County; California,156806.0,2080,938,289,2080,984,06,075,017700,075,30.810234541577824,52.69230769230769,06075017700
Census Tract 178.01; San Francisco County; California,25625.0,3582,2411,1550,3582,877,06,075,017801,075,64.28867689755289,75.51647124511446,06075017801
Census Tract 178.03; San Francisco County; California,87132.0,2523,1195,676,2523,1018,06,075,017803,075,56.56903765690377,59.65120887831946,06075017803
Census Tract 178.04; San Francisco County; California,124674.0,3482,1841,849,3482,1274,06,075,017804,075,46.1162411732754,63.411832280298675,06075017804
Census Tract 179.03; San Francisco County; California,96000.0,3136,626,94,3136,1232,06,075,017903,075,15.015974440894569,60.71428571428571,06075017903
Census Tract 180; San Francisco County; California,183507.0,3774,1613,625,3774,1328,06,075,018000,075,38.74767513949163,64.81187069422364,06075018000
Census Tract 201.01; San Francisco County; California,135223.0,3924,1861,885,3924,1603,06,075,020101,075,47.55507791509941,59.14882772680939,06075020101
Census Tract 201.02; San Francisco County; California,116076.0,3310,1385,800,3310,1247,06,075,020102,075,57.761732851985556,62.32628398791541,06075020102
Census Tract 202.01; San Francisco County; California,116103.0,1920,1063,519,1920,1000,06,075,020201,075,48.824082784571964,47.91666666666667,06075020201
Census Tract 202.02; San Francisco County; California,164327.0,4113,2024,925,4113,2177,06,075,020202,075,45.701581027667984,47.070265013372236,06075020202
Census Tract 203; San Francisco County; California,172151.0,3474,2142,809,3474,2254,06,075,020300,075,37.76844070961718,35.118019573978124,06075020300
Census Tract 204.01; San Francisco County; California,157237.0,3248,1590,296,3248,2152,06,075,020401,075,18.61635220125786,33.743842364532014,06075020401
Census Tract 204.02; San Francisco County; California,152138.0,4169,2354,319,4169,2823,06,075,020402,075,13.551401869158877,32.28591988486448,06075020402
Census Tract 205; San Francisco County; California,250001.0,2970,1340,367,2970,2369,06,075,020500,075,27.38805970149254,20.235690235690235,06075020500
Census Tract 206.01; San Francisco County; California,149781.0,3044,1443,537,3044,2021,06,075,020601,075,37.21413721413722,33.60709592641262,06075020601
Census Tract 206.02; San Francisco County; California,196417.0,2564,1353,378,2564,1899,06,075,020602,075,27.93791574279379,25.93603744149766,06075020602
Census Tract 207.01; San Francisco County; California,246500.0,3139,1326,347,3139,1909,06,075,020701,075,26.168929110105584,39.18445364765849,06075020701
Census Tract 207.02; San Francisco County; California,144048.0,2248,1198,596,2248,1379,06,075,020702,075,49.74958263772955,38.656583629893234,06075020702
Census Tract 208.01; San Francisco County; California,101696.0,3743,1511,590,3743,1135,06,075,020801,075,39.04698874917273,69.6767298958055,06075020801
Census Tract 208.02; San Francisco County; California,119030.0,2523,1162,533,2523,1169,06,075,020802,075,45.869191049913944,53.6662703131193,06075020802
Census Tract 209; San Francisco County; California,117813.0,4098,1690,657,4098,1788,06,075,020900,075,38.875739644970416,56.36896046852124,06075020900
Census Tract 210; San Francisco County; California,151118.0,3820,1849,567,3820,2493,06,075,021000,075,30.665224445646295,34.738219895287955,06075021000
Census Tract 211; San Francisco County; California,228125.0,3959,1998,401,3959,2903,06,075,021100,075,20.07007007007007,26.673402374336952,06075021100
Census Tract 212; San Francisco County; California,191156.0,2984,1423,241,2984,1943,06,075,021200,075,16.936050597329587,34.88605898123324,06075021200
Census Tract 213; San Francisco County; California,183417.0,2663,1153,122,2663,1807,06,075,021300,075,10.581092801387685,32.144198272624855,06075021300
Census Tract 214; San Francisco County; California,217353.0,3500,1714,387,3500,2633,06,075,021400,075,22.578763127187866,24.771428571428572,06075021400
Census Tract 215; San Francisco County; California,200938.0,5559,2416,196,5559,3264,06,075,021500,075,8.112582781456954,41.284403669724774,06075021500
Census Tract 216; San Francisco County; California,218988.0,4414,2055,307,4414,2319,06,075,021600,075,14.939172749391727,47.4626189397372,06075021600
Census Tract 217; San Francisco County; California,141250.0,4602,1801,83,4602,2423,06,075,021700,075,4.6085508051082735,47.34897870491091,06075021700
Census Tract 218; San Francisco County; California,232500.0,4121,1776,170,4121,2592,06,075,021800,075,9.572072072072071,37.10264498908032,06075021800
Census Tract 226; San Francisco County; California,239625.0,3849,2042,597,3849,1978,06,075,022600,075,29.2360430950049,48.61002857885165,06075022600
Census Tract 227.02; San Francisco County; California,240922.0,2152,1063,171,2152,1245,06,075,022702,075,16.086547507055503,42.146840148698885,06075022702
Census Tract 227.04; San Francisco County; California,250001.0,3716,1667,116,3716,2036,06,075,022704,075,6.9586082783443315,45.20990312163617,06075022704
Census Tract 228.01; San Francisco County; California,164539.0,4950,1819,264,4950,2551,06,075,022801,075,14.51346893897746,48.464646464646464,06075022801
Census Tract 228.02; San Francisco County; California,131042.0,2369,744,228,2369,1097,06,075,022802,075,30.64516129032258,53.6935415787252,06075022802
Census Tract 228.03; San Francisco County; California,153750.0,4430,1468,357,4430,1688,06,075,022803,075,24.318801089918257,61.896162528216706,06075022803
Census Tract 229.01; San Francisco County; California,96964.0,4386,1427,413,4386,1432,06,075,022901,075,28.941836019621586,67.35066119471044,06075022901
Census Tract 229.02; San Francisco County; California,190875.0,2096,714,195,2096,983,06,075,022902,075,27.310924369747898,53.10114503816794,06075022902
Census Tract 229.03; San Francisco County; California,209659.0,2850,1087,237,2850,1504,06,075,022903,075,21.803127874885003,47.228070175438596,06075022903
Census Tract 230.01; San Francisco County; California,95052.0,5719,1288,64,5719,671,06,075,023001,075,4.968944099378882,88.2671795768491,06075023001
Census Tract 230.03; San Francisco County; California,103472.0,4157,1234,156,4157,399,06,075,023003,075,12.641815235008103,90.40173201828242,06075023003
Census Tract 231.02; San Francisco County; California,46786.0,3569,1174,250,3569,328,06,075,023102,075,21.29471890971039,90.80975063042868,06075023102
Census Tract 231.03; San Francisco County; California,29799.0,4456,1518,315,4456,91,06,075,023103,075,20.75098814229249,97.95780969479354,06075023103
Census Tract 232; San Francisco County; California,122803.0,4222,1204,99,4222,924,06,075,023200,075,8.222591362126245,78.11463761250592,06075023200
Census Tract 233; San Francisco County; California,74844.0,3950,1307,252,3950,408,06,075,023300,075,19.28079571537873,89.67088607594937,06075023300
Census Tract 234; San Francisco County; California,78664.0,4039,1140,191,4039,434,06,075,023400,075,16.75438596491228,89.25476603119584,06075023400
Census Tract 251; San Francisco County; California,131801.0,3408,1355,70,3408,2044,06,075,025100,075,5.166051660516605,40.02347417840376,06075025100
Census Tract 252; San Francisco County; California,147868.0,5457,2365,549,5457,3010,06,075,025200,075,23.21353065539112,44.841487997067986,06075025200
Census Tract 253; San Francisco County; California,168720.0,4545,1700,259,4545,1823,06,075,025300,075,15.235294117647058,59.88998899889989,06075025300
Census Tract 254.01; San Francisco County; California,165278.0,3819,1346,114,3819,2396,06,075,025401,075,8.469539375928678,37.261063105525004,06075025401
Census Tract 254.02; San Francisco County; California,166094.0,3294,1103,65,3294,1221,06,075,025402,075,5.893019038984588,62.93260473588342,06075025402
Census Tract 254.03; San Francisco County; California,166935.0,4244,1276,125,4244,1235,06,075,025403,075,9.796238244514106,70.90009425070689,06075025403
Census Tract 255.01; San Francisco County; California,150438.0,4397,1071,21,4397,888,06,075,025501,075,1.9607843137254901,79.80441209915851,06075025501
Census Tract 255.02; San Francisco County; California,161400.0,3846,1238,155,3846,1486,06,075,025502,075,12.520193861066236,61.36245449817993,06075025502
Census Tract 256; San Francisco County; California,115739.0,5027,1543,219,5027,1130,06,075,025600,075,14.193130265716135,77.5213845235727,06075025600
Census Tract 257.01; San Francisco County; California,118443.0,5331,1599,154,5331,921,06,075,025701,075,9.631019387116948,82.72369161508159,06075025701
Census Tract 257.02; San Francisco County; California,91513.0,4153,1166,186,4153,899,06,075,025702,075,15.951972555746142,78.35299783289189,06075025702
Census Tract 258; San Francisco County; California,87614.0,2129,646,154,2129,245,06,075,025800,075,23.8390092879257,88.49224988257399,06075025800
Census Tract 259; San Francisco County; California,147944.0,4128,1434,149,4128,1062,06,075,025900,075,10.390516039051603,74.27325581395348,06075025900
Census Tract 260.01; San Francisco County; California,114563.0,6416,1780,184,6416,1075,06,075,026001,075,10.337078651685392,83.24501246882792,06075026001
Census Tract 260.02; San Francisco County; California,136324.0,3683,988,51,3683,1355,06,075,026002,075,5.161943319838056,63.20934021178387,06075026002
Census Tract 260.03; San Francisco County; California,98177.0,4920,1417,189,4920,1126,06,075,026003,075,13.338038108680312,77.11382113821138,06075026003
Census Tract 260.04; San Francisco County; California,111089.0,3839,1137,180,3839,902,06,075,026004,075,15.8311345646438,76.50429799426934,06075026004
Census Tract 261; San Francisco County; California,116444.0,6879,2012,372,6879,916,06,075,026100,075,18.48906560636183,86.68411106265445,06075026100
Census Tract 262.01; San Francisco County; California,124250.0,3651,968,62,3651,199,06,075,026201,075,6.40495867768595,94.54943850999726,06075026201
Census Tract 262.02; San Francisco County; California,138545.0,3863,1036,143,3863,830,06,075,026202,075,13.803088803088803,78.51410820605747,06075026202
Census Tract 263.01; San Francisco County; California,95458.0,5345,1424,265,5345,844,06,075,026301,075,18.609550561797754,84.20954162768943,06075026301
Census Tract 263.02; San Francisco County; California,93370.0,5004,1554,178,5004,756,06,075,026302,075,11.454311454311455,84.89208633093526,06075026302
Census Tract 263.03; San Francisco County; California,110074.0,4612,1313,25,4612,790,06,075,026303,075,1.904036557501904,82.87077189939289,06075026303
Census Tract 264.01; San Francisco County; California,94093.0,3842,1049,213,3842,380,06,075,026401,075,20.30505243088656,90.1093180635086,06075026401
Census Tract 264.02; San Francisco County; California,118182.0,4755,1244,90,4755,943,06,075,026402,075,7.234726688102894,80.16824395373291,06075026402
Census Tract 264.03; San Francisco County; California,92788.0,3581,1129,195,3581,375,06,075,026403,075,17.271922054915855,89.52806478637252,06075026403
Census Tract 264.04; San Francisco County; California,91463.0,2507,690,114,2507,143,06,075,026404,075,16.52173913043478,94.29597128041483,06075026404
Census Tract 301.01; San Francisco County; California,144753.0,4792,2035,600,4792,2493,06,075,030101,075,29.484029484029485,47.975792988313856,06075030101
Census Tract 301.02; San Francisco County; California,209167.0,4726,2096,307,4726,2705,06,075,030102,075,14.646946564885496,42.76343630977571,06075030102
Census Tract 302.01; San Francisco County; California,127009.0,4131,2007,523,4131,2144,06,075,030201,075,26.0587942202292,48.09973372064875,06075030201
Census Tract 302.02; San Francisco County; California,153412.0,4209,1969,635,4209,2292,06,075,030202,075,32.24987303199593,45.54526015680685,06075030202
Census Tract 303.01; San Francisco County; California,179107.0,6129,2439,299,6129,2505,06,075,030301,075,12.259122591225912,59.12873225648556,06075030301
Census Tract 303.02; San Francisco County; California,194625.0,3742,1359,29,3742,1508,06,075,030302,075,2.1339220014716704,59.700694815606624,06075030302
Census Tract 304; San Francisco County; California,137418.0,5262,2206,156,5262,2078,06,075,030400,075,7.071622846781506,60.5093120486507,06075030400
Census Tract 305; San Francisco County; California,174797.0,3787,1026,124,3787,1769,06,075,030500,075,12.085769980506821,53.28756271454977,06075030500
Census Tract 306; San Francisco County; California,229297.0,2348,885,33,2348,1252,06,075,030600,075,3.728813559322034,46.678023850085175,06075030600
Census Tract 307; San Francisco County; California,183388.0,6910,2679,43,6910,3797,06,075,030700,075,1.6050765210899591,45.0506512301013,06075030700
Census Tract 308; San Francisco County; California,208750.0,5907,2010,267,5907,3461,06,075,030800,075,13.28358208955224,41.40849839173861,06075030800
Census Tract 309; San Francisco County; California,178516.0,6627,2339,140,6627,2717,06,075,030900,075,5.985463873450192,59.00105628489513,06075030900
Census Tract 310; San Francisco County; California,190000.0,4140,1512,173,4140,1598,06,075,031000,075,11.441798941798941,61.40096618357488,06075031000
Census Tract 311; San Francisco County; California,188591.0,6286,2398,211,6286,2621,06,075,031100,075,8.798999165971642,58.304167992363986,06075031100
Census Tract 312.01; San Francisco County; California,101800.0,6341,1808,498,6341,964,06,075,031201,075,27.544247787610622,84.79735057561899,06075031201
Census Tract 312.02; San Francisco County; California,120667.0,2804,850,143,2804,273,06,075,031202,075,16.823529411764707,90.26390870185449,06075031202
Census Tract 313.01; San Francisco County; California,128571.0,3868,1534,71,3868,818,06,075,031301,075,4.6284224250325945,78.85211995863496,06075031301
Census Tract 313.02; San Francisco County; California,117014.0,4536,1725,146,4536,453,06,075,031302,075,8.46376811594203,90.0132275132275,06075031302
Census Tract 314.01; San Francisco County; California,97143.0,2533,616,74,2533,349,06,075,031401,075,12.012987012987013,86.2218712988551,06075031401
Census Tract 314.02; San Francisco County; California,139643.0,4545,1232,207,4545,573,06,075,031402,075,16.801948051948052,87.39273927392739,06075031402
Census Tract 326.01; San Francisco County; California,145903.0,4915,1799,310,4915,1730,06,075,032601,075,17.231795441912173,64.80162767039674,06075032601
Census Tract 326.02; San Francisco County; California,154609.0,4344,1490,120,4344,1374,06,075,032602,075,8.053691275167784,68.37016574585635,06075032602
Census Tract 327; San Francisco County; California,145147.0,6721,2436,220,6721,2434,06,075,032700,075,9.0311986863711,63.78515101919358,06075032700
Census Tract 328.01; San Francisco County; California,136250.0,3831,1318,88,3831,724,06,075,032801,075,6.676783004552352,81.10154006786739,06075032801
Census Tract 328.02; San Francisco County; California,110926.0,4454,1510,213,4454,1232,06,075,032802,075,14.105960264900663,72.33947013920073,06075032802
Census Tract 329.01; San Francisco County; California,154291.0,5064,1617,183,5064,1152,06,075,032901,075,11.317254174397032,77.25118483412322,06075032901
Census Tract 329.02; San Francisco County; California,107582.0,3907,1359,106,3907,985,06,075,032902,075,7.799852832965416,74.78884054261582,06075032902
Census Tract 330.01; San Francisco County; California,148239.0,4075,1360,23,4075,1122,06,075,033001,075,1.6911764705882353,72.46625766871165,06075033001
Census Tract 330.02; San Francisco County; California,173281.0,4288,1524,141,4288,1968,06,075,033002,075,9.251968503937007,54.1044776119403,06075033002
Census Tract 331; San Francisco County; California,165592.0,3980,1415,105,3980,1305,06,075,033100,075,7.420494699646643,67.21105527638191,06075033100
Census Tract 332.01; San Francisco County; California,53906.0,3730,621,200,3730,1171,06,075,033201,075,32.2061191626409,68.6058981233244,06075033201
Census Tract 332.03; San Francisco County; California,62813.0,3313,1543,309,3313,1115,06,075,033203,075,20.02592352559948,66.34470268638695,06075033203
Census Tract 332.04; San Francisco County; California,69769.0,3620,1639,501,3620,940,06,075,033204,075,30.567419158023185,74.03314917127072,06075033204
Census Tract 351.01; San Francisco County; California,98580.0,4018,1552,246,4018,1840,06,075,035101,075,15.850515463917525,54.20607267297163,06075035101
Census Tract 351.02; San Francisco County; California,162721.0,4458,1307,114,4458,1287,06,075,035102,075,8.722264728385616,71.13055181695827,06075035102
Census Tract 352.01; San Francisco County; California,132277.0,5305,1849,184,5305,1445,06,075,035201,075,9.951325040562466,72.76154571159283,06075035201
Census Tract 352.02; San Francisco County; California,100701.0,4878,1777,131,4878,1849,06,075,035202,075,7.371975239167136,62.095120951209516,06075035202
Census Tract 353; San Francisco County; California,146620.0,7157,2590,298,7157,2360,06,075,035300,075,11.505791505791505,67.02528992594662,06075035300
Census Tract 354; San Francisco County; California,139477.0,7431,2430,479,7431,2944,06,075,035400,075,19.711934156378604,60.38218274794779,06075035400
Census Tract 401; San Francisco County; California,136429.0,4228,1682,329,4228,1826,06,075,040100,075,19.560047562425684,56.81173131504257,06075040100
Census Tract 402; San Francisco County; California,184617.0,5464,2387,729,5464,2521,06,075,040200,075,30.54042731462086,53.86163982430454,06075040200
Census Tract 426.01; San Francisco County; California,124324.0,4126,1668,489,4126,1807,06,075,042601,075,29.31654676258993,56.204556471158504,06075042601
Census Tract 426.02; San Francisco County; California,155750.0,2842,1312,242,2842,1394,06,075,042602,075,18.445121951219512,50.950035186488385,06075042602
Census Tract 427; San Francisco County; California,104414.0,5229,2523,433,5229,1903,06,075,042700,075,17.162108600871978,63.60680818512143,06075042700
Census Tract 428; San Francisco County; California,250001.0,2348,878,27,2348,1416,06,075,042800,075,3.0751708428246016,39.69335604770017,06075042800
Census Tract 451; San Francisco County; California,190389.0,4838,1936,381,4838,2681,06,075,045100,075,19.679752066115704,44.584539065729636,06075045100
Census Tract 452.01; San Francisco County; California,139659.0,3104,1333,327,3104,1307,06,075,045201,075,24.5311327831958,57.89304123711341,06075045201
Census Tract 452.02; San Francisco County; California,154375.0,3358,1419,363,3358,1857,06,075,045202,075,25.581395348837212,44.699225729600954,06075045202
Census Tract 476; San Francisco County; California,169563.0,5121,2234,347,5121,1890,06,075,047600,075,15.532676812891674,63.09314586994728,06075047600
Census Tract 477.01; San Francisco County; California,125658.0,4848,2048,515,4848,1736,06,075,047701,075,25.146484375,64.1914191419142,06075047701
Census Tract 477.02; San Francisco County; California,114892.0,3654,1607,313,3654,1579,06,075,047702,075,19.477286869943995,56.78708264915161,06075047702
Census Tract 478.01; San Francisco County; California,163178.0,4613,1798,295,4613,1846,06,075,047801,075,16.407119021134594,59.98265770648168,06075047801
Census Tract 478.02; San Francisco County; California,125682.0,3664,1400,187,3664,1668,06,075,047802,075,13.357142857142856,54.47598253275109,06075047802
Census Tract 479.02; San Francisco County; California,126944.0,3350,1494,214,3350,1555,06,075,047902,075,14.323962516733602,53.58208955223881,06075047902
Census Tract 479.03; San Francisco County; California,147768.0,3981,1436,144,3981,1730,06,075,047903,075,10.027855153203342,56.5435820145692,06075047903
Census Tract 479.04; San Francisco County; California,84880.0,3145,1407,506,3145,1894,06,075,047904,075,35.963041933191185,39.77742448330683,06075047904
Census Tract 601; San Francisco County; California,236445.0,3952,1331,56,3952,2395,06,075,060100,075,4.207362885048836,39.39777327935223,06075060100
Census Tract 604; San Francisco County; California,99556.0,1866,993,153,1866,738,06,075,060400,075,15.407854984894259,60.45016077170418,06075060400
Census Tract 605.02; San Francisco County; California,37891.0,3361,957,249,3361,222,06,075,060502,075,26.01880877742947,93.39482296935437,06075060502
Census Tract 607.01; San Francisco County; California,222692.0,7879,3168,806,7879,1779,06,075,060701,075,25.441919191919194,77.42099251174007,06075060701
Census Tract 607.02; San Francisco County; California,141333.0,1945,1030,342,1945,1099,06,075,060702,075,33.20388349514563,43.49614395886889,06075060702
Census Tract 607.03; San Francisco County; California,235371.0,6256,2763,808,6256,2985,06,075,060703,075,29.243575823380386,52.28580562659847,06075060703
Census Tract 610; San Francisco County; California,107882.0,4890,1671,131,4890,921,06,075,061000,075,7.839616995810891,81.16564417177914,06075061000
Census Tract 611.01; San Francisco County; California,19531.0,1861,910,615,1861,60,06,075,061101,075,67.58241758241759,96.77592692101021,06075061101
Census Tract 611.02; San Francisco County; California,27450.0,2393,969,671,2393,0,06,075,061102,075,69.24664602683178,100.0,06075061102
Census Tract 612; San Francisco County; California,107652.0,4006,1107,246,4006,404,06,075,061200,075,22.22222222222222,89.91512730903645,06075061200
Census Tract 614.01; San Francisco County; California,139038.0,2989,1468,406,2989,1618,06,075,061401,075,27.656675749318797,45.86818333890933,06075061401
Census Tract 614.02; San Francisco County; California,174675.0,2331,1163,91,2331,1231,06,075,061402,075,7.824591573516767,47.19004719004719,06075061402
Census Tract 615.01; San Francisco County; California,239147.0,1656,1104,335,1656,803,06,075,061501,075,30.344202898550726,51.50966183574879,06075061501
Census Tract 615.02; San Francisco County; California,93403.0,1901,1355,604,1901,1462,06,075,061502,075,44.57564575645757,23.093108890057863,06075061502
Census Tract 615.03; San Francisco County; California,221781.0,3205,1747,872,3205,1327,06,075,061503,075,49.9141385231826,58.59594383775351,06075061503
Census Tract 615.04; San Francisco County; California,247063.0,1567,815,161,1567,460,06,075,061504,075,19.754601226993866,70.64454371410338,06075061504
Census Tract 615.05; San Francisco County; California,250001.0,1061,524,17,1061,317,06,075,061505,075,3.2442748091603053,70.12252591894439,06075061505
Census Tract 615.06; San Francisco County; California,250001.0,4541,2696,569,4541,2037,06,075,061506,075,21.105341246290802,55.14203919841445,06075061506
Census Tract 615.07; San Francisco County; California,118370.0,1772,742,487,1772,535,06,075,061507,075,65.63342318059298,69.80812641083521,06075061507
Census Tract 615.08; San Francisco County; California,171915.0,2222,1090,382,2222,945,06,075,061508,075,35.04587155963303,57.470747074707475,06075061508
Census Tract 9802; San Francisco County; California,,186,0,0,186,66,06,075,980200,075,,64.51612903225806,06075980200
Census Tract 9803; San Francisco County; California,,38,28,6,38,24,06,075,980300,075,21.428571428571427,36.84210526315789,06075980300
Census Tract 9804.01; San Francisco County; California,,0,0,0,0,0,06,075,980401,075,,,06075980401
Census Tract 9805.01; San Francisco County; California,12169.0,129,118,113,129,0,06,075,980501,075,95.76271186440678,100.0,06075980501
Census Tract 9806; San Francisco County; California,136250.0,1172,525,59,1172,133,06,075,980600,075,11.238095238095239,88.6518771331058,06075980600
Census Tract 9809; San Francisco County; California,,315,156,29,315,47,06,075,980900,075,18.58974358974359,85.07936507936508,06075980900
Census Tract 9901; San Francisco County; California,,0,0,0,0,0,06,075,990100,075,,,06075990100
Census Tract 9902; San Francisco County; California,,0,0,0,0,0,06,075,990200,075,,,06075990200
Census Tract 6001; San Mateo County; California,148724.0,5175,2090,31,5175,2393,06,081,600100,081,1.4832535885167464,53.7584541062802,06081600100
Census Tract 6002; San Mateo County; California,111000.0,4246,1058,95,4246,268,06,081,600200,081,8.979206049149338,93.68817710786622,06081600200
Census Tract 6003; San Mateo County; California,175139.0,4088,1383,0,4088,918,06,081,600300,081,0.0,77.5440313111546,06081600300
Census Tract 6004.01; San Mateo County; California,152611.0,3278,1124,15,3278,529,06,081,600401,081,1.3345195729537367,83.8621110433191,06081600401
Census Tract 6004.02; San Mateo County; California,134704.0,4688,1189,53,4688,694,06,081,600402,081,4.457527333894029,85.1962457337884,06081600402
Census Tract 6005.01; San Mateo County; California,96696.0,3793,1241,76,3793,1232,06,081,600501,081,6.124093473005641,67.51911415765885,06081600501
Census Tract 6005.02; San Mateo County; California,126805.0,3908,992,0,3908,276,06,081,600502,081,0.0,92.93756397134084,06081600502
Census Tract 6006; San Mateo County; California,103567.0,4845,1502,165,4845,923,06,081,600600,081,10.985352862849535,80.94943240454077,06081600600
Census Tract 6007.01; San Mateo County; California,70290.0,3620,1244,177,3620,481,06,081,600701,081,14.22829581993569,86.71270718232044,06081600701
Census Tract 6007.02; San Mateo County; California,143843.0,2724,879,50,2724,562,06,081,600702,081,5.688282138794084,79.36857562408223,06081600702
Census Tract 6008; San Mateo County; California,86671.0,8390,2649,448,8390,1786,06,081,600800,081,16.912042280105698,78.71275327771157,06081600800
Census Tract 6009; San Mateo County; California,138929.0,4035,1362,192,4035,1376,06,081,600900,081,14.096916299559473,65.89838909541513,06081600900
Census Tract 6010; San Mateo County; California,136445.0,7202,2213,48,7202,1482,06,081,601000,081,2.1690013556258476,79.42238267148014,06081601000
Census Tract 6011; San Mateo County; California,148381.0,6277,1873,49,6277,1284,06,081,601100,081,2.616123865456487,79.5443683288195,06081601100
Census Tract 6012; San Mateo County; California,133873.0,6754,2109,100,6754,2205,06,081,601200,081,4.74158368895211,67.3526798933965,06081601200
Census Tract 6013.01; San Mateo County; California,77453.0,3726,1120,382,3726,880,06,081,601301,081,34.10714285714286,76.38217928073,06081601301
Census Tract 6013.02; San Mateo County; California,91397.0,4975,1425,150,4975,424,06,081,601302,081,10.526315789473683,91.47738693467336,06081601302
Census Tract 6014; San Mateo County; California,117143.0,6884,2094,150,6884,915,06,081,601400,081,7.163323782234957,86.70830912260314,06081601400
Census Tract 6015.01; San Mateo County; California,169583.0,5503,1520,71,5503,505,06,081,601501,081,4.671052631578947,90.82318735235326,06081601501
Census Tract 6015.02; San Mateo County; California,92208.0,5451,1721,169,5451,848,06,081,601502,081,9.819872167344567,84.44322142726105,06081601502
Census Tract 6016.01; San Mateo County; California,101103.0,2654,941,40,2654,891,06,081,601601,081,4.250797024442083,66.4280331574981,06081601601
Census Tract 6016.03; San Mateo County; California,100772.0,6251,1985,274,6251,723,06,081,601603,081,13.803526448362721,88.43385058390658,06081601603
Census Tract 6016.04; San Mateo County; California,117875.0,2431,1102,53,2431,552,06,081,601604,081,4.809437386569873,77.29329494035376,06081601604
Census Tract 6016.05; San Mateo County; California,144250.0,5947,1848,111,5947,482,06,081,601605,081,6.0064935064935066,91.89507314612409,06081601605
Census Tract 6017; San Mateo County; California,173333.0,4561,1338,69,4561,1513,06,081,601700,081,5.15695067264574,66.8274501205876,06081601700
Census Tract 6018; San Mateo County; California,124196.0,6141,2205,100,6141,2067,06,081,601800,081,4.535147392290249,66.34098680996581,06081601800
Census Tract 6019.01; San Mateo County; California,104596.0,4080,1291,42,4080,1317,06,081,601901,081,3.253292021688613,67.72058823529412,06081601901
Census Tract 6019.02; San Mateo County; California,125585.0,5664,2178,66,5664,1899,06,081,601902,081,3.0303030303030303,66.47245762711864,06081601902
Census Tract 6020.01; San Mateo County; California,141995.0,3946,1513,101,3946,1540,06,081,602001,081,6.67547918043622,60.97313735428281,06081602001
Census Tract 6020.02; San Mateo County; California,146786.0,4036,1148,1,4036,1309,06,081,602002,081,0.08710801393728224,67.56689791873141,06081602002
Census Tract 6021; San Mateo County; California,87853.0,3484,1007,68,3484,624,06,081,602100,081,6.752730883813307,82.08955223880598,06081602100
Census Tract 6022.01; San Mateo County; California,82015.0,4761,1747,166,4761,1941,06,081,602201,081,9.502003434459072,59.231253938248265,06081602201
Census Tract 6022.02; San Mateo County; California,86491.0,3142,1127,142,3142,387,06,081,602202,081,12.599822537710736,87.68300445576067,06081602202
Census Tract 6023; San Mateo County; California,155345.0,4419,1286,57,4419,710,06,081,602300,081,4.432348367029549,83.93301651957456,06081602300
Census Tract 6024; San Mateo County; California,128750.0,7636,2791,296,7636,3052,06,081,602400,081,10.605517735578646,60.03143006809848,06081602400
Census Tract 6025; San Mateo County; California,159712.0,5293,1498,33,5293,1064,06,081,602500,081,2.202937249666222,79.89797846211978,06081602500
Census Tract 6026.01; San Mateo County; California,156595.0,4096,1501,95,4096,1081,06,081,602601,081,6.329113924050633,73.6083984375,06081602601
Census Tract 6026.02; San Mateo County; California,163828.0,4370,1318,67,4370,482,06,081,602602,081,5.0834597875569045,88.97025171624713,06081602602
Census Tract 6027; San Mateo County; California,152454.0,5702,1941,37,5702,1562,06,081,602700,081,1.90623390005152,72.60610312171168,06081602700
Census Tract 6028; San Mateo County; California,151676.0,4734,1501,7,4734,1373,06,081,602800,081,0.4663557628247834,70.99704267004647,06081602800
Census Tract 6029; San Mateo County; California,154348.0,3703,1546,40,3703,2226,06,081,602900,081,2.58732212160414,39.88657844990548,06081602900
Census Tract 6030; San Mateo County; California,142134.0,4575,2012,121,4575,2798,06,081,603000,081,6.013916500994036,38.84153005464481,06081603000
Census Tract 6031; San Mateo County; California,196447.0,3368,1132,13,3368,2123,06,081,603100,081,1.1484098939929328,36.965558194774346,06081603100
Census Tract 6032; San Mateo County; California,147059.0,3733,1358,12,3733,2859,06,081,603200,081,0.8836524300441826,23.41280471470667,06081603200
Census Tract 6033; San Mateo County; California,147589.0,6427,2360,96,6427,4834,06,081,603300,081,4.067796610169491,24.786058814376847,06081603300
Census Tract 6034; San Mateo County; California,145809.0,5819,2101,14,5819,4146,06,081,603400,081,0.666349357448834,28.75064444062554,06081603400
Census Tract 6037; San Mateo County; California,122337.0,5644,1863,94,5644,2116,06,081,603700,081,5.045625335480408,62.50885896527285,06081603700
Census Tract 6038.01; San Mateo County; California,95573.0,1992,1173,55,1992,776,06,081,603801,081,4.6888320545609545,61.044176706827315,06081603801
Census Tract 6038.02; San Mateo County; California,155924.0,5530,1883,72,5530,2635,06,081,603802,081,3.8236856080722257,52.35081374321881,06081603802
Census Tract 6039; San Mateo County; California,126188.0,5633,2101,46,5633,2870,06,081,603900,081,2.1894336030461687,49.05023965915143,06081603900
Census Tract 6040; San Mateo County; California,150750.0,3273,1164,68,3273,1721,06,081,604000,081,5.841924398625429,47.418270699663914,06081604000
Census Tract 6041.02; San Mateo County; California,113750.0,3164,1599,241,3164,1010,06,081,604102,081,15.071919949968732,68.07838179519595,06081604102
Census Tract 6041.03; San Mateo County; California,102899.0,4344,1431,242,4344,1559,06,081,604103,081,16.911250873515023,64.11141804788214,06081604103
Census Tract 6041.04; San Mateo County; California,115781.0,3862,1145,49,3862,1166,06,081,604104,081,4.279475982532751,69.80838943552563,06081604104
Census Tract 6042; San Mateo County; California,139350.0,4055,917,56,4055,606,06,081,604200,081,6.106870229007633,85.05548705302097,06081604200
Census Tract 6044; San Mateo County; California,121471.0,5314,1886,79,5314,1779,06,081,604400,081,4.188759278897137,66.52239367707942,06081604400
Census Tract 6045; San Mateo County; California,149427.0,3756,1293,113,3756,1556,06,081,604500,081,8.739365815931942,58.57294994675186,06081604500
Census Tract 6046; San Mateo County; California,158516.0,2565,873,21,2565,924,06,081,604600,081,2.405498281786942,63.976608187134495,06081604600
Census Tract 6047; San Mateo County; California,208625.0,2801,933,45,2801,980,06,081,604700,081,4.823151125401929,65.0124955373081,06081604700
Census Tract 6048; San Mateo County; California,144283.0,5349,1901,330,5349,2176,06,081,604800,081,17.35928458705944,59.31949897177042,06081604800
Census Tract 6049; San Mateo County; California,101667.0,3040,1188,51,3040,841,06,081,604900,081,4.292929292929292,72.33552631578948,06081604900
Census Tract 6050; San Mateo County; California,200893.0,8194,2797,84,8194,3938,06,081,605000,081,3.003217733285663,51.94044422748353,06081605000
Census Tract 6051; San Mateo County; California,138667.0,2927,1188,85,2927,1645,06,081,605100,081,7.154882154882154,43.79911171848308,06081605100
Census Tract 6052; San Mateo County; California,184107.0,3623,1349,9,3623,2318,06,081,605200,081,0.6671608598962194,36.01987303339774,06081605200
Census Tract 6053; San Mateo County; California,174464.0,5149,1941,15,5149,3174,06,081,605300,081,0.7727975270479135,38.35696251699359,06081605300
Census Tract 6054; San Mateo County; California,167067.0,6790,2708,119,6790,4015,06,081,605400,081,4.394387001477105,40.86892488954344,06081605400
Census Tract 6055.01; San Mateo County; California,85313.0,2918,1623,84,2918,1507,06,081,605501,081,5.175600739371535,48.35503769705278,06081605501
Census Tract 6055.02; San Mateo County; California,200350.0,2599,981,57,2599,1322,06,081,605502,081,5.81039755351682,49.134282416313965,06081605502
Census Tract 6056; San Mateo County; California,250001.0,6032,1785,39,6032,3137,06,081,605600,081,2.1848739495798317,47.994031830238725,06081605600
Census Tract 6057; San Mateo County; California,250001.0,5226,1698,29,5226,2893,06,081,605700,081,1.707891637220259,44.64217374665136,06081605700
Census Tract 6058; San Mateo County; California,190673.0,2723,973,24,2723,2169,06,081,605800,081,2.466598150051387,20.345207491737057,06081605800
Census Tract 6059.01; San Mateo County; California,138934.0,2815,1059,81,2815,1271,06,081,605901,081,7.64872521246459,54.849023090586144,06081605901
Census Tract 6059.02; San Mateo County; California,103075.0,3061,1255,89,3061,936,06,081,605902,081,7.091633466135458,69.42175759555701,06081605902
Census Tract 6060; San Mateo County; California,103813.0,5476,2453,69,5476,2307,06,081,606000,081,2.8128821850794945,57.87070854638422,06081606000
Census Tract 6061; San Mateo County; California,138108.0,5091,1482,70,5091,1696,06,081,606100,081,4.723346828609987,66.68630917305049,06081606100
Census Tract 6062.01; San Mateo County; California,60703.0,3731,1109,124,3731,836,06,081,606201,081,11.181244364292155,77.59313856874832,06081606201
Census Tract 6062.02; San Mateo County; California,184326.0,3805,1194,128,3805,725,06,081,606202,081,10.720268006700168,80.946123521682,06081606202
Census Tract 6063; San Mateo County; California,119102.0,3817,1770,324,3817,1820,06,081,606300,081,18.305084745762713,52.31857479696096,06081606300
Census Tract 6064; San Mateo County; California,147546.0,4739,2439,238,4739,2306,06,081,606400,081,9.758097580975809,51.33994513610466,06081606400
Census Tract 6065; San Mateo County; California,226875.0,3479,1338,18,3479,2530,06,081,606500,081,1.345291479820628,27.277953434895085,06081606500
Census Tract 6066; San Mateo County; California,209224.0,3838,1478,21,3838,2350,06,081,606600,081,1.4208389715832206,38.77019280875456,06081606600
Census Tract 6067; San Mateo County; California,172420.0,2497,959,44,2497,1421,06,081,606700,081,4.588112617309697,43.091710052062474,06081606700
Census Tract 6068; San Mateo County; California,195313.0,3809,1315,15,3809,1901,06,081,606800,081,1.1406844106463878,50.09188763454975,06081606800
Census Tract 6069; San Mateo County; California,250001.0,2797,931,9,2797,1568,06,081,606900,081,0.966702470461869,43.93993564533429,06081606900
Census Tract 6070; San Mateo County; California,160341.0,3436,1411,10,3436,1759,06,081,607000,081,0.7087172218284904,48.80675203725262,06081607000
Census Tract 6071; San Mateo County; California,250001.0,2998,1056,30,2998,1900,06,081,607100,081,2.840909090909091,36.62441627751834,06081607100
Census Tract 6072; San Mateo County; California,118848.0,4424,1689,153,4424,1492,06,081,607200,081,9.058614564831261,66.2748643761302,06081607200
Census Tract 6073; San Mateo County; California,237321.0,3853,1255,24,3853,2354,06,081,607300,081,1.9123505976095616,38.90474954580846,06081607300
Census Tract 6074; San Mateo County; California,149028.0,4799,1983,217,4799,2519,06,081,607400,081,10.943015632879476,47.50989789539488,06081607400
Census Tract 6075; San Mateo County; California,202120.0,6214,2511,192,6214,2095,06,081,607500,081,7.646356033452808,66.28580624396524,06081607500
Census Tract 6076; San Mateo County; California,119357.0,3978,1770,129,3978,1847,06,081,607600,081,7.288135593220339,53.56963298139769,06081607600
Census Tract 6077.01; San Mateo County; California,149333.0,4298,1388,32,4298,1457,06,081,607701,081,2.3054755043227666,66.10051186598417,06081607701
Census Tract 6077.02; San Mateo County; California,152875.0,3299,833,28,3299,1129,06,081,607702,081,3.361344537815126,65.77750833585935,06081607702
Census Tract 6078; San Mateo County; California,177014.0,3432,1111,14,3432,1614,06,081,607800,081,1.2601260126012601,52.972027972027966,06081607800
Census Tract 6079; San Mateo County; California,133802.0,3182,1713,98,3182,1741,06,081,607900,081,5.720957384705196,45.28598365807668,06081607900
Census Tract 6080.01; San Mateo County; California,180000.0,3531,1396,36,3531,1893,06,081,608001,081,2.5787965616045847,46.38912489379779,06081608001
Census Tract 6080.02; San Mateo County; California,210179.0,3551,1307,10,3551,1400,06,081,608002,081,0.7651109410864576,60.57448606026471,06081608002
Census Tract 6080.13; San Mateo County; California,160833.0,3677,1362,81,3677,1256,06,081,608013,081,5.947136563876652,65.8417187924939,06081608013
Census Tract 6080.23; San Mateo County; California,234659.0,2366,773,9,2366,896,06,081,608023,081,1.1642949547218628,62.1301775147929,06081608023
Census Tract 6080.24; San Mateo County; California,214719.0,3192,1259,89,3192,1167,06,081,608024,081,7.069102462271644,63.43984962406015,06081608024
Census Tract 6080.25; San Mateo County; California,181314.0,6340,2525,373,6340,1940,06,081,608025,081,14.772277227722771,69.4006309148265,06081608025
Census Tract 6081; San Mateo County; California,209313.0,3564,1325,6,3564,863,06,081,608100,081,0.4528301886792453,75.78563411896745,06081608100
Census Tract 6082; San Mateo County; California,166250.0,3798,1422,44,3798,1191,06,081,608200,081,3.0942334739803097,68.64139020537124,06081608200
Census Tract 6083; San Mateo County; California,188594.0,3196,1289,70,3196,839,06,081,608300,081,5.430566330488751,73.74843554443054,06081608300
Census Tract 6084; San Mateo County; California,150350.0,5243,2131,203,5243,1578,06,081,608400,081,9.52604411074613,69.90272744611865,06081608400
Census Tract 6085.01; San Mateo County; California,168050.0,5120,1621,62,5120,2226,06,081,608501,081,3.824799506477483,56.52343749999999,06081608501
Census Tract 6085.02; San Mateo County; California,152667.0,2628,1164,36,2628,1068,06,081,608502,081,3.0927835051546393,59.3607305936073,06081608502
Census Tract 6086; San Mateo County; California,138967.0,4598,1976,255,4598,2283,06,081,608600,081,12.904858299595142,50.3479773814702,06081608600
Census Tract 6087; San Mateo County; California,210804.0,7315,2768,58,7315,3901,06,081,608700,081,2.0953757225433525,46.671223513328776,06081608700
Census Tract 6088; San Mateo County; California,250001.0,6278,2148,47,6278,3901,06,081,608800,081,2.188081936685289,37.862376553042374,06081608800
Census Tract 6089; San Mateo County; California,148988.0,7303,3111,270,7303,3461,06,081,608900,081,8.678881388621022,52.60851704778858,06081608900
Census Tract 6090; San Mateo County; California,166181.0,2637,934,63,2637,1349,06,081,609000,081,6.745182012847965,48.84338263177854,06081609000
Census Tract 6091; San Mateo County; California,214038.0,1478,566,4,1478,886,06,081,609100,081,0.7067137809187279,40.054127198917456,06081609100
Census Tract 6092.01; San Mateo County; California,165288.0,3548,1438,122,3548,2526,06,081,609201,081,8.484005563282336,28.804960541149942,06081609201
Census Tract 6092.02; San Mateo County; California,142500.0,5172,2196,136,5172,2589,06,081,609202,081,6.193078324225866,49.94199535962877,06081609202
Census Tract 6093; San Mateo County; California,243750.0,3449,1162,36,3449,2345,06,081,609300,081,3.098106712564544,32.009278051609165,06081609300
Census Tract 6094; San Mateo County; California,250001.0,3408,1041,7,3408,2228,06,081,609400,081,0.6724303554274735,34.624413145539904,06081609400
Census Tract 6095; San Mateo County; California,250001.0,5029,1711,72,5029,3291,06,081,609500,081,4.208065458796026,34.55955458341619,06081609500
Census Tract 6096.01; San Mateo County; California,229167.0,3675,1274,35,3675,2305,06,081,609601,081,2.7472527472527473,37.27891156462585,06081609601
Census Tract 6096.02; San Mateo County; California,250001.0,1786,649,7,1786,1129,06,081,609602,081,1.078582434514638,36.786114221724524,06081609602
Census Tract 6096.03; San Mateo County; California,250001.0,4757,1875,30,4757,3518,06,081,609603,081,1.6,26.045827202018078,06081609603
Census Tract 6097; San Mateo County; California,250001.0,4783,1688,0,4783,3669,06,081,609700,081,0.0,23.290821660045996,06081609700
Census Tract 6098; San Mateo County; California,208239.0,4581,1669,0,4581,3183,06,081,609800,081,0.0,30.51735428945645,06081609800
Census Tract 6099; San Mateo County; California,227614.0,2949,1069,22,2949,2247,06,081,609900,081,2.05799812909261,23.80467955239064,06081609900
Census Tract 6100; San Mateo County; California,153303.0,4780,1980,108,4780,2955,06,081,610000,081,5.454545454545454,38.17991631799163,06081610000
Census Tract 6101; San Mateo County; California,122250.0,2551,914,34,2551,1402,06,081,610100,081,3.7199124726477026,45.04116032928264,06081610100
Census Tract 6102.01; San Mateo County; California,75184.0,5256,1795,277,5256,1371,06,081,610201,081,15.43175487465181,73.91552511415526,06081610201
Census Tract 6102.02; San Mateo County; California,173125.0,4681,2226,385,4681,2099,06,081,610202,081,17.29559748427673,55.15915402691732,06081610202
Census Tract 6102.03; San Mateo County; California,75597.0,3134,931,99,3134,917,06,081,610203,081,10.633727175080558,70.74026802807913,06081610203
Census Tract 6103.02; San Mateo County; California,134924.0,4398,1514,42,4398,1869,06,081,610302,081,2.7741083223249667,57.503410641200546,06081610302
Census Tract 6103.03; San Mateo County; California,202632.0,7091,2870,170,7091,3148,06,081,610303,081,5.923344947735192,55.60569736285432,06081610303
Census Tract 6103.04; San Mateo County; California,188802.0,4497,1789,88,4497,1959,06,081,610304,081,4.918949133594187,56.43762508338893,06081610304
Census Tract 6104; San Mateo County; California,94861.0,5981,1462,49,5981,1954,06,081,610400,081,3.3515731874145005,67.32987794683163,06081610400
Census Tract 6105; San Mateo County; California,95708.0,4729,1353,41,4729,1699,06,081,610500,081,3.0303030303030303,64.07274265172342,06081610500
Census Tract 6106.01; San Mateo County; California,96042.0,5993,1527,75,5993,1653,06,081,610601,081,4.911591355599214,72.41782079092273,06081610601
Census Tract 6106.02; San Mateo County; California,162188.0,2996,1041,0,2996,1559,06,081,610602,081,0.0,47.96395193591455,06081610602
Census Tract 6107; San Mateo County; California,111467.0,6010,1915,168,6010,2633,06,081,610700,081,8.772845953002612,56.18968386023294,06081610700
Census Tract 6108; San Mateo County; California,89178.0,4311,1480,126,4311,1380,06,081,610800,081,8.513513513513514,67.98886569241476,06081610800
Census Tract 6109.01; San Mateo County; California,112059.0,3591,1350,105,3591,1666,06,081,610901,081,7.777777777777778,53.606237816764136,06081610901
Census Tract 6109.02; San Mateo County; California,125541.0,2804,1198,55,2804,1307,06,081,610902,081,4.590984974958263,53.38801711840229,06081610902
Census Tract 6110; San Mateo County; California,156595.0,6735,2211,19,6735,2871,06,081,611000,081,0.8593396653098146,57.37193763919822,06081611000
Census Tract 6111; San Mateo County; California,220644.0,6426,2293,14,6426,4115,06,081,611100,081,0.6105538595726123,35.96327419856832,06081611100
Census Tract 6112; San Mateo County; California,205917.0,2634,1023,0,2634,1787,06,081,611200,081,0.0,32.15641609719058,06081611200
Census Tract 6113; San Mateo County; California,213641.0,4946,1780,45,4946,3052,06,081,611300,081,2.528089887640449,38.293570562070364,06081611300
Census Tract 6114; San Mateo County; California,250001.0,4251,1268,21,4251,2975,06,081,611400,081,1.6561514195583598,30.01646671371442,06081611400
Census Tract 6115; San Mateo County; California,250001.0,2873,915,8,2873,2124,06,081,611500,081,0.8743169398907104,26.07030978071702,06081611500
Census Tract 6116; San Mateo County; California,250001.0,2335,746,11,2335,1387,06,081,611600,081,1.4745308310991956,40.599571734475376,06081611600
Census Tract 6117; San Mateo County; California,114934.0,5699,1628,92,5699,1495,06,081,611700,081,5.651105651105651,73.76732760133356,06081611700
Census Tract 6118; San Mateo County; California,116548.0,4558,1014,22,4558,842,06,081,611800,081,2.1696252465483234,81.5269855199649,06081611800
Census Tract 6119.01; San Mateo County; California,135368.0,4392,1043,53,4392,1046,06,081,611901,081,5.081495685522531,76.18397085610201,06081611901
Census Tract 6119.02; San Mateo County; California,136287.0,7336,1903,48,7336,2908,06,081,611902,081,2.5223331581713087,60.35986913849509,06081611902
Census Tract 6120.01; San Mateo County; California,112118.0,4017,945,15,4017,1026,06,081,612001,081,1.5873015873015872,74.45855115758029,06081612001
Census Tract 6120.02; San Mateo County; California,91127.0,2941,730,102,2941,1171,06,081,612002,081,13.972602739726028,60.183611016661,06081612002
Census Tract 6121.01; San Mateo County; California,115109.0,3484,1293,118,3484,1618,06,081,612101,081,9.126063418406806,53.55912743972445,06081612101
Census Tract 6121.02; San Mateo County; California,58618.0,3935,1539,124,3935,1280,06,081,612102,081,8.057179987004549,67.47141041931386,06081612102
Census Tract 6125; San Mateo County; California,175865.0,4524,1839,205,4524,2558,06,081,612500,081,11.147362697117998,43.45711759504863,06081612500
Census Tract 6126; San Mateo County; California,160962.0,4372,1888,308,4372,3060,06,081,612600,081,16.3135593220339,30.00914913083257,06081612600
Census Tract 6127; San Mateo County; California,250001.0,2064,752,7,2064,1696,06,081,612700,081,0.9308510638297872,17.829457364341085,06081612700
Census Tract 6128; San Mateo County; California,250001.0,3379,1004,2,3379,2578,06,081,612800,081,0.199203187250996,23.705238236164547,06081612800
Census Tract 6129; San Mateo County; California,250001.0,4441,1605,35,4441,3260,06,081,612900,081,2.1806853582554515,26.593109659986492,06081612900
Census Tract 6130; San Mateo County; California,249479.0,3460,1237,55,3460,2396,06,081,613000,081,4.44624090541633,30.751445086705203,06081613000
Census Tract 6132; San Mateo County; California,248269.0,6851,2540,116,6851,5403,06,081,613200,081,4.566929133858268,21.135600642242007,06081613200
Census Tract 6133; San Mateo County; California,250001.0,2734,847,5,2734,2109,06,081,613300,081,0.5903187721369539,22.86027798098025,06081613300
Census Tract 6134; San Mateo County; California,250001.0,3067,1042,12,3067,2690,06,081,613400,081,1.1516314779270633,12.292142158461036,06081613400
Census Tract 6135.01; San Mateo County; California,149327.0,4247,1376,11,4247,3075,06,081,613501,081,0.7994186046511629,27.595950082411115,06081613501
Census Tract 6135.02; San Mateo County; California,215336.0,6164,2434,23,6164,5358,06,081,613502,081,0.9449465899753493,13.075924724205063,06081613502
Census Tract 6136; San Mateo County; California,165913.0,5814,2120,44,5814,4463,06,081,613600,081,2.0754716981132075,23.23701410388717,06081613600
Census Tract 6137.01; San Mateo County; California,180216.0,3929,1517,12,3929,3207,06,081,613701,081,0.7910349373764008,18.37617714431153,06081613701
Census Tract 6137.02; San Mateo County; California,120557.0,4687,1708,150,4687,2806,06,081,613702,081,8.782201405152225,40.13228077661618,06081613702
Census Tract 6138; San Mateo County; California,208703.0,4064,1525,36,4064,2820,06,081,613800,081,2.360655737704918,30.61023622047244,06081613800
Census Tract 6139; San Mateo County; California,224223.0,6358,2013,188,6358,4119,06,081,613900,081,9.339294585196225,35.215476564957534,06081613900
Census Tract 6140; San Mateo County; California,195082.0,5872,1893,40,5872,1688,06,081,614000,081,2.1130480718436346,71.2534059945504,06081614000
Census Tract 9843; San Mateo County; California,,0,0,0,0,0,06,081,984300,081,,,06081984300
Census Tract 9901; San Mateo County; California,,0,0,0,0,0,06,081,990100,081,,,06081990100
Census Tract 5001; Santa Clara County; California,154868.0,7903,2872,88,7903,2059,06,085,500100,085,3.064066852367688,73.94660255599139,06085500100
Census Tract 5002; Santa Clara County; California,155536.0,5406,1927,49,5406,1893,06,085,500200,085,2.542812662169175,64.98335183129855,06085500200
Census Tract 5003; Santa Clara County; California,116172.0,4156,1681,51,4156,2009,06,085,500300,085,3.0339083878643662,51.66025024061598,06085500300
Census Tract 5004; Santa Clara County; California,146607.0,2545,1029,101,2545,1147,06,085,500400,085,9.815354713313896,54.93123772102161,06085500400
Census Tract 5005; Santa Clara County; California,171885.0,5020,2093,234,5020,3271,06,085,500500,085,11.180124223602485,34.8406374501992,06085500500
Census Tract 5006; Santa Clara County; California,119675.0,6069,2285,298,6069,2084,06,085,500600,085,13.041575492341357,65.66155874114351,06085500600
Census Tract 5008; Santa Clara County; California,152112.0,4483,2425,520,4483,2021,06,085,500800,085,21.443298969072163,54.91858130716039,06085500800
Census Tract 5009.01; Santa Clara County; California,73750.0,4459,2192,550,4459,1560,06,085,500901,085,25.09124087591241,65.01457725947522,06085500901
Census Tract 5009.02; Santa Clara County; California,41250.0,4613,550,41,4613,1256,06,085,500902,085,7.454545454545454,72.77259917624106,06085500902
Census Tract 5010; Santa Clara County; California,54588.0,5003,2378,547,5003,1464,06,085,501000,085,23.002523128679563,70.73755746552068,06085501000
Census Tract 5011.01; Santa Clara County; California,88583.0,4369,1906,290,4369,1421,06,085,501101,085,15.21511017838405,67.47539482719158,06085501101
Census Tract 5011.02; Santa Clara County; California,134250.0,4191,1354,54,4191,1346,06,085,501102,085,3.9881831610044314,67.88356000954427,06085501102
Census Tract 5012; Santa Clara County; California,106500.0,4345,1460,25,4345,2000,06,085,501200,085,1.7123287671232876,53.970080552359036,06085501200
Census Tract 5013; Santa Clara County; California,127188.0,4063,1099,145,4063,1831,06,085,501300,085,13.193812556869883,54.93477725818361,06085501300
Census Tract 5014.01; Santa Clara County; California,74167.0,2954,978,121,2954,981,06,085,501401,085,12.372188139059306,66.79079214624238,06085501401
Census Tract 5014.02; Santa Clara County; California,105771.0,2705,851,43,2705,1134,06,085,501402,085,5.052878965922444,58.07763401109057,06085501402
Census Tract 5015.01; Santa Clara County; California,75179.0,4159,1323,117,4159,842,06,085,501501,085,8.843537414965986,79.75474873767733,06085501501
Census Tract 5015.02; Santa Clara County; California,101094.0,4160,1212,115,4160,892,06,085,501502,085,9.488448844884488,78.5576923076923,06085501502
Census Tract 5016.01; Santa Clara County; California,112793.0,4088,1479,97,4088,1455,06,085,501601,085,6.558485463150777,64.40802348336595,06085501601
Census Tract 5016.02; Santa Clara County; California,47000.0,3255,1262,215,3255,940,06,085,501602,085,17.0364500792393,71.12135176651306,06085501602
Census Tract 5017; Santa Clara County; California,86995.0,4466,1393,94,4466,1053,06,085,501700,085,6.74802584350323,76.4218540080609,06085501700
Census Tract 5018; Santa Clara County; California,137708.0,4622,1717,39,4622,2848,06,085,501800,085,2.2714036109493305,38.381652964084815,06085501800
Census Tract 5019.01; Santa Clara County; California,126917.0,2618,1299,142,2618,1013,06,085,501901,085,10.931485758275597,61.306340718105425,06085501901
Census Tract 5019.02; Santa Clara County; California,142981.0,3385,1693,78,3385,1073,06,085,501902,085,4.607206142941524,68.301329394387,06085501902
Census Tract 5020.01; Santa Clara County; California,106477.0,4767,2032,222,4767,2353,06,085,502001,085,10.9251968503937,50.63981539752464,06085502001
Census Tract 5020.02; Santa Clara County; California,106813.0,5308,1810,112,5308,2556,06,085,502002,085,6.1878453038674035,51.84626978146194,06085502002
Census Tract 5021.01; Santa Clara County; California,129258.0,5045,2135,108,5045,2582,06,085,502101,085,5.058548009367682,48.82061446977205,06085502101
Census Tract 5021.03; Santa Clara County; California,81283.0,4261,1647,65,4261,1610,06,085,502103,085,3.9465695203400117,62.21544238441681,06085502103
Census Tract 5021.04; Santa Clara County; California,121875.0,2634,982,5,2634,1041,06,085,502104,085,0.5091649694501018,60.478359908883824,06085502104
Census Tract 5022.02; Santa Clara County; California,104107.0,2910,1383,73,2910,1588,06,085,502202,085,5.278380332610268,45.42955326460481,06085502202
Census Tract 5022.03; Santa Clara County; California,132125.0,4211,1775,196,4211,1607,06,085,502203,085,11.04225352112676,61.83804322013774,06085502203
Census Tract 5022.04; Santa Clara County; California,67552.0,3242,1206,145,3242,1507,06,085,502204,085,12.023217247097843,53.51634793337446,06085502204
Census Tract 5023.01; Santa Clara County; California,166833.0,3185,1258,43,3185,1925,06,085,502301,085,3.418124006359301,39.56043956043956,06085502301
Census Tract 5023.02; Santa Clara County; California,120821.0,3332,1341,55,3332,1887,06,085,502302,085,4.1014168530947055,43.36734693877551,06085502302
Census Tract 5024; Santa Clara County; California,200324.0,6909,2745,109,6909,4972,06,085,502400,085,3.970856102003643,28.035895209147487,06085502400
Census Tract 5025; Santa Clara County; California,212722.0,6537,2378,41,6537,4359,06,085,502500,085,1.7241379310344827,33.318035796236806,06085502500
Census Tract 5026.01; Santa Clara County; California,148417.0,3048,1373,202,3048,1824,06,085,502601,085,14.712308812818645,40.15748031496063,06085502601
Census Tract 5026.03; Santa Clara County; California,175592.0,3026,1047,58,3026,2194,06,085,502603,085,5.5396370582617,27.49504296100463,06085502603
Census Tract 5026.04; Santa Clara County; California,110395.0,3998,2094,60,3998,2455,06,085,502604,085,2.865329512893983,38.594297148574285,06085502604
Census Tract 5027.01; Santa Clara County; California,136691.0,5611,2081,75,5611,2973,06,085,502701,085,3.604036520903412,47.01479237212618,06085502701
Census Tract 5027.03; Santa Clara County; California,139702.0,4015,1670,20,4015,1818,06,085,502703,085,1.1976047904191618,54.71980074719801,06085502703
Census Tract 5027.04; Santa Clara County; California,199167.0,4143,1526,126,4143,1923,06,085,502704,085,8.256880733944955,53.58435916002896,06085502704
Census Tract 5028; Santa Clara County; California,181528.0,4419,1425,27,4419,2387,06,085,502800,085,1.8947368421052633,45.983254129893645,06085502800
Census Tract 5029.01; Santa Clara County; California,151010.0,6213,2155,115,6213,3702,06,085,502901,085,5.336426914153132,40.41525832930951,06085502901
Census Tract 5029.02; Santa Clara County; California,178375.0,9155,3041,129,9155,6424,06,085,502902,085,4.242025649457416,29.830693610049153,06085502902
Census Tract 5029.03; Santa Clara County; California,219107.0,5270,1881,25,5270,3361,06,085,502903,085,1.3290802764486975,36.223908918406075,06085502903
Census Tract 5029.06; Santa Clara County; California,122356.0,4995,1625,24,4995,2833,06,085,502906,085,1.4769230769230768,43.28328328328329,06085502906
Census Tract 5029.07; Santa Clara County; California,170270.0,3912,1336,6,3912,2294,06,085,502907,085,0.4491017964071856,41.359918200409,06085502907
Census Tract 5029.08; Santa Clara County; California,129412.0,6464,2196,60,6464,3737,06,085,502908,085,2.73224043715847,42.1875,06085502908
Census Tract 5029.09; Santa Clara County; California,116596.0,4918,2016,66,4918,2743,06,085,502909,085,3.273809523809524,44.225294835298904,06085502909
Census Tract 5029.10; Santa Clara County; California,123994.0,3960,1419,46,3960,1900,06,085,502910,085,3.241719520789288,52.02020202020202,06085502910
Census Tract 5030.01; Santa Clara County; California,144254.0,4455,1650,8,4455,3037,06,085,503001,085,0.48484848484848486,31.829405162738496,06085503001
Census Tract 5030.02; Santa Clara County; California,127028.0,3814,1339,104,3814,1985,06,085,503002,085,7.766990291262135,47.95490298898794,06085503002
Census Tract 5030.03; Santa Clara County; California,172917.0,5050,1787,45,5050,3268,06,085,503003,085,2.518186905428092,35.28712871287129,06085503003
Census Tract 5031.05; Santa Clara County; California,58162.0,2139,739,122,2139,207,06,085,503105,085,16.508795669824085,90.32258064516128,06085503105
Census Tract 5031.10; Santa Clara County; California,82750.0,4067,956,43,4067,456,06,085,503110,085,4.497907949790795,88.78780427833784,06085503110
Census Tract 5031.11; Santa Clara County; California,118864.0,5243,1132,19,5243,732,06,085,503111,085,1.678445229681979,86.03852756055693,06085503111
Census Tract 5031.12; Santa Clara County; California,72064.0,4062,1435,230,4062,886,06,085,503112,085,16.02787456445993,78.18808468734613,06085503112
Census Tract 5031.13; Santa Clara County; California,90188.0,4746,1328,181,4746,1796,06,085,503113,085,13.629518072289157,62.15760640539402,06085503113
Census Tract 5031.16; Santa Clara County; California,103972.0,6469,2406,158,6469,2900,06,085,503116,085,6.56691604322527,55.1708146545061,06085503116
Census Tract 5031.17; Santa Clara County; California,89583.0,2823,692,61,2823,424,06,085,503117,085,8.815028901734104,84.98051718030464,06085503117
Census Tract 5031.18; Santa Clara County; California,92656.0,4413,1517,32,4413,1029,06,085,503118,085,2.109426499670402,76.68252889191027,06085503118
Census Tract 5031.21; Santa Clara County; California,74063.0,5056,1522,136,5056,1197,06,085,503121,085,8.935611038107753,76.3251582278481,06085503121
Census Tract 5031.22; Santa Clara County; California,54344.0,3451,1213,204,3451,437,06,085,503122,085,16.81780708985985,87.33700376702404,06085503122
Census Tract 5031.23; Santa Clara County; California,57772.0,3777,1642,261,3777,1480,06,085,503123,085,15.895249695493302,60.81546200688377,06085503123
Census Tract 5031.24; Santa Clara County; California,100742.0,5747,1726,20,5747,1296,06,085,503124,085,1.1587485515643106,77.44910388028536,06085503124
Census Tract 5031.25; Santa Clara County; California,159792.0,3663,1474,11,3663,1619,06,085,503125,085,0.7462686567164178,55.8012558012558,06085503125
Census Tract 5031.26; Santa Clara County; California,136865.0,3770,1303,35,3770,1334,06,085,503126,085,2.686108979278588,64.61538461538461,06085503126
Census Tract 5031.27; Santa Clara County; California,159375.0,4723,2047,84,4723,1712,06,085,503127,085,4.103566194430874,63.75185263603642,06085503127
Census Tract 5032.07; Santa Clara County; California,131250.0,3589,926,31,3589,428,06,085,503207,085,3.3477321814254863,88.07467261075509,06085503207
Census Tract 5032.08; Santa Clara County; California,136328.0,3182,715,15,3182,954,06,085,503208,085,2.097902097902098,70.0188560653677,06085503208
Census Tract 5032.10; Santa Clara County; California,113113.0,4435,990,78,4435,949,06,085,503210,085,7.878787878787878,78.60202931228861,06085503210
Census Tract 5032.11; Santa Clara County; California,96500.0,4160,1164,26,4160,741,06,085,503211,085,2.2336769759450172,82.1875,06085503211
Census Tract 5032.12; Santa Clara County; California,116375.0,4176,991,70,4176,261,06,085,503212,085,7.063572149344097,93.75,06085503212
Census Tract 5032.13; Santa Clara County; California,73790.0,5140,1275,91,5140,661,06,085,503213,085,7.137254901960784,87.14007782101167,06085503213
Census Tract 5032.17; Santa Clara County; California,81696.0,4412,967,13,4412,1437,06,085,503217,085,1.344364012409514,67.42973708068904,06085503217
Census Tract 5032.18; Santa Clara County; California,66958.0,4519,1083,166,4519,1279,06,085,503218,085,15.327793167128348,71.69727815888471,06085503218
Census Tract 5032.19; Santa Clara County; California,57723.0,2648,798,51,2648,91,06,085,503219,085,6.390977443609022,96.56344410876133,06085503219
Census Tract 5032.20; Santa Clara County; California,91650.0,5092,1351,46,5092,1134,06,085,503220,085,3.4048852701702446,77.7297721916732,06085503220
Census Tract 5032.21; Santa Clara County; California,57396.0,2338,821,179,2338,125,06,085,503221,085,21.8026796589525,94.6535500427716,06085503221
Census Tract 5032.22; Santa Clara County; California,95912.0,6103,1547,228,6103,323,06,085,503222,085,14.738202973497092,94.70752089136491,06085503222
Census Tract 5033.04; Santa Clara County; California,94539.0,6804,1758,148,6804,1192,06,085,503304,085,8.418657565415245,82.4808935920047,06085503304
Census Tract 5033.05; Santa Clara County; California,86629.0,5854,1405,244,5854,491,06,085,503305,085,17.366548042704625,91.61257259993167,06085503305
Census Tract 5033.06; Santa Clara County; California,118214.0,4047,832,69,4047,372,06,085,503306,085,8.29326923076923,90.80800593031876,06085503306
Census Tract 5033.12; Santa Clara County; California,175927.0,3540,1073,30,3540,1080,06,085,503312,085,2.7958993476234855,69.49152542372882,06085503312
Census Tract 5033.13; Santa Clara County; California,197159.0,4729,1254,22,4729,903,06,085,503313,085,1.7543859649122806,80.90505392260519,06085503313
Census Tract 5033.15; Santa Clara County; California,150192.0,8473,2154,121,8473,1842,06,085,503315,085,5.617455896007428,78.26035642629529,06085503315
Census Tract 5033.21; Santa Clara County; California,159375.0,4301,1103,105,4301,437,06,085,503321,085,9.519492293744333,89.83957219251337,06085503321
Census Tract 5033.22; Santa Clara County; California,108973.0,4635,1141,37,4635,1058,06,085,503322,085,3.2427695004382118,77.17367853290183,06085503322
Census Tract 5033.23; Santa Clara County; California,156186.0,3750,1014,74,3750,508,06,085,503323,085,7.297830374753452,86.45333333333333,06085503323
Census Tract 5033.24; Santa Clara County; California,158404.0,3420,908,10,3420,648,06,085,503324,085,1.1013215859030838,81.05263157894737,06085503324
Census Tract 5033.25; Santa Clara County; California,172955.0,4391,1138,11,4391,735,06,085,503325,085,0.9666080843585236,83.26121612388977,06085503325
Census Tract 5033.26; Santa Clara County; California,189612.0,7172,1918,15,7172,1358,06,085,503326,085,0.7820646506777894,81.06525376464026,06085503326
Census Tract 5033.27; Santa Clara County; California,144688.0,4522,1391,235,4522,609,06,085,503327,085,16.89432063263839,86.53250773993808,06085503327
Census Tract 5033.29; Santa Clara County; California,232098.0,3579,1005,33,3579,588,06,085,503329,085,3.2835820895522385,83.57082984073763,06085503329
Census Tract 5033.30; Santa Clara County; California,250001.0,7156,2001,12,7156,774,06,085,503330,085,0.5997001499250375,89.18390162101733,06085503330
Census Tract 5033.31; Santa Clara County; California,119663.0,3725,1381,90,3725,1377,06,085,503331,085,6.517016654598118,63.03355704697987,06085503331
Census Tract 5033.32; Santa Clara County; California,133872.0,5993,2833,53,5993,3251,06,085,503332,085,1.8708083303918106,45.75337894209912,06085503332
Census Tract 5033.33; Santa Clara County; California,176354.0,4608,1365,5,4608,1160,06,085,503333,085,0.3663003663003663,74.82638888888889,06085503333
Census Tract 5033.36; Santa Clara County; California,144000.0,3081,830,68,3081,347,06,085,503336,085,8.19277108433735,88.7374229146381,06085503336
Census Tract 5033.37; Santa Clara County; California,130568.0,4330,1051,20,4330,330,06,085,503337,085,1.9029495718363463,92.37875288683603,06085503337
Census Tract 5033.38; Santa Clara County; California,250001.0,4092,1160,17,4092,944,06,085,503338,085,1.4655172413793103,76.93059628543499,06085503338
Census Tract 5033.39; Santa Clara County; California,250001.0,3934,1241,14,3934,829,06,085,503339,085,1.1281224818694602,78.92730045754956,06085503339
Census Tract 5034.01; Santa Clara County; California,89321.0,4329,953,29,4329,827,06,085,503401,085,3.04302203567681,80.8962808962809,06085503401
Census Tract 5034.02; Santa Clara County; California,66538.0,4597,1042,128,4597,866,06,085,503402,085,12.284069097888676,81.1616271481401,06085503402
Census Tract 5035.04; Santa Clara County; California,146016.0,5601,1112,44,5601,481,06,085,503504,085,3.9568345323741005,91.41224781289056,06085503504
Census Tract 5035.06; Santa Clara County; California,102350.0,6910,1254,35,6910,1141,06,085,503506,085,2.7910685805422646,83.4876989869754,06085503506
Census Tract 5035.07; Santa Clara County; California,135329.0,2332,397,14,2332,590,06,085,503507,085,3.5264483627204033,74.69982847341338,06085503507
Census Tract 5035.08; Santa Clara County; California,123168.0,5982,1221,36,5982,1400,06,085,503508,085,2.9484029484029484,76.59645603477098,06085503508
Census Tract 5035.09; Santa Clara County; California,139130.0,4396,834,9,4396,777,06,085,503509,085,1.079136690647482,82.32484076433121,06085503509
Census Tract 5035.10; Santa Clara County; California,101607.0,4565,1151,40,4565,868,06,085,503510,085,3.4752389226759344,80.98576122672509,06085503510
Census Tract 5035.11; Santa Clara County; California,114167.0,3499,814,55,3499,363,06,085,503511,085,6.756756756756757,89.6256073163761,06085503511
Census Tract 5036.01; Santa Clara County; California,90750.0,3582,885,75,3582,1084,06,085,503601,085,8.47457627118644,69.73757677275265,06085503601
Census Tract 5036.02; Santa Clara County; California,88235.0,5255,1268,138,5255,866,06,085,503602,085,10.883280757097792,83.52045670789724,06085503602
Census Tract 5037.03; Santa Clara County; California,78750.0,3888,866,12,3888,505,06,085,503703,085,1.3856812933025404,87.01131687242798,06085503703
Census Tract 5037.07; Santa Clara County; California,100375.0,5264,1353,63,5264,1053,06,085,503707,085,4.656319290465632,79.99620060790274,06085503707
Census Tract 5037.08; Santa Clara County; California,108281.0,2662,713,58,2662,133,06,085,503708,085,8.134642356241233,95.00375657400451,06085503708
Census Tract 5037.09; Santa Clara County; California,59926.0,6178,2199,352,6178,695,06,085,503709,085,16.007276034561162,88.75040466170282,06085503709
Census Tract 5037.10; Santa Clara County; California,56582.0,3334,1044,247,3334,617,06,085,503710,085,23.659003831417625,81.49370125974805,06085503710
Census Tract 5037.11; Santa Clara County; California,96650.0,4780,978,14,4780,761,06,085,503711,085,1.4314928425357873,84.0794979079498,06085503711
Census Tract 5037.12; Santa Clara County; California,70285.0,4340,1317,160,4340,622,06,085,503712,085,12.148823082763856,85.66820276497697,06085503712
Census Tract 5037.13; Santa Clara County; California,64753.0,3331,1085,133,3331,211,06,085,503713,085,12.258064516129032,93.66556589612729,06085503713
Census Tract 5038.02; Santa Clara County; California,124659.0,7937,2040,73,7937,1195,06,085,503802,085,3.5784313725490193,84.94393347612447,06085503802
Census Tract 5038.03; Santa Clara County; California,162500.0,4988,1242,44,4988,853,06,085,503803,085,3.542673107890499,82.89895749799518,06085503803
Census Tract 5038.04; Santa Clara County; California,102483.0,5372,1711,100,5372,1077,06,085,503804,085,5.844535359438924,79.95160089352197,06085503804
Census Tract 5039.02; Santa Clara County; California,94883.0,6393,1537,11,6393,1645,06,085,503902,085,0.715679895901106,74.26873142499609,06085503902
Census Tract 5039.03; Santa Clara County; California,119548.0,3083,841,23,3083,693,06,085,503903,085,2.7348394768133173,77.5218942588388,06085503903
Census Tract 5040.01; Santa Clara County; California,75000.0,5085,1506,129,5085,929,06,085,504001,085,8.565737051792828,81.73058013765979,06085504001
Census Tract 5040.02; Santa Clara County; California,90153.0,6385,1428,41,6385,989,06,085,504002,085,2.8711484593837535,84.5105716523101,06085504002
Census Tract 5041.01; Santa Clara County; California,107250.0,4490,1069,13,4490,1258,06,085,504101,085,1.216089803554724,71.98218262806236,06085504101
Census Tract 5041.02; Santa Clara County; California,104489.0,5730,1307,77,5730,1227,06,085,504102,085,5.891354246365723,78.58638743455498,06085504102
Census Tract 5042.01; Santa Clara County; California,184539.0,5936,1803,37,5936,2549,06,085,504201,085,2.0521353300055463,57.05862533692723,06085504201
Census Tract 5042.02; Santa Clara County; California,172115.0,4184,1262,0,4184,1924,06,085,504202,085,0.0,54.01529636711281,06085504202
Census Tract 5043.07; Santa Clara County; California,144604.0,5740,1848,109,5740,632,06,085,504307,085,5.8982683982683985,88.98954703832752,06085504307
Census Tract 5043.08; Santa Clara County; California,179875.0,4895,1533,52,4895,1449,06,085,504308,085,3.3920417482061316,70.39836567926456,06085504308
Census Tract 5043.11; Santa Clara County; California,167277.0,8064,2999,60,8064,822,06,085,504311,085,2.0006668889629875,89.80654761904762,06085504311
Census Tract 5043.14; Santa Clara County; California,165714.0,4745,1346,24,4745,577,06,085,504314,085,1.7830609212481425,87.83983140147524,06085504314
Census Tract 5043.15; Santa Clara County; California,166042.0,6719,1880,0,6719,1081,06,085,504315,085,0.0,83.91129632385773,06085504315
Census Tract 5043.16; Santa Clara County; California,174706.0,5410,1510,22,5410,482,06,085,504316,085,1.456953642384106,91.090573012939,06085504316
Census Tract 5043.17; Santa Clara County; California,157610.0,3763,1037,85,3763,370,06,085,504317,085,8.19672131147541,90.16741961201168,06085504317
Census Tract 5043.18; Santa Clara County; California,112367.0,7213,1899,46,7213,801,06,085,504318,085,2.422327540810953,88.89505060307778,06085504318
Census Tract 5043.19; Santa Clara County; California,175625.0,6720,2113,43,6720,669,06,085,504319,085,2.0350212967345005,90.04464285714285,06085504319
Census Tract 5043.20; Santa Clara County; California,176500.0,3000,912,51,3000,477,06,085,504320,085,5.592105263157895,84.1,06085504320
Census Tract 5043.21; Santa Clara County; California,172857.0,5412,1640,34,5412,709,06,085,504321,085,2.073170731707317,86.89948263118995,06085504321
Census Tract 5043.22; Santa Clara County; California,174318.0,6103,2144,55,6103,635,06,085,504322,085,2.565298507462687,89.59528100933967,06085504322
Census Tract 5043.23; Santa Clara County; California,146667.0,5733,1846,149,5733,930,06,085,504323,085,8.071505958829903,83.77812663526949,06085504323
Census Tract 5044.10; Santa Clara County; California,143173.0,4124,1187,119,4124,735,06,085,504410,085,10.025273799494524,82.17749757516974,06085504410
Census Tract 5044.11; Santa Clara County; California,178333.0,5901,1580,9,5901,1218,06,085,504411,085,0.569620253164557,79.35943060498221,06085504411
Census Tract 5044.12; Santa Clara County; California,135993.0,5044,1416,30,5044,555,06,085,504412,085,2.11864406779661,88.99682791435369,06085504412
Census Tract 5044.13; Santa Clara County; California,148438.0,2048,783,152,2048,202,06,085,504413,085,19.4125159642401,90.13671875,06085504413
Census Tract 5044.14; Santa Clara County; California,167772.0,5296,1650,17,5296,651,06,085,504414,085,1.0303030303030303,87.70770392749245,06085504414
Census Tract 5044.15; Santa Clara County; California,176094.0,4690,1473,28,4690,795,06,085,504415,085,1.9008825526137134,83.04904051172709,06085504415
Census Tract 5044.16; Santa Clara County; California,178813.0,3927,1129,54,3927,1087,06,085,504416,085,4.782993799822853,72.31983702571938,06085504416
Census Tract 5044.18; Santa Clara County; California,127870.0,4118,1200,68,4118,374,06,085,504418,085,5.666666666666666,90.91792132102962,06085504418
Census Tract 5044.21; Santa Clara County; California,195417.0,5631,1552,17,5631,727,06,085,504421,085,1.095360824742268,87.08932694015272,06085504421
Census Tract 5044.22; Santa Clara County; California,114417.0,3316,932,64,3316,371,06,085,504422,085,6.866952789699571,88.81182147165259,06085504422
Census Tract 5044.23; Santa Clara County; California,176528.0,2101,566,3,2101,610,06,085,504423,085,0.5300353356890459,70.9662065683008,06085504423
Census Tract 5044.24; Santa Clara County; California,151302.0,5269,1560,102,5269,702,06,085,504424,085,6.538461538461539,86.67678876447144,06085504424
Census Tract 5045.05; Santa Clara County; California,209439.0,10682,3933,249,10682,1099,06,085,504505,085,6.331045003813883,89.71166448230669,06085504505
Census Tract 5045.06; Santa Clara County; California,152898.0,6609,2151,129,6609,750,06,085,504506,085,5.997210599721059,88.65183840217885,06085504506
Census Tract 5045.07; Santa Clara County; California,154671.0,6238,1658,90,6238,918,06,085,504507,085,5.42822677925211,85.2837447899968,06085504507
Census Tract 5045.08; Santa Clara County; California,214412.0,4302,652,0,4302,1086,06,085,504508,085,0.0,74.75592747559274,06085504508
Census Tract 5045.09; Santa Clara County; California,184063.0,4740,1898,78,4740,193,06,085,504509,085,4.10958904109589,95.9282700421941,06085504509
Census Tract 5045.10; Santa Clara County; California,139957.0,4325,1504,185,4325,244,06,085,504510,085,12.300531914893616,94.35838150289018,06085504510
Census Tract 5046.01; Santa Clara County; California,65625.0,1255,526,14,1255,433,06,085,504601,085,2.6615969581749046,65.4980079681275,06085504601
Census Tract 5046.02; Santa Clara County; California,107438.0,1920,541,10,1920,322,06,085,504602,085,1.8484288354898337,83.22916666666667,06085504602
Census Tract 5047; Santa Clara County; California,118438.0,667,171,12,667,359,06,085,504700,085,7.017543859649122,46.17691154422789,06085504700
Census Tract 5048.02; Santa Clara County; California,123750.0,4933,1610,127,4933,1291,06,085,504802,085,7.888198757763975,73.82931279140482,06085504802
Census Tract 5048.05; Santa Clara County; California,130078.0,7442,3215,160,7442,3100,06,085,504805,085,4.976671850699844,58.344531040043,06085504805
Census Tract 5048.06; Santa Clara County; California,133846.0,2980,830,113,2980,855,06,085,504806,085,13.614457831325302,71.30872483221476,06085504806
Census Tract 5048.07; Santa Clara County; California,222917.0,5841,2698,85,5841,1277,06,085,504807,085,3.1504818383988136,78.13730525594931,06085504807
Census Tract 5048.08; Santa Clara County; California,131276.0,2251,670,137,2251,678,06,085,504808,085,20.44776119402985,69.88005330964016,06085504808
Census Tract 5049.02; Santa Clara County; California,218750.0,4616,1833,239,4616,785,06,085,504902,085,13.03873431533006,82.99393414211438,06085504902
Census Tract 5049.03; Santa Clara County; California,177569.0,4970,2113,61,4970,1051,06,085,504903,085,2.8868906767628966,78.85311871227364,06085504903
Census Tract 5050.06; Santa Clara County; California,205610.0,11716,5586,334,11716,2371,06,085,505006,085,5.979233798782671,79.76271765107545,06085505006
Census Tract 5050.07; Santa Clara County; California,142500.0,4285,1004,0,4285,1127,06,085,505007,085,0.0,73.69894982497082,06085505007
Census Tract 5050.10; Santa Clara County; California,191326.0,4473,1398,100,4473,965,06,085,505010,085,7.1530758226037205,78.42611222892913,06085505010
Census Tract 5050.11; Santa Clara County; California,196131.0,4875,1917,147,4875,1415,06,085,505011,085,7.668231611893583,70.97435897435898,06085505011
Census Tract 5050.12; Santa Clara County; California,201190.0,2879,1456,90,2879,928,06,085,505012,085,6.181318681318682,67.76658562000695,06085505012
Census Tract 5050.13; Santa Clara County; California,185227.0,5965,2680,308,5965,1134,06,085,505013,085,11.492537313432836,80.98910310142497,06085505013
Census Tract 5050.14; Santa Clara County; California,137273.0,6023,2560,45,6023,1413,06,085,505014,085,1.7578125,76.53993026730865,06085505014
Census Tract 5050.15; Santa Clara County; California,173345.0,5229,1834,92,5229,1245,06,085,505015,085,5.0163576881134135,76.19047619047619,06085505015
Census Tract 5051; Santa Clara County; California,103378.0,4389,2050,459,4389,1225,06,085,505100,085,22.390243902439025,72.08931419457734,06085505100
Census Tract 5052.02; Santa Clara County; California,121944.0,7912,3232,299,7912,2750,06,085,505202,085,9.251237623762377,65.24266936299293,06085505202
Census Tract 5052.03; Santa Clara County; California,117000.0,5476,1386,119,5476,3029,06,085,505203,085,8.585858585858585,44.68590211833455,06085505203
Census Tract 5053.01; Santa Clara County; California,171071.0,5018,1956,201,5018,1474,06,085,505301,085,10.276073619631902,70.62574730968514,06085505301
Census Tract 5053.02; Santa Clara County; California,170827.0,4828,1645,111,4828,1668,06,085,505302,085,6.7477203647416415,65.45153272576636,06085505302
Census Tract 5053.03; Santa Clara County; California,128933.0,5986,2219,65,5986,1477,06,085,505303,085,2.9292474087426768,75.32576010691614,06085505303
Census Tract 5053.04; Santa Clara County; California,224435.0,3598,1124,39,3598,1156,06,085,505304,085,3.469750889679715,67.8710394663702,06085505304
Census Tract 5053.05; Santa Clara County; California,190595.0,5626,2188,76,5626,2304,06,085,505305,085,3.473491773308958,59.04728048346961,06085505305
Census Tract 5054.01; Santa Clara County; California,164598.0,6630,2899,143,6630,2109,06,085,505401,085,4.932735426008969,68.19004524886878,06085505401
Census Tract 5054.02; Santa Clara County; California,173582.0,3058,1179,103,3058,939,06,085,505402,085,8.736217133163699,69.29365598430347,06085505402
Census Tract 5054.03; Santa Clara County; California,175735.0,8563,3596,165,8563,2133,06,085,505403,085,4.588431590656285,75.09050566390285,06085505403
Census Tract 5055; Santa Clara County; California,146602.0,4661,1577,7,4661,2006,06,085,505500,085,0.4438807863031071,56.9620253164557,06085505500
Census Tract 5056; Santa Clara County; California,117125.0,4594,1307,133,4594,2843,06,085,505600,085,10.175975516449885,38.11493252067915,06085505600
Census Tract 5057; Santa Clara County; California,107431.0,5853,2381,125,5853,2613,06,085,505700,085,5.249895002099958,55.356227575602254,06085505700
Census Tract 5058; Santa Clara County; California,165750.0,4242,1633,25,4242,2712,06,085,505800,085,1.5309246785058175,36.06789250353607,06085505800
Census Tract 5059.01; Santa Clara County; California,169421.0,4153,1595,291,4153,2299,06,085,505901,085,18.244514106583072,44.64242716108837,06085505901
Census Tract 5059.02; Santa Clara County; California,105542.0,3950,1799,220,3950,2356,06,085,505902,085,12.229016120066703,40.35443037974684,06085505902
Census Tract 5060; Santa Clara County; California,173750.0,4993,1819,8,4993,2486,06,085,506000,085,0.4398020890599231,50.21029441217705,06085506000
Census Tract 5061.01; Santa Clara County; California,163750.0,4845,1506,39,4845,2044,06,085,506101,085,2.589641434262948,57.81217750257998,06085506101
Census Tract 5061.02; Santa Clara County; California,174929.0,4384,1754,85,4384,1678,06,085,506102,085,4.846066134549601,61.72445255474452,06085506102
Census Tract 5061.03; Santa Clara County; California,188946.0,5218,1743,138,5218,1289,06,085,506103,085,7.917383820998279,75.29704867765427,06085506103
Census Tract 5062.02; Santa Clara County; California,175179.0,8409,2770,67,8409,2550,06,085,506202,085,2.4187725631768955,69.6753478415983,06085506202
Census Tract 5062.03; Santa Clara County; California,130735.0,6127,2228,37,6127,1211,06,085,506203,085,1.660682226211849,80.23502529786192,06085506203
Census Tract 5062.04; Santa Clara County; California,188047.0,5546,1983,26,5546,1249,06,085,506204,085,1.3111447302067574,77.47926433465561,06085506204
Census Tract 5063.01; Santa Clara County; California,121667.0,5101,2154,93,5101,2290,06,085,506301,085,4.3175487465181055,55.106841795726325,06085506301
Census Tract 5063.02; Santa Clara County; California,180155.0,6180,2480,66,6180,3470,06,085,506302,085,2.661290322580645,43.85113268608414,06085506302
Census Tract 5063.04; Santa Clara County; California,120889.0,6164,2442,210,6164,1692,06,085,506304,085,8.5995085995086,72.55029201817001,06085506304
Census Tract 5063.05; Santa Clara County; California,94777.0,5638,2077,162,5638,2202,06,085,506305,085,7.799711121810303,60.94359702021993,06085506305
Census Tract 5064.01; Santa Clara County; California,142793.0,4710,2141,301,4710,2185,06,085,506401,085,14.058851004203643,53.609341825902334,06085506401
Census Tract 5064.02; Santa Clara County; California,116783.0,5398,2181,271,5398,2927,06,085,506402,085,12.425492893168272,45.77621341237496,06085506402
Census Tract 5065.02; Santa Clara County; California,143075.0,4893,2109,23,4893,2893,06,085,506502,085,1.0905642484589853,40.874718986306966,06085506502
Census Tract 5065.03; Santa Clara County; California,100139.0,6182,2753,576,6182,3482,06,085,506503,085,20.92262985833636,43.67518602394047,06085506503
Census Tract 5065.04; Santa Clara County; California,85278.0,2832,846,111,2832,1199,06,085,506504,085,13.120567375886525,57.66242937853108,06085506504
Census Tract 5065.05; Santa Clara County; California,132950.0,4333,1409,79,4333,1502,06,085,506505,085,5.606813342796309,65.33579506115855,06085506505
Census Tract 5066.01; Santa Clara County; California,125208.0,3887,1537,98,3887,1592,06,085,506601,085,6.376057254391672,59.042963725237975,06085506601
Census Tract 5066.03; Santa Clara County; California,250001.0,4252,1515,82,4252,2009,06,085,506603,085,5.412541254125412,52.7516462841016,06085506603
Census Tract 5066.04; Santa Clara County; California,216054.0,7362,2423,37,7362,2957,06,085,506604,085,1.5270326042096576,59.83428416191252,06085506604
Census Tract 5066.05; Santa Clara County; California,122917.0,4397,1539,88,4397,1677,06,085,506605,085,5.7179987004548405,61.86035933591085,06085506605
Census Tract 5066.06; Santa Clara County; California,114574.0,5137,1788,56,5137,2137,06,085,506606,085,3.131991051454139,58.39984426708196,06085506606
Census Tract 5067.01; Santa Clara County; California,212679.0,4268,1309,7,4268,2096,06,085,506701,085,0.53475935828877,50.89034676663543,06085506701
Census Tract 5067.02; Santa Clara County; California,140670.0,5799,1991,65,5799,2761,06,085,506702,085,3.264691109994977,52.38834281772719,06085506702
Census Tract 5067.03; Santa Clara County; California,144412.0,3622,1354,98,3622,1830,06,085,506703,085,7.23781388478582,49.47542794036444,06085506703
Census Tract 5068.01; Santa Clara County; California,222938.0,6111,2099,103,6111,4712,06,085,506801,085,4.90709861838971,22.893143511700213,06085506801
Census Tract 5068.02; Santa Clara County; California,193981.0,5885,1946,59,5885,2979,06,085,506802,085,3.0318602261048304,49.37977909940527,06085506802
Census Tract 5068.03; Santa Clara County; California,175938.0,7090,2288,16,7090,3621,06,085,506803,085,0.6993006993006993,48.928067700987306,06085506803
Census Tract 5068.04; Santa Clara County; California,216938.0,4602,1587,49,4602,2876,06,085,506804,085,3.087586641461878,37.50543242068666,06085506804
Census Tract 5069; Santa Clara County; California,206951.0,8174,2802,130,8174,5565,06,085,506900,085,4.6395431834403995,31.91827746513335,06085506900
Census Tract 5070.02; Santa Clara County; California,250001.0,3415,1128,0,3415,2758,06,085,507002,085,0.0,19.23865300146413,06085507002
Census Tract 5070.03; Santa Clara County; California,240179.0,3074,1200,58,3074,2361,06,085,507003,085,4.833333333333333,23.194534808067665,06085507003
Census Tract 5070.04; Santa Clara County; California,198306.0,3926,1735,26,3926,3069,06,085,507004,085,1.4985590778097981,21.82883341823739,06085507004
Census Tract 5071; Santa Clara County; California,173006.0,3029,1389,66,3029,2517,06,085,507100,085,4.751619870410368,16.90326840541433,06085507100
Census Tract 5072.03; Santa Clara County; California,192917.0,3192,1207,11,3192,1971,06,085,507203,085,0.9113504556752278,38.25187969924812,06085507203
Census Tract 5072.05; Santa Clara County; California,211711.0,4652,1824,18,4652,3020,06,085,507205,085,0.9868421052631579,35.081685296646604,06085507205
Census Tract 5072.06; Santa Clara County; California,250001.0,2594,914,0,2594,1879,06,085,507206,085,0.0,27.563608326908252,06085507206
Census Tract 5073.01; Santa Clara County; California,250001.0,6820,2461,86,6820,3121,06,085,507301,085,3.4945144250304754,54.23753665689149,06085507301
Census Tract 5073.02; Santa Clara County; California,250001.0,2640,912,0,2640,1521,06,085,507302,085,0.0,42.38636363636364,06085507302
Census Tract 5074.01; Santa Clara County; California,226500.0,5907,1948,55,5907,1772,06,085,507401,085,2.8234086242299794,70.00169290672083,06085507401
Census Tract 5074.02; Santa Clara County; California,236161.0,3980,1502,32,3980,1709,06,085,507402,085,2.130492676431425,57.060301507537694,06085507402
Census Tract 5075; Santa Clara County; California,188375.0,5747,2061,15,5747,1747,06,085,507500,085,0.727802037845706,69.60153123368714,06085507500
Census Tract 5076; Santa Clara County; California,250001.0,6018,2015,56,6018,2402,06,085,507600,085,2.7791563275434243,60.086407444333666,06085507600
Census Tract 5077.01; Santa Clara County; California,211371.0,3435,1254,54,3435,697,06,085,507701,085,4.30622009569378,79.70887918486171,06085507701
Census Tract 5077.02; Santa Clara County; California,250001.0,6618,2172,30,6618,1062,06,085,507702,085,1.3812154696132597,83.95285584768813,06085507702
Census Tract 5077.04; Santa Clara County; California,219286.0,3344,1150,113,3344,1134,06,085,507704,085,9.826086956521738,66.08851674641149,06085507704
Census Tract 5077.05; Santa Clara County; California,250001.0,4092,1325,14,4092,1374,06,085,507705,085,1.0566037735849056,66.42228739002933,06085507705
Census Tract 5078.05; Santa Clara County; California,194000.0,5220,1978,95,5220,1573,06,085,507805,085,4.802831142568251,69.86590038314176,06085507805
Census Tract 5078.06; Santa Clara County; California,188468.0,5971,2066,56,5971,744,06,085,507806,085,2.7105517909002903,87.53977558197957,06085507806
Census Tract 5078.07; Santa Clara County; California,250001.0,3432,1093,11,3432,586,06,085,507807,085,1.0064043915827996,82.92540792540792,06085507807
Census Tract 5078.08; Santa Clara County; California,250001.0,5811,1872,79,5811,1113,06,085,507808,085,4.22008547008547,80.84667010841507,06085507808
Census Tract 5079.03; Santa Clara County; California,210813.0,5262,1749,50,5262,884,06,085,507903,085,2.858776443682104,83.20030406689472,06085507903
Census Tract 5079.04; Santa Clara County; California,250001.0,3061,1029,14,3061,616,06,085,507904,085,1.3605442176870748,79.87585756288794,06085507904
Census Tract 5079.05; Santa Clara County; California,137813.0,5181,1973,176,5181,1107,06,085,507905,085,8.9204257475925,78.63346844238563,06085507905
Census Tract 5079.06; Santa Clara County; California,250001.0,4481,1401,0,4481,680,06,085,507906,085,0.0,84.82481588931043,06085507906
Census Tract 5080.03; Santa Clara County; California,181771.0,2353,721,20,2353,680,06,085,508003,085,2.7739251040221915,71.10072248193795,06085508003
Census Tract 5080.04; Santa Clara County; California,232563.0,5862,2041,62,5862,1310,06,085,508004,085,3.0377266046055853,77.65267826680315,06085508004
Census Tract 5080.05; Santa Clara County; California,162535.0,3615,1483,179,3615,894,06,085,508005,085,12.070128118678355,75.26970954356847,06085508005
Census Tract 5080.06; Santa Clara County; California,203750.0,4215,1436,11,4215,882,06,085,508006,085,0.766016713091922,79.07473309608541,06085508006
Census Tract 5081.01; Santa Clara County; California,250001.0,6519,2361,15,6519,1794,06,085,508101,085,0.6353240152477764,72.48044178554993,06085508101
Census Tract 5081.02; Santa Clara County; California,206563.0,3556,1377,70,3556,1013,06,085,508102,085,5.083514887436456,71.51293588301463,06085508102
Census Tract 5082.03; Santa Clara County; California,239318.0,5873,1790,66,5873,2269,06,085,508203,085,3.687150837988827,61.3655712583007,06085508203
Census Tract 5082.04; Santa Clara County; California,231860.0,4892,1610,96,4892,1549,06,085,508204,085,5.962732919254658,68.33605887162715,06085508204
Census Tract 5082.05; Santa Clara County; California,193292.0,3882,1445,39,3882,940,06,085,508205,085,2.698961937716263,75.78567748583205,06085508205
Census Tract 5082.06; Santa Clara County; California,204750.0,3934,1421,18,3934,1534,06,085,508206,085,1.266713581984518,61.006609049313674,06085508206
Census Tract 5083.01; Santa Clara County; California,250001.0,4702,1546,33,4702,2142,06,085,508301,085,2.1345407503234153,54.444917056571676,06085508301
Census Tract 5083.03; Santa Clara County; California,208250.0,2569,905,6,2569,994,06,085,508303,085,0.6629834254143646,61.30790190735694,06085508303
Census Tract 5083.05; Santa Clara County; California,113040.0,5604,1879,120,5604,786,06,085,508305,085,6.386375731772219,85.97430406852249,06085508305
Census Tract 5083.06; Santa Clara County; California,221250.0,3130,1196,61,3130,960,06,085,508306,085,5.1003344481605355,69.32907348242811,06085508306
Census Tract 5084.01; Santa Clara County; California,204662.0,8085,2488,78,8085,2796,06,085,508401,085,3.135048231511254,65.41743970315399,06085508401
Census Tract 5084.03; Santa Clara County; California,249500.0,3320,988,0,3320,1726,06,085,508403,085,0.0,48.01204819277108,06085508403
Census Tract 5084.04; Santa Clara County; California,194303.0,6553,2379,93,6553,2447,06,085,508404,085,3.909205548549811,62.658324431558064,06085508404
Census Tract 5085.03; Santa Clara County; California,178263.0,6212,2584,357,6212,1317,06,085,508503,085,13.815789473684212,78.79909851899549,06085508503
Census Tract 5085.05; Santa Clara County; California,205625.0,4765,1988,143,4765,1753,06,085,508505,085,7.1931589537223335,63.21091290661071,06085508505
Census Tract 5085.07; Santa Clara County; California,172426.0,2838,1351,14,2838,635,06,085,508507,085,1.0362694300518136,77.62508809020436,06085508507
Census Tract 5085.08; Santa Clara County; California,136625.0,6144,2044,86,6144,1667,06,085,508508,085,4.207436399217221,72.86783854166666,06085508508
Census Tract 5085.09; Santa Clara County; California,155813.0,4186,1972,213,4186,1008,06,085,508509,085,10.801217038539553,75.91973244147158,06085508509
Census Tract 5085.10; Santa Clara County; California,110288.0,3500,1283,162,3500,462,06,085,508510,085,12.626656274356977,86.8,06085508510
Census Tract 5086.01; Santa Clara County; California,196731.0,3892,1432,70,3892,1262,06,085,508601,085,4.888268156424581,67.57451181911614,06085508601
Census Tract 5086.02; Santa Clara County; California,179087.0,5575,2518,207,5575,2882,06,085,508602,085,8.220810166799048,48.30493273542601,06085508602
Census Tract 5087.05; Santa Clara County; California,177301.0,4463,1888,123,4463,1568,06,085,508705,085,6.514830508474577,64.86668160430203,06085508705
Census Tract 5087.06; Santa Clara County; California,198250.0,4079,1592,120,4079,947,06,085,508706,085,7.537688442211055,76.78352537386614,06085508706
Census Tract 5087.07; Santa Clara County; California,191439.0,4033,1591,231,4033,1163,06,085,508707,085,14.51917033312382,71.16290602529135,06085508707
Census Tract 5087.08; Santa Clara County; California,245007.0,4917,2239,403,4917,1133,06,085,508708,085,17.99910674408218,76.95749440715883,06085508708
Census Tract 5088; Santa Clara County; California,133684.0,3575,1416,61,3575,1118,06,085,508800,085,4.307909604519774,68.72727272727272,06085508800
Census Tract 5089; Santa Clara County; California,129762.0,4782,1648,64,4782,1033,06,085,508900,085,3.8834951456310676,78.39815976578838,06085508900
Census Tract 5090.01; Santa Clara County; California,106389.0,2929,958,15,2929,638,06,085,509001,085,1.5657620041753653,78.21782178217822,06085509001
Census Tract 5090.02; Santa Clara County; California,121964.0,3954,1465,43,3954,816,06,085,509002,085,2.9351535836177476,79.36267071320182,06085509002
Census Tract 5091.02; Santa Clara County; California,192237.0,4865,2236,138,4865,1542,06,085,509102,085,6.171735241502684,68.30421377183967,06085509102
Census Tract 5091.06; Santa Clara County; California,142727.0,4264,1978,133,4264,1741,06,085,509106,085,6.7239635995955505,59.169793621013135,06085509106
Census Tract 5091.07; Santa Clara County; California,152361.0,4765,2081,206,4765,1538,06,085,509107,085,9.899086977414704,67.72298006295908,06085509107
Census Tract 5091.08; Santa Clara County; California,179028.0,4549,1848,107,4549,1582,06,085,509108,085,5.7900432900432905,65.22312596174984,06085509108
Census Tract 5091.09; Santa Clara County; California,218105.0,6572,2471,176,6572,2281,06,085,509109,085,7.122622420072846,65.29214850882532,06085509109
Census Tract 5091.10; Santa Clara County; California,199821.0,3248,1333,28,3248,1797,06,085,509110,085,2.100525131282821,44.67364532019704,06085509110
Census Tract 5091.11; Santa Clara County; California,157311.0,4205,1653,97,4205,1810,06,085,509111,085,5.8681185722928015,56.95600475624257,06085509111
Census Tract 5092.01; Santa Clara County; California,155404.0,5611,2715,251,5611,2698,06,085,509201,085,9.244935543278086,51.91587952236678,06085509201
Census Tract 5092.02; Santa Clara County; California,190579.0,4137,1667,118,4137,2263,06,085,509202,085,7.078584283143371,45.298525501571184,06085509202
Census Tract 5093.02; Santa Clara County; California,185625.0,3535,1298,92,3535,1813,06,085,509302,085,7.0878274268104775,48.71287128712871,06085509302
Census Tract 5093.03; Santa Clara County; California,177692.0,3816,1738,292,3816,1544,06,085,509303,085,16.800920598388952,59.538784067085956,06085509303
Census Tract 5093.04; Santa Clara County; California,160859.0,2936,1157,12,2936,1244,06,085,509304,085,1.0371650821089022,57.629427792915536,06085509304
Census Tract 5094.01; Santa Clara County; California,147823.0,4318,2126,243,4318,1776,06,085,509401,085,11.429915333960489,58.86984715145901,06085509401
Census Tract 5094.03; Santa Clara County; California,138750.0,4895,2155,139,4895,1836,06,085,509403,085,6.450116009280743,62.49233912155261,06085509403
Census Tract 5094.04; Santa Clara County; California,165250.0,6382,3007,279,6382,2310,06,085,509404,085,9.278350515463918,63.80445001566907,06085509404
Census Tract 5095; Santa Clara County; California,146587.0,5409,2358,189,5409,2314,06,085,509500,085,8.015267175572518,57.21944906637086,06085509500
Census Tract 5096; Santa Clara County; California,190556.0,3630,1712,104,3630,2032,06,085,509600,085,6.074766355140187,44.02203856749311,06085509600
Census Tract 5097; Santa Clara County; California,192125.0,3040,1349,57,3040,1871,06,085,509700,085,4.225352112676056,38.453947368421055,06085509700
Census Tract 5098.01; Santa Clara County; California,180903.0,5921,2458,174,5921,3081,06,085,509801,085,7.078925956061839,47.96487079885154,06085509801
Census Tract 5098.02; Santa Clara County; California,204632.0,3158,1118,38,3158,1564,06,085,509802,085,3.3989266547406083,50.47498416719443,06085509802
Census Tract 5099.01; Santa Clara County; California,250001.0,2472,776,13,2472,1701,06,085,509901,085,1.675257731958763,31.18932038834951,06085509901
Census Tract 5099.02; Santa Clara County; California,245521.0,5157,1790,209,5157,2483,06,085,509902,085,11.675977653631286,51.85185185185185,06085509902
Census Tract 5100.01; Santa Clara County; California,250001.0,5969,1988,15,5969,3516,06,085,510001,085,0.7545271629778671,41.09566091472608,06085510001
Census Tract 5100.02; Santa Clara County; California,250001.0,4075,1328,7,4075,1971,06,085,510002,085,0.5271084337349398,51.6319018404908,06085510002
Census Tract 5101; Santa Clara County; California,250001.0,2970,1059,0,2970,1615,06,085,510100,085,0.0,45.62289562289562,06085510100
Census Tract 5102; Santa Clara County; California,250001.0,4717,1542,38,4717,2968,06,085,510200,085,2.4643320363164722,37.07865168539326,06085510200
Census Tract 5103; Santa Clara County; California,243854.0,4629,1771,13,4629,2644,06,085,510300,085,0.7340485601355167,42.88183192914236,06085510300
Census Tract 5104; Santa Clara County; California,250001.0,3767,1289,21,3767,1872,06,085,510400,085,1.6291698991466252,50.30528271834351,06085510400
Census Tract 5105; Santa Clara County; California,250001.0,4637,1681,91,4637,2469,06,085,510500,085,5.413444378346222,46.754367047660125,06085510500
Census Tract 5106; Santa Clara County; California,159250.0,6100,2132,79,6100,3258,06,085,510600,085,3.7054409005628517,46.59016393442623,06085510600
Census Tract 5107; Santa Clara County; California,197257.0,4784,2161,102,4784,1999,06,085,510700,085,4.720037019898196,58.214882943143806,06085510700
Census Tract 5108.01; Santa Clara County; California,246048.0,5595,1988,84,5595,2105,06,085,510801,085,4.225352112676056,62.377122430741736,06085510801
Census Tract 5108.02; Santa Clara County; California,250001.0,1997,709,30,1997,1085,06,085,510802,085,4.231311706629055,45.6685027541312,06085510802
Census Tract 5108.03; Santa Clara County; California,250001.0,3435,1184,111,3435,1522,06,085,510803,085,9.375,55.69141193595342,06085510803
Census Tract 5109; Santa Clara County; California,181712.0,5122,2069,253,5122,2668,06,085,510900,085,12.228129531174481,47.91097227645451,06085510900
Census Tract 5110; Santa Clara County; California,231856.0,7208,2305,50,7208,2982,06,085,511000,085,2.1691973969631237,58.62930077691454,06085511000
Census Tract 5111; Santa Clara County; California,250001.0,5643,2012,61,5643,2493,06,085,511100,085,3.0318091451292246,55.8213716108453,06085511100
Census Tract 5112; Santa Clara County; California,250001.0,4995,1715,27,4995,3133,06,085,511200,085,1.574344023323615,37.27727727727728,06085511200
Census Tract 5113.01; Santa Clara County; California,215625.0,3925,1616,123,3925,2315,06,085,511301,085,7.611386138613861,41.01910828025478,06085511301
Census Tract 5113.02; Santa Clara County; California,100852.0,3466,1911,625,3466,2095,06,085,511302,085,32.70538984824699,39.55568378534334,06085511302
Census Tract 5114; Santa Clara County; California,250001.0,3705,1358,10,3705,2083,06,085,511400,085,0.7363770250368188,43.77867746288799,06085511400
Census Tract 5115.01; Santa Clara County; California,196429.0,4820,1954,250,4820,2673,06,085,511501,085,12.794268167860798,44.54356846473029,06085511501
Census Tract 5115.02; Santa Clara County; California,250001.0,3223,936,30,3223,2376,06,085,511502,085,3.205128205128205,26.27986348122867,06085511502
Census Tract 5116.08; Santa Clara County; California,45655.0,3252,171,72,3252,1418,06,085,511608,085,42.10526315789473,56.39606396063961,06085511608
Census Tract 5116.09; Santa Clara County; California,150192.0,3274,1632,167,3274,1955,06,085,511609,085,10.232843137254902,40.287110568112396,06085511609
Census Tract 5117.01; Santa Clara County; California,219167.0,4346,1576,8,4346,2675,06,085,511701,085,0.5076142131979695,38.44914864242982,06085511701
Census Tract 5117.02; Santa Clara County; California,250001.0,2829,994,8,2829,1682,06,085,511702,085,0.8048289738430584,40.54436196535878,06085511702
Census Tract 5117.04; Santa Clara County; California,250001.0,4577,1684,36,4577,2352,06,085,511704,085,2.137767220902613,48.61262835918724,06085511704
Census Tract 5117.05; Santa Clara County; California,250001.0,2047,612,14,2047,1426,06,085,511705,085,2.287581699346405,30.337078651685395,06085511705
Census Tract 5117.07; Santa Clara County; California,211250.0,3090,1186,120,3090,1638,06,085,511707,085,10.118043844856661,46.990291262135926,06085511707
Census Tract 5118; Santa Clara County; California,197361.0,4538,1656,22,4538,3870,06,085,511800,085,1.328502415458937,14.720141031291318,06085511800
Census Tract 5119.05; Santa Clara County; California,241440.0,2969,1009,7,2969,1546,06,085,511905,085,0.6937561942517344,47.928595486695855,06085511905
Census Tract 5119.07; Santa Clara County; California,250001.0,4144,1237,46,4144,1518,06,085,511907,085,3.7186742118027487,63.368725868725875,06085511907
Census Tract 5119.10; Santa Clara County; California,250001.0,3051,1082,8,3051,1952,06,085,511910,085,0.7393715341959335,36.02097672894133,06085511910
Census Tract 5119.11; Santa Clara County; California,164821.0,5049,2007,30,5049,3118,06,085,511911,085,1.4947683109118086,38.24519706872648,06085511911
Census Tract 5119.12; Santa Clara County; California,250001.0,5705,1717,8,5705,2194,06,085,511912,085,0.46592894583576006,61.54250657318142,06085511912
Census Tract 5119.13; Santa Clara County; California,250001.0,4624,1432,23,4624,2955,06,085,511913,085,1.606145251396648,36.09429065743945,06085511913
Census Tract 5119.14; Santa Clara County; California,247039.0,6327,1967,59,6327,3528,06,085,511914,085,2.9994916115912558,44.23897581792319,06085511914
Census Tract 5119.15; Santa Clara County; California,93382.0,4055,1384,296,4055,1676,06,085,511915,085,21.38728323699422,58.668310727496916,06085511915
Census Tract 5119.16; Santa Clara County; California,191458.0,4463,1549,91,4463,2172,06,085,511916,085,5.874757908327954,51.33318395697961,06085511916
Census Tract 5119.17; Santa Clara County; California,239073.0,4220,1575,15,4220,1630,06,085,511917,085,0.9523809523809524,61.37440758293838,06085511917
Census Tract 5119.18; Santa Clara County; California,231724.0,3127,966,23,3127,1574,06,085,511918,085,2.380952380952381,49.66421490246242,06085511918
Census Tract 5120.01; Santa Clara County; California,192176.0,6384,1836,74,6384,1711,06,085,512001,085,4.030501089324619,73.1986215538847,06085512001
Census Tract 5120.05; Santa Clara County; California,176855.0,6633,2113,12,6633,3591,06,085,512005,085,0.5679129200189305,45.86160108548169,06085512005
Census Tract 5120.19; Santa Clara County; California,126326.0,4404,1485,18,4404,2114,06,085,512019,085,1.2121212121212122,51.998183469573114,06085512019
Census Tract 5120.21; Santa Clara County; California,144632.0,6133,2036,128,6133,2694,06,085,512021,085,6.286836935166994,56.07369965759008,06085512021
Census Tract 5120.22; Santa Clara County; California,89831.0,6217,1854,157,6217,1666,06,085,512022,085,8.468176914778857,73.20250924883385,06085512022
Census Tract 5120.23; Santa Clara County; California,98722.0,5737,1927,43,5737,1846,06,085,512023,085,2.2314478463933574,67.82290395677182,06085512023
Census Tract 5120.24; Santa Clara County; California,137275.0,4977,1737,133,4977,2532,06,085,512024,085,7.656879677605066,49.12597950572634,06085512024
Census Tract 5120.25; Santa Clara County; California,226364.0,2983,968,50,2983,1407,06,085,512025,085,5.1652892561983474,52.83271873952396,06085512025
Census Tract 5120.26; Santa Clara County; California,117162.0,3680,1274,23,3680,1237,06,085,512026,085,1.805337519623234,66.38586956521739,06085512026
Census Tract 5120.27; Santa Clara County; California,117194.0,4237,1466,179,4237,2195,06,085,512027,085,12.210095497953615,48.19447722445126,06085512027
Census Tract 5120.29; Santa Clara County; California,155000.0,7849,2516,52,7849,4218,06,085,512029,085,2.066772655007949,46.26067014906358,06085512029
Census Tract 5120.30; Santa Clara County; California,182344.0,2922,905,32,2922,1505,06,085,512030,085,3.535911602209945,48.49418206707735,06085512030
Census Tract 5120.31; Santa Clara County; California,184917.0,4378,1377,5,4378,2433,06,085,512031,085,0.36310820624546114,44.4266788487894,06085512031
Census Tract 5120.32; Santa Clara County; California,153947.0,3314,1148,0,3314,1578,06,085,512032,085,0.0,52.383826191913094,06085512032
Census Tract 5120.34; Santa Clara County; California,169219.0,2932,988,31,2932,1459,06,085,512034,085,3.137651821862348,50.2387448840382,06085512034
Census Tract 5120.35; Santa Clara County; California,186731.0,4900,1312,65,4900,1754,06,085,512035,085,4.954268292682927,64.20408163265307,06085512035
Census Tract 5120.36; Santa Clara County; California,143729.0,4884,1802,63,4884,2178,06,085,512036,085,3.4961154273029966,55.4054054054054,06085512036
Census Tract 5120.37; Santa Clara County; California,172929.0,3064,952,16,3064,1394,06,085,512037,085,1.680672268907563,54.50391644908616,06085512037
Census Tract 5120.38; Santa Clara County; California,95795.0,3142,1015,51,3142,875,06,085,512038,085,5.024630541871921,72.15149586250796,06085512038
Census Tract 5120.39; Santa Clara County; California,134594.0,6127,1445,72,6127,1102,06,085,512039,085,4.982698961937716,82.01403623306676,06085512039
Census Tract 5120.42; Santa Clara County; California,112969.0,2991,815,83,2991,632,06,085,512042,085,10.184049079754601,78.8699431628218,06085512042
Census Tract 5120.43; Santa Clara County; California,63033.0,5919,1648,151,5919,1627,06,085,512043,085,9.162621359223301,72.51224869065722,06085512043
Census Tract 5120.45; Santa Clara County; California,174926.0,5244,1707,62,5244,2438,06,085,512045,085,3.6321031048623316,53.50877192982456,06085512045
Census Tract 5120.47; Santa Clara County; California,187813.0,5783,1657,12,5783,2994,06,085,512047,085,0.724200362100181,48.22756354833132,06085512047
Census Tract 5120.52; Santa Clara County; California,132698.0,4279,1720,86,4279,2136,06,085,512052,085,5.0,50.08179481187194,06085512052
Census Tract 5120.53; Santa Clara County; California,138750.0,5205,1610,43,5205,2777,06,085,512053,085,2.670807453416149,46.647454370797306,06085512053
Census Tract 5120.54; Santa Clara County; California,116250.0,4150,1719,83,4150,1339,06,085,512054,085,4.828388598022106,67.73493975903614,06085512054
Census Tract 5120.55; Santa Clara County; California,108393.0,3532,873,14,3532,536,06,085,512055,085,1.6036655211912942,84.82446206115515,06085512055
Census Tract 5120.56; Santa Clara County; California,101111.0,3125,1008,125,3125,1314,06,085,512056,085,12.400793650793652,57.952000000000005,06085512056
Census Tract 5120.57; Santa Clara County; California,151146.0,4125,998,114,4125,1502,06,085,512057,085,11.422845691382765,63.58787878787879,06085512057
Census Tract 5120.58; Santa Clara County; California,113893.0,5504,2311,82,5504,1737,06,085,512058,085,3.5482475118996106,68.44113372093024,06085512058
Census Tract 5120.59; Santa Clara County; California,148700.0,6927,2220,22,6927,2933,06,085,512059,085,0.990990990990991,57.65843799624657,06085512059
Census Tract 5121; Santa Clara County; California,93542.0,1640,478,13,1640,639,06,085,512100,085,2.7196652719665275,61.036585365853654,06085512100
Census Tract 5122; Santa Clara County; California,235674.0,4905,1699,27,4905,2692,06,085,512200,085,1.5891701000588583,45.11722731906218,06085512200
Census Tract 5123.05; Santa Clara County; California,223125.0,4658,1392,0,4658,2690,06,085,512305,085,0.0,42.24989265779304,06085512305
Census Tract 5123.07; Santa Clara County; California,151477.0,6918,2329,81,6918,4225,06,085,512307,085,3.4778875053671103,38.92743567505059,06085512307
Census Tract 5123.08; Santa Clara County; California,229395.0,8460,2649,23,8460,5544,06,085,512308,085,0.8682521706304266,34.46808510638298,06085512308
Census Tract 5123.09; Santa Clara County; California,193854.0,5295,1685,47,5295,3717,06,085,512309,085,2.7893175074183976,29.80169971671388,06085512309
Census Tract 5123.10; Santa Clara County; California,101500.0,5395,1764,62,5395,2586,06,085,512310,085,3.5147392290249435,52.06672845227062,06085512310
Census Tract 5123.11; Santa Clara County; California,147681.0,4171,1305,52,4171,2079,06,085,512311,085,3.984674329501916,50.155837928554305,06085512311
Census Tract 5123.12; Santa Clara County; California,185375.0,3493,1155,0,3493,1998,06,085,512312,085,0.0,42.799885485256226,06085512312
Census Tract 5123.13; Santa Clara County; California,110954.0,3833,1147,41,3833,1646,06,085,512313,085,3.5745422842197034,57.05713540307853,06085512313
Census Tract 5123.14; Santa Clara County; California,108950.0,7077,2269,126,7077,3866,06,085,512314,085,5.553107095636845,45.3723329094249,06085512314
Census Tract 5124.01; Santa Clara County; California,155431.0,4600,1492,0,4600,2785,06,085,512401,085,0.0,39.45652173913044,06085512401
Census Tract 5124.02; Santa Clara County; California,140000.0,5246,1620,76,5246,2803,06,085,512402,085,4.691358024691358,46.56881433473122,06085512402
Census Tract 5125.05; Santa Clara County; California,125716.0,7947,2293,10,7947,3339,06,085,512505,085,0.436109899694723,57.98414496036241,06085512505
Census Tract 5125.09; Santa Clara County; California,183036.0,8056,1937,63,8056,3166,06,085,512509,085,3.252452245740836,60.70009930486594,06085512509
Census Tract 5125.10; Santa Clara County; California,105833.0,6844,2514,202,6844,3606,06,085,512510,085,8.035003977724742,47.31151373465809,06085512510
Census Tract 5125.11; Santa Clara County; California,112188.0,4872,1598,187,4872,2147,06,085,512511,085,11.702127659574469,55.931855500821015,06085512511
Census Tract 5125.12; Santa Clara County; California,88587.0,4052,1058,0,4052,2183,06,085,512512,085,0.0,46.1253701875617,06085512512
Census Tract 5125.13; Santa Clara County; California,90213.0,3761,1113,35,3761,1677,06,085,512513,085,3.1446540880503147,55.41079500132944,06085512513
Census Tract 5125.14; Santa Clara County; California,127266.0,2924,793,25,2924,1084,06,085,512514,085,3.1525851197982346,62.927496580027366,06085512514
Census Tract 5125.15; Santa Clara County; California,161989.0,5028,1457,46,5028,2972,06,085,512515,085,3.157172271791352,40.89101034208433,06085512515
Census Tract 5125.16; Santa Clara County; California,149424.0,4525,1465,24,4525,1893,06,085,512516,085,1.6382252559726962,58.16574585635359,06085512516
Census Tract 5126.02; Santa Clara County; California,136146.0,2838,751,17,2838,1500,06,085,512602,085,2.263648468708389,47.14587737843552,06085512602
Census Tract 5126.03; Santa Clara County; California,90101.0,4357,1089,50,4357,1981,06,085,512603,085,4.591368227731864,54.53293550608217,06085512603
Census Tract 5126.04; Santa Clara County; California,80552.0,4744,1163,11,4744,1793,06,085,512604,085,0.9458297506448838,62.20489038785835,06085512604
Census Tract 5130; Santa Clara County; California,50346.0,10780,2522,1009,10780,5106,06,085,513000,085,40.00793021411578,52.634508348794064,06085513000
Census Tract 5135; Santa Clara County; California,111964.0,1362,341,0,1362,895,06,085,513500,085,0.0,34.287812041116005,06085513500
