NAME,total_pop,median_age,total_pop_race,white_alone,black_alone,aian_alone,asian_alone,nhpi_alone,other_race_alone,two_or_more_races,median_household_income,per_capita_income,total_pop_poverty_calc,pop_below_poverty,total_housing_units,total_occupied_units,owner_occupied,renter_occupied,total_households,owner_occ_no_vehicle,renter_occ_no_vehicle,median_gross_rent,median_home_value,total_workers_16plus,drove_alone,public_transit_commuters,bicycle_commuters,walked_commuters,worked_from_home,aggregate_travel_time_mins,labor_force,employed,unemployed,pop_25plus,bachelors_degree,masters_degree,professional_degree,doctorate_degree,foreign_born,total_pop_nativity,state,county,tract,GEOID,county_name,households_no_vehicle,pct_no_vehicle,pop_nonwhite,pct_nonwhite,pct_white,pct_black,pct_asian,poverty_rate,pct_renter,pct_owner,pct_transit_commute,pct_drove_alone,pct_bike_commute,pct_walk_commute,pct_wfh,mean_travel_time_mins,unemployment_rate,pop_bachelors_plus,pct_bachelors_plus,pct_foreign_born
Census Tract 4001; Alameda County; California,3132,52.4,3132,2175,156,0,544,0,46,211,250001.0,150673.0,3122,131,1488,1337,1256,81,1337,107,0,3501.0,1790500.0,1687,763,56,32,69,644,32595.0,1784,1713,71,2488,800,523,336,407,642,3132,06,001,400100,06001400100,Alameda,107,8.0,957,30.56,69.44,4.98,17.37,4.2,6.06,93.94,3.32,45.23,1.9,4.09,38.17,19.32,3.98,2066,83.04,20.5
Census Tract 4002; Alameda County; California,2203,40.1,2203,1451,73,19,274,0,20,366,208438.0,112637.0,2203,170,919,879,537,342,879,16,94,2756.0,1927600.0,1158,303,174,36,21,577,16040.0,1230,1158,72,1750,645,425,205,151,290,2203,06,001,400200,06001400200,Alameda,110,12.51,752,34.14,65.86,3.31,12.44,7.72,38.91,61.09,15.03,26.17,3.11,1.81,49.83,13.85,5.85,1426,81.49,13.16
Census Tract 4003; Alameda County; California,5990,41.0,5990,3615,518,22,489,0,299,1047,176618.0,113042.0,5978,256,2984,2888,1245,1643,2888,23,443,2363.0,1751200.0,3555,1164,661,84,84,1354,72075.0,3922,3680,242,4789,1615,1480,605,248,903,5990,06,001,400300,06001400300,Alameda,466,16.14,2375,39.65,60.35,8.65,8.16,4.28,56.89,43.11,18.59,32.74,2.36,2.36,38.09,20.27,6.17,3948,82.44,15.08
Census Tract 4004; Alameda County; California,4399,37.6,4399,2776,337,10,517,0,180,579,165134.0,111691.0,4318,345,2012,1803,910,893,1803,31,181,2449.0,1586700.0,2427,595,356,148,105,1104,38035.0,2478,2433,28,3314,1229,980,315,247,495,4399,06,001,400400,06001400400,Alameda,212,11.76,1623,36.89,63.11,7.66,11.75,7.99,49.53,50.47,14.67,24.52,6.1,4.33,45.49,15.67,1.13,2771,83.61,11.25
Census Tract 4005; Alameda County; California,3579,36.8,3579,1714,765,3,271,7,284,535,96641.0,68061.0,3573,395,1841,1687,816,871,1687,31,196,2182.0,1404600.0,1904,593,200,106,35,879,25630.0,2102,1912,190,2753,967,719,173,140,296,3579,06,001,400500,06001400500,Alameda,227,13.46,1865,52.11,47.89,21.37,7.57,11.06,51.63,48.37,10.5,31.14,5.57,1.84,46.17,13.46,9.04,1999,72.61,8.27
Census Tract 4006; Alameda County; California,2052,40.2,2052,987,443,31,138,0,94,359,139238.0,74326.0,2008,236,854,835,357,478,835,10,64,2252.0,1189600.0,1237,463,247,35,32,416,,1315,1284,31,1592,517,269,62,169,311,2052,06,001,400600,06001400600,Alameda,74,8.86,1065,51.9,48.1,21.59,6.73,11.75,57.25,42.75,19.97,37.43,2.83,2.59,33.63,,2.36,1017,63.88,15.16
Census Tract 4007; Alameda County; California,4576,37.6,4576,2188,1213,95,528,0,97,455,127083.0,75431.0,4576,563,2230,1985,828,1157,1985,16,107,2398.0,1103600.0,3002,1098,419,49,145,1111,,3228,3047,181,3706,1140,1072,196,210,637,4576,06,001,400700,06001400700,Alameda,123,6.2,2388,52.19,47.81,26.51,11.54,12.3,58.29,41.71,13.96,36.58,1.63,4.83,37.01,,5.61,2618,70.64,13.92
Census Tract 4008; Alameda County; California,4548,36.2,4548,2293,371,135,648,9,505,587,145978.0,80332.0,4523,608,2025,1902,688,1214,1902,30,153,2230.0,1037500.0,3027,1261,378,274,104,849,59940.0,3064,3032,14,3735,1410,761,99,226,1086,4548,06,001,400800,06001400800,Alameda,183,9.62,2255,49.58,50.42,8.16,14.25,13.44,63.83,36.17,12.49,41.66,9.05,3.44,28.05,19.8,0.46,2496,66.83,23.88
Census Tract 4009; Alameda County; California,2855,35.4,2855,1016,882,0,303,0,257,397,115673.0,74259.0,2855,454,1352,1167,527,640,1167,0,69,2261.0,1129200.0,1610,784,144,49,25,521,34180.0,1798,1610,188,2021,609,289,61,120,779,2855,06,001,400900,06001400900,Alameda,69,5.91,1839,64.41,35.59,30.89,10.61,15.9,54.84,45.16,8.94,48.7,3.04,1.55,32.36,21.23,10.46,1079,53.39,27.29
Census Tract 4010; Alameda County; California,6361,34.1,6361,1983,2462,61,377,31,355,1092,136728.0,61108.0,6352,1089,2788,2461,893,1568,2461,81,376,1891.0,927800.0,3797,1321,421,236,179,1516,71545.0,4225,3898,327,4799,1786,687,233,57,823,6361,06,001,401000,06001401000,Alameda,457,18.57,4378,68.83,31.17,38.7,5.93,17.14,63.71,36.29,11.09,34.79,6.22,4.71,39.93,18.84,7.74,2763,57.57,12.94
Census Tract 4011; Alameda County; California,5722,33.8,5722,2172,1549,0,793,0,518,690,96599.0,77655.0,5708,805,3138,2885,463,2422,2885,0,524,2292.0,1157100.0,3452,1098,715,222,90,1068,66465.0,3987,3554,433,4437,1356,959,266,166,1388,5722,06,001,401100,06001401100,Alameda,524,18.16,3550,62.04,37.96,27.07,13.86,14.1,83.95,16.05,20.71,31.81,6.43,2.61,30.94,19.25,10.86,2747,61.91,24.26
Census Tract 4012; Alameda County; California,3073,38.3,3073,1890,152,15,493,0,81,442,123750.0,98939.0,3066,190,1630,1578,649,929,1578,0,194,2444.0,1301600.0,2110,633,427,158,130,633,,2253,2186,67,2627,1065,750,146,141,373,3073,06,001,401200,06001401200,Alameda,194,12.29,1183,38.5,61.5,4.95,16.04,6.2,58.87,41.13,20.24,30.0,7.49,6.16,30.0,,2.97,2102,80.02,12.14
Census Tract 4013; Alameda County; California,4778,35.0,4778,1582,1362,98,915,0,210,611,106938.0,76716.0,4456,528,3115,2644,229,2415,2644,0,620,2392.0,639100.0,3050,1083,574,163,236,862,82585.0,3285,3085,200,4138,1421,525,188,227,929,4778,06,001,401300,06001401300,Alameda,620,23.45,3196,66.89,33.11,28.51,19.15,11.85,91.34,8.66,18.82,35.51,5.34,7.74,28.26,27.08,6.09,2361,57.06,19.44
Census Tract 4014; Alameda County; California,4214,33.4,4214,1314,1310,26,503,0,683,378,70208.0,45631.0,4199,1293,1987,1739,427,1312,1739,40,312,1910.0,889700.0,2466,1265,271,95,16,567,,2785,2510,275,3103,978,332,62,28,817,4214,06,001,401400,06001401400,Alameda,352,20.24,2900,68.82,31.18,31.09,11.94,30.79,75.45,24.55,10.99,51.3,3.85,0.65,22.99,,9.87,1400,45.12,19.39
Census Tract 4015; Alameda County; California,2739,39.8,2739,751,1309,37,122,0,233,287,78598.0,49330.0,2709,612,1355,1233,435,798,1233,85,363,1515.0,798500.0,1431,567,233,53,14,484,26315.0,1681,1473,208,2213,567,321,28,6,565,2739,06,001,401500,06001401500,Alameda,448,36.33,1988,72.58,27.42,47.79,4.45,22.59,64.72,35.28,16.28,39.62,3.7,0.98,33.82,18.39,12.37,922,41.66,20.63
Census Tract 4016; Alameda County; California,2668,32.8,2668,770,822,35,365,0,366,310,174414.0,73234.0,2668,386,1114,999,396,603,999,38,65,2250.0,745100.0,1548,551,232,13,18,485,33900.0,1744,1577,167,1966,593,322,88,46,774,2668,06,001,401600,06001401600,Alameda,103,10.31,1898,71.14,28.86,30.81,13.68,14.47,60.36,39.64,14.99,35.59,0.84,1.16,31.33,21.9,9.58,1049,53.36,29.01
Census Tract 4017; Alameda County; California,3626,37.3,3626,1416,709,0,592,7,427,475,148387.0,77644.0,3611,647,1983,1574,713,861,1574,28,52,2963.0,757500.0,2313,1186,236,22,19,785,55235.0,2585,2451,134,3070,1145,531,90,64,692,3626,06,001,401700,06001401700,Alameda,80,5.08,2210,60.95,39.05,19.55,16.33,17.92,54.7,45.3,10.2,51.28,0.95,0.82,33.94,23.88,5.18,1830,59.61,19.08
Census Tract 4018; Alameda County; California,1792,34.7,1792,484,544,3,78,0,460,223,68299.0,47746.0,1762,338,855,737,214,523,737,26,223,1505.0,1008700.0,935,351,341,23,0,139,,1038,986,52,1250,408,138,64,56,208,1792,06,001,401800,06001401800,Alameda,249,33.79,1308,72.99,27.01,30.36,4.35,19.18,70.96,29.04,36.47,37.54,2.46,0.0,14.87,,5.01,666,53.28,11.61
Census Tract 4022; Alameda County; California,2775,33.9,2775,643,1281,82,169,14,247,339,125351.0,52963.0,2749,481,1160,1050,344,706,1050,24,119,2820.0,676400.0,1647,603,299,11,87,405,,1825,1702,112,2160,890,138,51,67,477,2775,06,001,402200,06001402200,Alameda,143,13.62,2132,76.83,23.17,46.16,6.09,17.5,67.24,32.76,18.15,36.61,0.67,5.28,24.59,,6.14,1146,53.06,17.19
Census Tract 4024; Alameda County; California,2666,42.1,2666,562,1369,31,291,0,50,363,40741.0,41711.0,2643,447,1357,1252,376,876,1252,7,396,1241.0,686600.0,1265,482,368,79,39,222,,1506,1311,185,2013,276,164,60,54,680,2666,06,001,402400,06001402400,Alameda,403,32.19,2104,78.92,21.08,51.35,10.92,16.91,69.97,30.03,29.09,38.1,6.25,3.08,17.55,,12.28,554,27.52,25.51
Census Tract 4025; Alameda County; California,1943,31.7,1943,535,973,0,250,0,79,106,36000.0,27930.0,1943,614,814,716,102,614,716,5,285,1031.0,923100.0,785,405,233,37,0,55,25705.0,896,792,104,1256,270,50,0,0,365,1943,06,001,402500,06001402500,Alameda,290,40.5,1408,72.47,27.53,50.08,12.87,31.6,85.75,14.25,29.68,51.59,4.71,0.0,7.01,32.75,11.61,320,25.48,18.79
Census Tract 4026; Alameda County; California,1192,43.8,1192,219,400,0,479,0,0,94,47940.0,52721.0,1192,303,673,635,181,454,635,17,222,1026.0,518900.0,629,222,126,0,42,176,,670,634,36,1009,387,83,43,21,541,1192,06,001,402600,06001402600,Alameda,239,37.64,973,81.63,18.37,33.56,40.18,25.42,71.5,28.5,20.03,35.29,0.0,6.68,27.98,,5.37,534,52.92,45.39
Census Tract 4027; Alameda County; California,1637,38.0,1637,478,684,0,152,0,112,211,88958.0,55734.0,1637,360,855,744,166,578,744,32,81,2532.0,919400.0,997,343,221,48,55,248,,1083,1006,77,1252,413,132,53,24,279,1637,06,001,402700,06001402700,Alameda,113,15.19,1159,70.8,29.2,41.78,9.29,21.99,77.69,22.31,22.17,34.4,4.81,5.52,24.87,,7.11,622,49.68,17.04
Census Tract 4028.01; Alameda County; California,2891,36.8,2891,694,1227,18,627,0,102,223,50469.0,57766.0,2891,658,1801,1647,175,1472,1647,26,729,1879.0,847000.0,1659,434,542,66,57,470,,1829,1680,149,2211,653,219,80,34,1021,2891,06,001,402801,06001402801,Alameda,755,45.84,2197,75.99,24.01,42.44,21.69,22.76,89.37,10.63,32.67,26.16,3.98,3.44,28.33,,8.15,986,44.6,35.32
Census Tract 4028.02; Alameda County; California,1602,51.7,1602,404,655,0,325,11,116,91,19981.0,28465.0,1602,728,1064,935,36,899,935,0,707,756.0,785700.0,667,103,324,0,65,106,,705,667,38,1402,273,80,14,0,297,1602,06,001,402802,06001402802,Alameda,707,75.61,1198,74.78,25.22,40.89,20.29,45.44,96.15,3.85,48.58,15.44,0.0,9.75,15.89,,5.39,367,26.18,18.54
Census Tract 4029; Alameda County; California,2431,37.2,2431,661,603,10,692,0,112,353,66050.0,89947.0,2417,515,2071,1715,12,1703,1715,0,1029,2096.0,,1496,298,484,19,86,446,,1648,1525,123,2182,829,377,41,85,710,2431,06,001,402900,06001402900,Alameda,1029,60.0,1770,72.81,27.19,24.8,28.47,21.31,99.3,0.7,32.35,19.92,1.27,5.75,29.81,,7.46,1332,61.04,29.21
Census Tract 4030; Alameda County; California,3387,40.4,3387,444,320,2,2178,48,48,347,58794.0,60439.0,3387,799,2413,2034,353,1681,2034,182,1008,2128.0,573000.0,1659,331,440,0,137,707,,1931,1760,171,3024,825,454,67,26,2062,3387,06,001,403000,06001403000,Alameda,1190,58.51,2943,86.89,13.11,9.45,64.3,23.59,82.65,17.35,26.52,19.95,0.0,8.26,42.62,,8.86,1372,45.37,60.88
Census Tract 4031; Alameda County; California,2251,33.6,2251,713,514,0,733,0,124,167,139375.0,83565.0,2075,339,1482,1224,390,834,1224,52,381,2861.0,666700.0,1263,188,384,0,89,536,,1513,1316,197,1990,715,419,35,86,738,2251,06,001,403100,06001403100,Alameda,433,35.38,1538,68.33,31.67,22.83,32.56,16.34,68.14,31.86,30.4,14.89,0.0,7.05,42.44,,13.02,1255,63.07,32.79
Census Tract 4033.01; Alameda County; California,1900,53.4,1900,129,112,53,1372,0,135,99,40720.0,38774.0,1900,472,917,867,170,697,867,38,306,1688.0,583300.0,814,307,73,7,208,125,,902,840,62,1588,273,62,3,0,1229,1900,06,001,403301,06001403301,Alameda,344,39.68,1771,93.21,6.79,5.89,72.21,24.84,80.39,19.61,8.97,37.71,0.86,25.55,15.36,,6.87,338,21.28,64.68
Census Tract 4033.02; Alameda County; California,2819,31.9,2819,1073,121,0,691,0,194,740,144813.0,114040.0,2819,101,1877,1726,402,1324,1726,46,166,3188.0,647100.0,2359,713,462,82,98,882,,2450,2328,86,2522,1248,516,91,82,503,2819,06,001,403302,06001403302,Alameda,212,12.28,1746,61.94,38.06,4.29,24.51,3.58,76.71,23.29,19.58,30.22,3.48,4.15,37.39,,3.51,1937,76.8,17.84
Census Tract 4034.01; Alameda County; California,2724,47.2,2724,1277,443,10,611,0,54,329,70472.0,87079.0,2708,608,2244,1969,360,1609,1969,27,826,1723.0,949000.0,1627,482,395,133,105,483,,1739,1638,101,2546,673,663,145,190,899,2724,06,001,403401,06001403401,Alameda,853,43.32,1447,53.12,46.88,16.26,22.43,22.45,81.72,18.28,24.28,29.63,8.17,6.45,29.69,,5.81,1671,65.63,33.0
Census Tract 4034.02; Alameda County; California,998,38.2,998,443,291,0,76,0,97,91,103362.0,84392.0,998,52,924,760,0,760,760,0,331,1734.0,,863,204,349,29,65,124,22805.0,906,863,43,910,244,279,7,38,257,998,06,001,403402,06001403402,Alameda,331,43.55,555,55.61,44.39,29.16,7.62,5.21,100.0,0.0,40.44,23.64,3.36,7.53,14.37,26.43,4.75,568,62.42,25.75
Census Tract 4035.01; Alameda County; California,6063,37.5,6063,2408,1161,17,1596,0,143,738,127997.0,92894.0,6063,1306,3934,3362,635,2727,3362,117,920,1997.0,912300.0,3418,1126,877,76,256,1020,69310.0,3942,3663,279,5233,1704,1122,598,93,1847,6063,06,001,403501,06001403501,Alameda,1037,30.84,3655,60.28,39.72,19.15,26.32,21.54,81.11,18.89,25.66,32.94,2.22,7.49,29.84,20.28,7.08,3517,67.21,30.46
Census Tract 4035.02; Alameda County; California,2052,36.2,2052,968,406,35,225,13,56,349,115000.0,84646.0,2052,165,1468,1180,119,1061,1180,20,212,2231.0,769000.0,1552,531,287,23,97,510,,1659,1620,30,1758,631,402,75,46,279,2052,06,001,403502,06001403502,Alameda,232,19.66,1084,52.83,47.17,19.79,10.96,8.04,89.92,10.08,18.49,34.21,1.48,6.25,32.86,,1.81,1154,65.64,13.6
Census Tract 4036; Alameda County; California,4839,39.0,4839,1791,1061,137,480,38,318,1014,103459.0,75119.0,4766,638,3175,2842,440,2402,2842,64,407,1969.0,896400.0,3028,1248,310,13,338,1027,59350.0,3128,3049,79,4196,1321,1011,182,296,988,4839,06,001,403600,06001403600,Alameda,471,16.57,3048,62.99,37.01,21.93,9.92,13.39,84.52,15.48,10.24,41.22,0.43,11.16,33.92,19.6,2.53,2810,66.97,20.42
Census Tract 4037.01; Alameda County; California,2602,39.7,2602,1205,459,0,518,0,175,245,94366.0,74843.0,2525,302,1921,1636,234,1402,1636,42,461,2347.0,686000.0,1577,415,152,65,72,743,,1606,1586,20,2241,822,511,73,96,558,2602,06,001,403701,06001403701,Alameda,503,30.75,1397,53.69,46.31,17.64,19.91,11.96,85.7,14.3,9.64,26.32,4.12,4.57,47.11,,1.25,1502,67.02,21.45
Census Tract 4037.02; Alameda County; California,2198,35.4,2198,1213,282,0,219,0,56,428,117470.0,86473.0,2167,136,1430,1259,230,1029,1259,58,156,2300.0,897100.0,1458,566,221,32,25,538,,1653,1551,102,1820,718,473,77,88,230,2198,06,001,403702,06001403702,Alameda,214,17.0,985,44.81,55.19,12.83,9.96,6.28,81.73,18.27,15.16,38.82,2.19,1.71,36.9,,6.17,1356,74.51,10.46
Census Tract 4038; Alameda County; California,4056,42.4,4056,2522,370,5,502,0,122,535,159917.0,97536.0,4056,253,2092,1941,759,1182,1941,0,129,2302.0,1515600.0,2534,824,421,57,86,1087,50010.0,2740,2605,135,3266,1080,926,231,259,385,4056,06,001,403800,06001403800,Alameda,129,6.65,1534,37.82,62.18,9.12,12.38,6.24,60.9,39.1,16.61,32.52,2.25,3.39,42.9,19.74,4.93,2496,76.42,9.49
Census Tract 4039; Alameda County; California,3767,40.1,3767,2470,272,34,482,0,108,401,107219.0,91566.0,3757,179,2448,2259,756,1503,2259,19,305,2311.0,573300.0,2331,692,427,30,63,1041,,2502,2394,108,3356,1350,517,450,177,504,3767,06,001,403900,06001403900,Alameda,324,14.34,1297,34.43,65.57,7.22,12.8,4.76,66.53,33.47,18.32,29.69,1.29,2.7,44.66,,4.32,2494,74.31,13.38
Census Tract 4040; Alameda County; California,2847,37.7,2847,1532,560,0,262,5,83,405,92500.0,80368.0,2847,229,1963,1734,471,1263,1734,42,280,2172.0,866700.0,1664,416,121,59,111,875,,1912,1744,168,2415,834,777,75,82,541,2847,06,001,404000,06001404000,Alameda,322,18.57,1315,46.19,53.81,19.67,9.2,8.04,72.84,27.16,7.27,25.0,3.55,6.67,52.58,,8.79,1768,73.21,19.0
Census Tract 4041.01; Alameda County; California,3267,42.3,3267,2180,238,10,276,0,95,468,125729.0,94281.0,3253,212,1913,1768,667,1101,1768,77,106,2343.0,1158400.0,2039,780,235,78,131,731,43310.0,2121,2091,17,2774,1035,742,161,228,383,3267,06,001,404101,06001404101,Alameda,183,10.35,1087,33.27,66.73,7.28,8.45,6.52,62.27,37.73,11.53,38.25,3.83,6.42,35.85,21.24,0.8,2166,78.08,11.72
Census Tract 4041.02; Alameda County; California,2546,44.9,2546,1459,107,28,291,13,222,426,110920.0,92188.0,2385,127,1783,1567,336,1231,1567,52,318,2279.0,644100.0,1447,437,145,9,19,706,22100.0,1502,1447,55,2271,796,589,189,91,309,2546,06,001,404102,06001404102,Alameda,370,23.61,1087,42.69,57.31,4.2,11.43,5.32,78.56,21.44,10.02,30.2,0.62,1.31,48.79,15.27,3.66,1665,73.32,12.14
Census Tract 4042; Alameda County; California,3661,45.2,3661,2591,203,0,314,12,95,446,250001.0,124044.0,3553,119,1512,1448,1240,208,1448,27,10,3103.0,1761900.0,1765,763,161,4,59,740,,1890,1766,111,2554,777,673,444,245,295,3661,06,001,404200,06001404200,Alameda,37,2.56,1070,29.23,70.77,5.54,8.58,3.35,14.36,85.64,9.12,43.23,0.23,3.34,41.93,,5.87,2139,83.75,8.06
Census Tract 4043; Alameda County; California,3600,47.9,3600,2645,87,18,415,0,26,409,232386.0,123336.0,3600,105,1559,1453,1317,136,1453,27,27,3501.0,2000001.0,1822,745,150,0,55,760,29925.0,1917,1849,68,2609,843,635,522,239,324,3600,06,001,404300,06001404300,Alameda,54,3.72,955,26.53,73.47,2.42,11.53,2.92,9.36,90.64,8.23,40.89,0.0,3.02,41.71,16.42,3.55,2239,85.82,9.0
Census Tract 4044; Alameda County; California,5567,44.2,5567,2986,74,0,1294,0,74,1139,231597.0,128053.0,5567,165,2494,2407,2146,261,2407,17,0,3501.0,1412800.0,3100,1334,162,0,34,1485,,3279,3163,116,4316,1772,1134,380,460,1489,5567,06,001,404400,06001404400,Alameda,17,0.71,2581,46.36,53.64,1.33,23.24,2.96,10.84,89.16,5.23,43.03,0.0,1.1,47.9,,3.54,3746,86.79,26.75
Census Tract 4045.01; Alameda County; California,1794,51.4,1794,1116,67,9,232,41,19,310,250001.0,136857.0,1794,38,726,702,585,117,702,27,0,3501.0,2000001.0,832,357,40,0,16,325,14645.0,897,830,56,1362,466,250,237,109,263,1794,06,001,404501,06001404501,Alameda,27,3.85,678,37.79,62.21,3.73,12.93,2.12,16.67,83.33,4.81,42.91,0.0,1.92,39.06,17.6,6.24,1062,77.97,14.66
Census Tract 4045.02; Alameda County; California,6286,46.3,6286,3854,326,79,1260,0,126,641,250001.0,119719.0,6286,94,2618,2590,2487,103,2590,17,0,3501.0,1420300.0,3688,1242,185,0,1,1919,67095.0,3904,3740,164,4837,2054,1231,437,480,749,6286,06,001,404502,06001404502,Alameda,17,0.66,2432,38.69,61.31,5.19,20.04,1.5,3.98,96.02,5.02,33.68,0.0,0.03,52.03,18.19,4.2,4202,86.87,11.92
Census Tract 4046; Alameda County; California,4697,48.8,4697,2760,412,0,608,30,76,811,233194.0,133952.0,4685,208,1961,1885,1678,207,1885,9,44,3501.0,1315700.0,2096,734,161,18,32,1015,39000.0,2333,2123,210,3771,1331,1175,275,286,685,4697,06,001,404600,06001404600,Alameda,53,2.81,1937,41.24,58.76,8.77,12.94,4.44,10.98,89.02,7.68,35.02,0.86,1.53,48.43,18.61,9.0,3067,81.33,14.58
Census Tract 4047; Alameda County; California,2211,50.7,2211,1434,70,8,300,0,88,311,250001.0,116760.0,2211,67,905,857,808,49,857,25,0,3183.0,1571600.0,1227,458,49,10,17,555,,1271,1227,44,1735,659,457,180,152,307,2211,06,001,404700,06001404700,Alameda,25,2.92,777,35.14,64.86,3.17,13.57,3.03,5.72,94.28,3.99,37.33,0.81,1.39,45.23,,3.46,1448,83.46,13.89
Census Tract 4048; Alameda County; California,2755,45.3,2755,1589,245,166,384,0,83,288,101607.0,80763.0,2755,298,1282,1184,731,453,1184,54,257,1679.0,1218800.0,1133,499,82,19,46,423,,1282,1168,114,2062,617,489,183,171,701,2755,06,001,404800,06001404800,Alameda,311,26.27,1166,42.32,57.68,8.89,13.94,10.82,38.26,61.74,7.24,44.04,1.68,4.06,37.33,,8.89,1460,70.81,25.44
Census Tract 4049; Alameda County; California,4929,43.1,4929,2423,188,0,834,82,615,787,132849.0,73250.0,4929,427,2198,2113,1271,842,2113,43,234,2091.0,1219900.0,2742,1298,94,17,26,1166,,2987,2904,77,3667,1091,1028,213,168,639,4929,06,001,404900,06001404900,Alameda,277,13.11,2506,50.84,49.16,3.81,16.92,8.66,39.85,60.15,3.43,47.34,0.62,0.95,42.52,,2.58,2500,68.18,12.96
Census Tract 4050; Alameda County; California,3566,44.3,3566,1982,313,20,436,0,28,787,136406.0,96468.0,3566,141,1784,1581,1047,534,1581,32,78,2088.0,1404000.0,1962,952,175,36,9,692,37335.0,2137,2036,101,2675,848,656,158,130,568,3566,06,001,405000,06001405000,Alameda,110,6.96,1584,44.42,55.58,8.78,12.23,3.95,33.78,66.22,8.92,48.52,1.83,0.46,35.27,19.03,4.73,1792,66.99,15.93
Census Tract 4051; Alameda County; California,4476,44.4,4476,2974,181,0,551,5,103,662,250001.0,125944.0,4476,361,1800,1708,1597,111,1708,19,0,,1900100.0,2371,894,179,12,62,1153,30380.0,2479,2412,67,3273,1189,943,263,299,573,4476,06,001,405100,06001405100,Alameda,19,1.11,1502,33.56,66.44,4.04,12.31,8.07,6.5,93.5,7.55,37.71,0.51,2.61,48.63,12.81,2.7,2694,82.31,12.8
Census Tract 4052; Alameda County; California,5254,38.2,5254,1637,653,16,1738,9,428,773,131563.0,83244.0,5254,270,2591,2367,568,1799,2367,47,277,2098.0,1106400.0,3320,1309,236,178,106,1325,,3383,3339,44,4277,1306,1140,219,228,1584,5254,06,001,405200,06001405200,Alameda,324,13.69,3617,68.84,31.16,12.43,33.08,5.14,76.0,24.0,7.11,39.43,5.36,3.19,39.91,,1.3,2893,67.64,30.15
Census Tract 4053.01; Alameda County; California,2979,35.0,2979,1234,855,9,371,0,30,480,110913.0,78302.0,2957,359,1782,1542,104,1438,1542,42,297,2210.0,815800.0,2116,990,380,21,35,648,50780.0,2253,2138,85,2624,1256,556,47,44,467,2979,06,001,405301,06001405301,Alameda,339,21.98,1745,58.58,41.42,28.7,12.45,12.14,93.26,6.74,17.96,46.79,0.99,1.65,30.62,24.0,3.77,1903,72.52,15.68
Census Tract 4053.02; Alameda County; California,2501,36.7,2501,834,428,30,740,22,158,289,61806.0,57965.0,2468,448,1699,1558,62,1496,1558,0,521,1775.0,739600.0,1492,566,151,61,52,564,25305.0,1568,1492,76,2264,835,376,23,81,754,2501,06,001,405302,06001405302,Alameda,521,33.44,1667,66.65,33.35,17.11,29.59,18.15,96.02,3.98,10.12,37.94,4.09,3.49,37.8,16.96,4.85,1315,58.08,30.15
Census Tract 4054.01; Alameda County; California,3796,38.8,3796,668,545,184,1315,53,619,412,76071.0,45998.0,3773,549,1866,1598,171,1427,1598,22,295,1905.0,665200.0,2305,1078,468,69,85,405,66535.0,2642,2390,252,3020,1033,300,30,41,1650,3796,06,001,405401,06001405401,Alameda,317,19.84,3128,82.4,17.6,14.36,34.64,14.55,89.3,10.7,20.3,46.77,2.99,3.69,17.57,28.87,9.54,1404,46.49,43.47
Census Tract 4054.02; Alameda County; California,3212,37.9,3212,440,315,12,1393,3,979,70,38552.0,29175.0,3141,687,1359,1257,143,1114,1257,32,220,1607.0,728400.0,1669,727,323,27,74,306,36130.0,1841,1680,138,2343,495,146,7,0,1668,3212,06,001,405402,06001405402,Alameda,252,20.05,2772,86.3,13.7,9.81,43.37,21.87,88.62,11.38,19.35,43.56,1.62,4.43,18.33,21.65,7.5,648,27.66,51.93
Census Tract 4055; Alameda County; California,3674,40.6,3674,927,871,42,1275,26,337,196,92837.0,55080.0,3674,396,1731,1657,538,1119,1657,69,178,1859.0,869700.0,2106,1247,305,91,14,407,51925.0,2321,2202,119,3124,797,332,44,38,1558,3674,06,001,405500,06001405500,Alameda,247,14.91,2747,74.77,25.23,23.71,34.7,10.78,67.53,32.47,14.48,59.21,4.32,0.66,19.33,24.66,5.13,1211,38.76,42.41
Census Tract 4056; Alameda County; California,3277,37.9,3277,1032,398,36,1086,0,458,267,95455.0,62451.0,3258,497,1656,1504,471,1033,1504,6,171,1981.0,890900.0,2179,1104,257,11,14,653,46730.0,2304,2190,114,2744,946,330,133,97,1101,3277,06,001,405600,06001405600,Alameda,177,11.77,2245,68.51,31.49,12.15,33.14,15.25,68.68,31.32,11.79,50.67,0.5,0.64,29.97,21.45,4.95,1506,54.88,33.6
Census Tract 4057; Alameda County; California,3927,35.2,3927,533,1098,12,897,0,1104,283,89500.0,43462.0,3900,642,1591,1472,479,993,1472,26,60,1878.0,845300.0,2176,1430,182,34,57,303,43580.0,2382,2210,172,2767,635,269,77,1,1816,3927,06,001,405700,06001405700,Alameda,86,5.84,3394,86.43,13.57,27.96,22.84,16.46,67.46,32.54,8.36,65.72,1.56,2.62,13.92,20.03,7.22,982,35.49,46.24
Census Tract 4058; Alameda County; California,4590,36.2,4590,498,820,0,2250,0,568,454,68378.0,28110.0,4534,1286,1475,1378,603,775,1378,37,71,1857.0,790500.0,2220,1373,131,38,0,169,52215.0,2547,2357,190,3267,320,260,32,51,1923,4590,06,001,405800,06001405800,Alameda,108,7.84,4092,89.15,10.85,17.86,49.02,28.36,56.24,43.76,5.9,61.85,1.71,0.0,7.61,23.52,7.46,663,20.29,41.9
Census Tract 4059.01; Alameda County; California,4114,32.5,4114,196,770,323,1284,68,730,743,53233.0,24167.0,4114,810,1252,1165,308,857,1165,7,220,1856.0,729000.0,1565,820,263,17,15,240,40235.0,1983,1631,323,2657,214,126,32,0,1564,4114,06,001,405901,06001405901,Alameda,227,19.48,3918,95.24,4.76,18.72,31.21,19.69,73.56,26.44,16.81,52.4,1.09,0.96,15.34,25.71,16.29,372,14.0,38.02
Census Tract 4059.02; Alameda County; California,2969,33.7,2969,405,270,217,1151,0,560,366,78438.0,34242.0,2948,432,1084,937,347,590,937,13,197,2199.0,801800.0,1613,988,195,7,21,200,33800.0,1835,1631,204,2170,562,43,41,0,1172,2969,06,001,405902,06001405902,Alameda,210,22.41,2564,86.36,13.64,9.09,38.77,14.65,62.97,37.03,12.09,61.25,0.43,1.3,12.4,20.95,11.12,646,29.77,39.47
Census Tract 4060; Alameda County; California,5157,43.3,5157,797,1106,262,2052,0,576,364,60441.0,49083.0,5110,840,2435,2310,257,2053,2310,80,691,1600.0,697100.0,2830,1404,409,193,197,334,,3036,2810,174,4060,863,198,29,56,2151,5157,06,001,406000,06001406000,Alameda,771,33.38,4360,84.55,15.45,21.45,39.79,16.44,88.87,11.13,14.45,49.61,6.82,6.96,11.8,,5.73,1146,28.23,41.71
Census Tract 4061; Alameda County; California,5810,36.4,5810,1113,964,188,1210,19,1781,535,73267.0,41191.0,5790,1179,2240,2114,612,1502,2114,10,351,1946.0,750000.0,2759,1307,346,11,146,698,58790.0,3068,2812,256,4209,681,458,98,88,1932,5810,06,001,406100,06001406100,Alameda,361,17.08,4697,80.84,19.16,16.59,20.83,20.36,71.05,28.95,12.54,47.37,0.4,5.29,25.3,21.31,8.34,1325,31.48,33.25
Census Tract 4062.01; Alameda County; California,5344,32.5,5344,748,385,152,1082,157,2332,488,74635.0,29806.0,5318,984,1586,1506,320,1186,1506,0,297,1669.0,762300.0,2610,1320,391,0,75,319,68480.0,2902,2645,257,3533,423,136,47,10,2987,5344,06,001,406201,06001406201,Alameda,297,19.72,4596,86.0,14.0,7.2,20.25,18.5,78.75,21.25,14.98,50.57,0.0,2.87,12.22,26.24,8.86,616,17.44,55.89
Census Tract 4062.02; Alameda County; California,5257,36.1,5257,535,253,703,816,3,2433,514,68160.0,25169.0,5075,634,1489,1403,170,1233,1403,0,284,1475.0,783200.0,2404,1364,256,29,207,47,63755.0,2489,2413,76,3437,471,154,80,24,2820,5257,06,001,406202,06001406202,Alameda,284,20.24,4722,89.82,10.18,4.81,15.52,12.49,87.88,12.12,10.65,56.74,1.21,8.61,1.96,26.52,3.05,729,21.21,53.64
Census Tract 4063; Alameda County; California,4378,38.4,4378,482,638,17,1024,89,1489,639,68399.0,36593.0,4373,934,1486,1441,603,838,1441,29,172,1467.0,747300.0,1956,1108,400,17,78,232,,2156,2034,122,3030,680,78,99,0,1505,4378,06,001,406300,06001406300,Alameda,201,13.95,3896,88.99,11.01,14.57,23.39,21.36,58.15,41.85,20.45,56.65,0.87,3.99,11.86,,5.66,857,28.28,34.38
Census Tract 4064; Alameda County; California,2370,49.6,2370,750,313,58,409,83,580,177,80104.0,41319.0,2108,313,848,772,394,378,772,12,68,1870.0,810900.0,820,438,39,0,15,223,,858,835,23,1754,359,183,62,33,714,2370,06,001,406400,06001406400,Alameda,80,10.36,1620,68.35,31.65,13.21,17.26,14.85,48.96,51.04,4.76,53.41,0.0,1.83,27.2,,2.68,637,36.32,30.13
Census Tract 4065; Alameda County; California,6046,39.1,6046,684,1208,52,1305,36,1780,981,75969.0,37588.0,6015,818,2160,2029,858,1171,2029,41,177,1894.0,759200.0,3176,1757,336,5,13,501,83485.0,3498,3172,313,4349,901,278,87,90,2427,6046,06,001,406500,06001406500,Alameda,218,10.74,5362,88.69,11.31,19.98,21.58,13.6,57.71,42.29,10.58,55.32,0.16,0.41,15.77,26.29,8.95,1356,31.18,40.14
Census Tract 4066.01; Alameda County; California,4426,42.4,4426,1060,1335,30,816,0,713,472,80729.0,48963.0,4426,151,1943,1891,882,1009,1891,18,65,2111.0,788300.0,2491,1192,222,6,58,642,46605.0,2917,2567,350,3295,859,382,13,18,1232,4426,06,001,406601,06001406601,Alameda,83,4.39,3366,76.05,23.95,30.16,18.44,3.41,53.36,46.64,8.91,47.85,0.24,2.33,25.77,18.71,12.0,1272,38.6,27.84
Census Tract 4066.02; Alameda County; California,2837,37.1,2837,413,575,36,474,185,728,426,74551.0,39164.0,2797,418,1043,980,280,700,980,51,70,1785.0,877700.0,1308,685,270,0,108,139,34670.0,1504,1336,168,1906,515,179,14,21,1037,2837,06,001,406602,06001406602,Alameda,121,12.35,2424,85.44,14.56,20.27,16.71,14.94,71.43,28.57,20.64,52.37,0.0,8.26,10.63,26.51,11.17,729,38.25,36.55
Census Tract 4067; Alameda County; California,5778,40.7,5778,2607,540,5,1044,271,755,556,134087.0,74422.0,5767,430,2331,2186,1449,737,2186,57,116,1887.0,1175900.0,3150,1509,327,77,25,1055,66095.0,3424,3234,190,4240,1300,955,178,66,1532,5778,06,001,406700,06001406700,Alameda,173,7.91,3171,54.88,45.12,9.35,18.07,7.46,33.71,66.29,10.38,47.9,2.44,0.79,33.49,20.98,5.55,2499,58.94,26.51
Census Tract 4068; Alameda County; California,3747,40.9,3747,1455,883,13,568,54,230,544,127966.0,83661.0,3724,287,1541,1439,1024,415,1439,24,71,1954.0,1044000.0,1762,819,173,10,0,650,38605.0,2012,1814,198,2844,897,490,196,90,582,3747,06,001,406800,06001406800,Alameda,95,6.6,2292,61.17,38.83,23.57,15.16,7.71,28.84,71.16,9.82,46.48,0.57,0.0,36.89,21.91,9.84,1673,58.83,15.53
Census Tract 4069; Alameda County; California,4142,44.5,4142,1728,560,0,744,45,342,723,166579.0,76023.0,4134,206,1649,1620,1072,548,1620,77,92,2517.0,1097700.0,2343,943,227,0,147,918,,2493,2386,107,3069,1290,644,101,66,740,4142,06,001,406900,06001406900,Alameda,169,10.43,2414,58.28,41.72,13.52,17.96,4.98,33.83,66.17,9.69,40.25,0.0,6.27,39.18,,4.29,2101,68.46,17.87
Census Tract 4070; Alameda County; California,6290,36.6,6290,992,832,0,1642,13,2272,539,70956.0,35442.0,6220,558,2319,2195,1165,1030,2195,30,157,1973.0,720900.0,3118,1493,372,15,53,623,,3278,3185,93,4661,827,477,29,8,2605,6290,06,001,407000,06001407000,Alameda,187,8.52,5298,84.23,15.77,13.23,26.1,8.97,46.92,53.08,11.93,47.88,0.48,1.7,19.98,,2.84,1341,28.77,41.41
Census Tract 4071.01; Alameda County; California,3545,38.3,3545,482,435,25,767,0,1158,678,68636.0,33709.0,3515,482,1218,1156,475,681,1156,20,97,1752.0,669200.0,1648,923,122,30,14,224,,1886,1699,156,2546,350,145,88,59,1381,3545,06,001,407101,06001407101,Alameda,117,10.12,3063,86.4,13.6,12.27,21.64,13.71,58.91,41.09,7.4,56.01,1.82,0.85,13.59,,8.27,642,25.22,38.96
Census Tract 4071.02; Alameda County; California,3996,36.6,3996,404,746,257,1057,0,1211,321,83125.0,41085.0,3985,455,1425,1327,813,514,1327,33,194,1638.0,696800.0,1783,826,360,0,12,365,41255.0,1925,1808,117,2636,321,195,8,65,1378,3996,06,001,407102,06001407102,Alameda,227,17.11,3592,89.89,10.11,18.67,26.45,11.42,38.73,61.27,20.19,46.33,0.0,0.67,20.47,23.14,6.08,589,22.34,34.48
Census Tract 4072; Alameda County; California,6672,35.3,6672,827,209,251,568,0,3919,898,75993.0,28356.0,6616,1094,2029,1927,561,1366,1927,48,175,1835.0,613200.0,2983,1878,297,17,95,403,58005.0,3319,3061,258,4470,642,239,34,60,3529,6672,06,001,407200,06001407200,Alameda,223,11.57,5845,87.6,12.4,3.13,8.51,16.54,70.89,29.11,9.96,62.96,0.57,3.18,13.51,19.45,7.77,975,21.81,52.89
Census Tract 4073; Alameda County; California,2513,35.2,2513,363,181,2,350,0,1117,500,81917.0,28158.0,2513,372,802,701,297,404,701,24,29,2188.0,565000.0,1124,563,112,0,80,146,,1274,1124,150,1722,324,131,0,0,1075,2513,06,001,407300,06001407300,Alameda,53,7.56,2150,85.56,14.44,7.2,13.93,14.8,57.63,42.37,9.96,50.09,0.0,7.12,12.99,,11.77,455,26.42,42.78
Census Tract 4074; Alameda County; California,4311,39.2,4311,243,1795,136,415,36,1308,378,70991.0,26197.0,4311,1340,1433,1355,417,938,1355,19,151,1513.0,632400.0,1916,1156,219,0,8,152,,2064,1934,119,3056,493,71,0,0,1261,4311,06,001,407400,06001407400,Alameda,170,12.55,4068,94.36,5.64,41.64,9.63,31.08,69.23,30.77,11.43,60.33,0.0,0.42,7.93,,5.77,564,18.46,29.25
Census Tract 4075; Alameda County; California,3458,31.0,3458,258,388,35,475,0,1621,681,70588.0,30779.0,3373,504,1337,1136,491,645,1136,53,115,1530.0,517100.0,1366,929,107,13,2,62,,1393,1377,16,2124,396,79,126,2,1250,3458,06,001,407500,06001407500,Alameda,168,14.79,3200,92.54,7.46,11.22,13.74,14.94,56.78,43.22,7.83,68.01,0.95,0.15,4.54,,1.15,603,28.39,36.15
Census Tract 4076; Alameda County; California,6771,32.5,6771,1953,614,328,785,0,1961,1130,75132.0,32894.0,6657,680,2143,2108,1062,1046,2108,69,188,1782.0,839700.0,2932,1953,175,0,0,524,63330.0,3359,3147,212,4107,732,479,44,146,2151,6771,06,001,407600,06001407600,Alameda,257,12.19,4818,71.16,28.84,9.07,11.59,10.21,49.62,50.38,5.97,66.61,0.0,0.0,17.87,21.6,6.31,1401,34.11,31.77
Census Tract 4077; Alameda County; California,4271,42.1,4271,1933,1308,0,243,0,314,473,128011.0,68351.0,4270,185,1882,1755,1290,465,1755,75,99,2137.0,922200.0,2172,1045,254,13,29,682,52805.0,2320,2185,135,3074,1021,578,72,122,560,4271,06,001,407700,06001407700,Alameda,174,9.91,2338,54.74,45.26,30.63,5.69,4.33,26.5,73.5,11.69,48.11,0.6,1.34,31.4,24.31,5.82,1793,58.33,13.11
Census Tract 4078; Alameda County; California,2523,33.5,2523,992,499,150,198,0,368,316,105179.0,48558.0,2086,409,770,751,534,217,751,22,77,1828.0,897900.0,1134,435,238,0,83,298,36140.0,1285,1211,74,1514,481,325,15,57,547,2523,06,001,407800,06001407800,Alameda,99,13.18,1531,60.68,39.32,19.78,7.85,19.61,28.89,71.11,20.99,38.36,0.0,7.32,26.28,31.87,5.76,878,57.99,21.68
Census Tract 4079; Alameda County; California,3047,37.6,3047,1274,481,4,400,0,32,856,89987.0,64166.0,3042,341,1422,1277,935,342,1277,10,35,1713.0,1108800.0,1546,787,128,0,0,442,35425.0,1723,1555,168,2247,875,372,79,30,339,3047,06,001,407900,06001407900,Alameda,45,3.52,1773,58.19,41.81,15.79,13.13,11.21,26.78,73.22,8.28,50.91,0.0,0.0,28.59,22.91,9.75,1356,60.35,11.13
Census Tract 4080; Alameda County; California,2758,46.6,2758,1711,175,37,551,0,110,174,216989.0,95809.0,2319,36,1036,1005,864,141,1005,9,38,3501.0,1298200.0,1472,812,15,16,88,417,33670.0,1633,1472,141,1997,830,448,207,131,577,2758,06,001,408000,06001408000,Alameda,47,4.68,1047,37.96,62.04,6.35,19.98,1.55,14.03,85.97,1.02,55.16,1.09,5.98,28.33,22.87,8.63,1616,80.92,20.92
Census Tract 4081; Alameda County; California,7745,43.1,7745,2432,2117,63,2123,0,190,820,189891.0,95025.0,7745,343,3070,3024,2733,291,3024,0,13,2154.0,1094800.0,4291,2327,58,0,23,1638,80515.0,4618,4434,184,5788,2292,1541,351,84,1577,7745,06,001,408100,06001408100,Alameda,13,0.43,5313,68.6,31.4,27.33,27.41,4.43,9.62,90.38,1.35,54.23,0.0,0.54,38.17,18.76,3.98,4268,73.74,20.36
Census Tract 4082; Alameda County; California,4504,37.7,4504,1247,1974,28,196,0,698,361,86624.0,60133.0,4480,299,2039,1837,1079,758,1837,36,166,1818.0,839100.0,2283,1477,173,0,19,465,,2384,2312,72,3208,870,418,131,151,563,4504,06,001,408200,06001408200,Alameda,202,11.0,3257,72.31,27.69,43.83,4.35,6.67,41.26,58.74,7.58,64.7,0.0,0.83,20.37,,3.02,1570,48.94,12.5
Census Tract 4083; Alameda County; California,4705,39.7,4705,1237,1499,6,596,0,761,606,148950.0,71960.0,4705,382,2008,1855,1407,448,1855,76,5,2178.0,836500.0,2597,1559,172,0,0,647,55305.0,2756,2629,127,3709,1204,541,113,151,781,4705,06,001,408300,06001408300,Alameda,81,4.37,3468,73.71,26.29,31.86,12.67,8.12,24.15,75.85,6.62,60.03,0.0,0.0,24.91,21.3,4.61,2009,54.17,16.6
Census Tract 4084; Alameda County; California,3965,34.8,3965,464,1258,0,251,0,1692,300,76528.0,36924.0,3920,500,1346,1284,574,710,1284,23,169,2132.0,648000.0,1994,1238,191,0,0,142,47675.0,2175,2002,173,2647,401,136,0,9,1297,3965,06,001,408400,06001408400,Alameda,192,14.95,3501,88.3,11.7,31.73,6.33,12.76,55.3,44.7,9.58,62.09,0.0,0.0,7.12,23.91,7.95,546,20.63,32.71
Census Tract 4085; Alameda County; California,5263,34.6,5263,242,1872,9,409,0,1835,896,57303.0,29673.0,5254,953,1881,1729,713,1016,1729,68,144,1701.0,611200.0,2269,1612,249,0,40,34,,2579,2316,263,3489,572,50,0,12,1561,5263,06,001,408500,06001408500,Alameda,212,12.26,5021,95.4,4.6,35.57,7.77,18.14,58.76,41.24,10.97,71.04,0.0,1.76,1.5,,10.2,634,18.17,29.66
Census Tract 4086; Alameda County; California,5925,36.1,5925,619,1870,214,294,0,2148,780,77083.0,32127.0,5806,1174,2084,2054,969,1085,2054,31,140,1946.0,631200.0,2899,2004,135,0,26,596,,3223,2951,209,4066,581,305,50,60,1862,5925,06,001,408600,06001408600,Alameda,171,8.33,5306,89.55,10.45,31.56,4.96,20.22,52.82,47.18,4.66,69.13,0.0,0.9,20.56,,6.48,996,24.5,31.43
Census Tract 4087; Alameda County; California,7280,37.1,7280,589,2004,1,536,0,3624,526,53116.0,31725.0,7261,983,2877,2757,1033,1724,2757,48,140,1650.0,699900.0,3087,1654,649,19,0,353,,3441,3087,354,4932,766,447,0,118,2343,7280,06,001,408700,06001408700,Alameda,188,6.82,6691,91.91,8.09,27.53,7.36,13.54,62.53,37.47,21.02,53.58,0.62,0.0,11.44,,10.29,1331,26.99,32.18
Census Tract 4088; Alameda County; California,7461,29.2,7461,755,2509,40,545,0,2096,1516,42759.0,20217.0,7445,2012,2470,2397,442,1955,2397,22,684,942.0,559100.0,3045,1636,320,0,0,354,,3379,3045,334,4500,448,52,0,0,2574,7461,06,001,408800,06001408800,Alameda,706,29.45,6706,89.88,10.12,33.63,7.3,27.02,81.56,18.44,10.51,53.73,0.0,0.0,11.63,,9.88,500,11.11,34.5
Census Tract 4089; Alameda County; California,3958,35.4,3958,261,744,16,86,0,2609,242,48125.0,21472.0,3941,1011,1212,1179,363,816,1179,0,162,1305.0,473100.0,1603,1012,179,0,0,44,,1992,1639,353,2732,140,7,11,0,1654,3958,06,001,408900,06001408900,Alameda,162,13.74,3697,93.41,6.59,18.8,2.17,25.65,69.21,30.79,11.17,63.13,0.0,0.0,2.74,,17.72,158,5.78,41.79
Census Tract 4090; Alameda County; California,4204,34.2,4204,187,1063,110,318,58,2148,320,75987.0,25497.0,4187,806,1108,1005,582,423,1005,39,26,1808.0,597000.0,1784,1152,70,24,308,162,35565.0,1981,1871,110,2769,268,72,15,0,1591,4204,06,001,409000,06001409000,Alameda,65,6.47,4017,95.55,4.45,25.29,7.56,19.25,42.09,57.91,3.92,64.57,1.35,17.26,9.08,19.94,5.55,355,12.82,37.84
Census Tract 4091; Alameda County; California,2455,35.2,2455,211,441,49,129,0,1495,130,85707.0,31034.0,2414,225,719,683,433,250,683,74,34,2081.0,567500.0,1234,623,144,12,14,100,30720.0,1278,1261,17,1722,194,23,2,0,875,2455,06,001,409100,06001409100,Alameda,108,15.81,2244,91.41,8.59,17.96,5.25,9.32,36.6,63.4,11.67,50.49,0.97,1.13,8.1,24.89,1.33,219,12.72,35.64
Census Tract 4092; Alameda County; California,3785,34.2,3785,292,1002,71,150,67,1861,342,85769.0,26717.0,3763,344,1059,1046,600,446,1046,23,75,2045.0,607100.0,1607,1119,112,0,7,56,41375.0,1820,1716,104,2376,376,55,5,15,1386,3785,06,001,409200,06001409200,Alameda,98,9.37,3493,92.29,7.71,26.47,3.96,9.14,42.64,57.36,6.97,69.63,0.0,0.44,3.48,25.75,5.71,451,18.98,36.62
Census Tract 4093; Alameda County; California,5832,32.0,5832,170,889,291,287,0,3252,943,68859.0,23638.0,5829,1057,1788,1705,679,1026,1705,47,199,1800.0,578100.0,2506,1862,126,0,40,100,61865.0,2687,2578,109,3590,235,135,0,18,2254,5832,06,001,409300,06001409300,Alameda,246,14.43,5662,97.09,2.91,15.24,4.92,18.13,60.18,39.82,5.03,74.3,0.0,1.6,3.99,24.69,4.06,388,10.81,38.65
Census Tract 4094; Alameda County; California,4983,31.9,4983,177,826,86,455,0,2243,1196,88707.0,29011.0,4859,452,1365,1348,688,660,1348,20,52,2023.0,630600.0,2282,1601,78,16,0,126,,2504,2361,143,3004,250,107,26,20,2093,4983,06,001,409400,06001409400,Alameda,72,5.34,4806,96.45,3.55,16.58,9.13,9.3,48.96,51.04,3.42,70.16,0.7,0.0,5.52,,5.71,403,13.42,42.0
Census Tract 4095; Alameda County; California,4548,31.6,4548,695,677,36,39,0,2450,651,69583.0,22003.0,4528,1027,1163,1085,330,755,1085,21,53,2011.0,460500.0,1943,1081,108,0,80,163,,2204,2020,184,2798,224,80,0,0,1842,4548,06,001,409500,06001409500,Alameda,74,6.82,3853,84.72,15.28,14.89,0.86,22.68,69.59,30.41,5.56,55.64,0.0,4.12,8.39,,8.35,304,10.86,40.5
Census Tract 4096; Alameda County; California,5442,32.5,5442,230,1590,147,0,0,2515,960,62903.0,28305.0,5424,746,1803,1682,743,939,1682,69,180,1423.0,537500.0,2210,1524,153,0,0,263,,2458,2323,135,3457,460,30,0,10,1965,5442,06,001,409600,06001409600,Alameda,249,14.8,5212,95.77,4.23,29.22,0.0,13.75,55.83,44.17,6.92,68.96,0.0,0.0,11.9,,5.49,500,14.46,36.11
Census Tract 4097; Alameda County; California,5543,32.5,5543,293,1890,175,344,35,1920,886,37237.0,20778.0,5510,1872,1819,1742,550,1192,1742,35,532,1235.0,583800.0,2054,1237,288,0,0,74,53515.0,2265,2059,206,3433,234,213,0,0,1282,5543,06,001,409700,06001409700,Alameda,567,32.55,5250,94.71,5.29,34.1,6.21,33.97,68.43,31.57,14.02,60.22,0.0,0.0,3.6,26.05,9.09,447,13.02,23.13
Census Tract 4098; Alameda County; California,3370,40.4,3370,567,1505,96,241,0,269,692,115650.0,64748.0,3365,260,1284,1189,795,394,1189,23,62,2211.0,913100.0,1516,987,92,0,20,276,,1749,1601,148,2453,680,241,55,45,258,3370,06,001,409800,06001409800,Alameda,85,7.15,2803,83.18,16.82,44.66,7.15,7.73,33.14,66.86,6.07,65.11,0.0,1.32,18.21,,8.46,1021,41.62,7.66
Census Tract 4099; Alameda County; California,3769,43.8,3769,1288,1578,0,189,0,421,293,203385.0,88316.0,3763,71,1527,1414,1266,148,1414,9,0,3158.0,1082900.0,2002,1042,49,0,9,781,31745.0,2164,2099,57,2861,1028,517,195,111,581,3769,06,001,409900,06001409900,Alameda,9,0.64,2481,65.83,34.17,41.87,5.01,1.89,10.47,89.53,2.45,52.05,0.0,0.45,39.01,15.86,2.63,1851,64.7,15.42
Census Tract 4100; Alameda County; California,3116,47.2,3116,990,1155,0,430,28,87,426,188203.0,94135.0,3116,103,1246,1207,1064,143,1207,41,0,3173.0,1131200.0,1496,928,113,0,0,403,33045.0,1560,1496,64,2443,687,428,114,128,291,3116,06,001,410000,06001410000,Alameda,41,3.4,2126,68.23,31.77,37.07,13.8,3.31,11.85,88.15,7.55,62.03,0.0,0.0,26.94,22.09,4.1,1357,55.55,9.34
Census Tract 4101; Alameda County; California,2833,38.0,2833,287,1325,0,371,0,570,280,86813.0,43049.0,2821,323,1139,1059,694,365,1059,8,116,1752.0,706000.0,1203,750,96,0,20,184,,1288,1223,65,1971,454,184,18,15,575,2833,06,001,410100,06001410100,Alameda,124,11.71,2546,89.87,10.13,46.77,13.1,11.45,34.47,65.53,7.98,62.34,0.0,1.66,15.3,,5.05,671,34.04,20.3
Census Tract 4102; Alameda County; California,3409,38.2,3409,356,918,7,101,278,1539,210,81075.0,28650.0,3393,277,1213,1110,491,619,1110,13,126,2096.0,634800.0,1533,1268,15,0,0,117,41650.0,1653,1528,105,2364,181,94,11,0,1042,3409,06,001,410200,06001410200,Alameda,139,12.52,3053,89.56,10.44,26.93,2.96,8.16,55.77,44.23,0.98,82.71,0.0,0.0,7.63,27.17,6.35,286,12.1,30.57
Census Tract 4103; Alameda County; California,4093,31.5,4093,49,425,23,71,8,3273,244,61914.0,21828.0,4043,713,1091,1043,402,641,1043,0,85,1945.0,617500.0,2073,1344,209,0,0,152,54155.0,2208,2092,116,2428,102,67,9,0,1897,4093,06,001,410300,06001410300,Alameda,85,8.15,4044,98.8,1.2,10.38,1.73,17.64,61.46,38.54,10.08,64.83,0.0,0.0,7.33,26.12,5.25,178,7.33,46.35
Census Tract 4104; Alameda County; California,4131,42.8,4131,356,1122,72,292,0,1534,755,108438.0,39718.0,4131,227,1610,1437,840,597,1437,38,205,1820.0,653300.0,2356,1270,176,0,65,395,,2550,2449,101,2955,491,273,0,9,1446,4131,06,001,410400,06001410400,Alameda,243,16.91,3775,91.38,8.62,27.16,7.07,5.5,41.54,58.46,7.47,53.9,0.0,2.76,16.77,,3.96,773,26.16,35.0
Census Tract 4105; Alameda County; California,2750,34.5,2750,362,1711,0,251,2,67,357,58991.0,29256.0,2750,807,1102,1077,77,1000,1077,13,561,,1482100.0,885,325,286,11,40,26,,1271,1121,150,1815,265,154,2,11,487,2750,06,001,410500,06001410500,Alameda,574,53.3,2388,86.84,13.16,62.22,9.13,29.35,92.85,7.15,32.32,36.72,1.24,4.52,2.94,,11.8,432,23.8,17.71
Census Tract 4201; Alameda County; California,2636,48.3,2636,1363,146,8,587,0,128,404,197813.0,95453.0,2636,78,1039,1039,824,215,1039,9,13,2828.0,1314700.0,1279,517,77,23,51,566,20045.0,1371,1297,74,1986,653,464,177,157,580,2636,06,001,420100,06001420100,Alameda,22,2.12,1273,48.29,51.71,5.54,22.27,2.96,20.69,79.31,6.02,40.42,1.8,3.99,44.25,15.67,5.4,1451,73.06,22.0
Census Tract 4202; Alameda County; California,3131,40.7,3131,1044,117,0,1215,0,105,650,164063.0,74691.0,3131,203,1332,1248,573,675,1248,10,55,2666.0,1070300.0,1780,734,292,21,119,541,41990.0,1872,1829,43,2342,881,414,69,277,1050,3131,06,001,420200,06001420200,Alameda,65,5.21,2087,66.66,33.34,3.74,38.81,6.48,54.09,45.91,16.4,41.24,1.18,6.69,30.39,23.59,2.3,1641,70.07,33.54
Census Tract 4203.01; Alameda County; California,2381,40.7,2381,819,81,18,1067,0,10,386,129667.0,67996.0,2376,86,1159,1104,699,405,1104,47,18,2658.0,631100.0,1255,512,199,19,34,430,,1334,1302,32,1738,593,557,71,202,797,2381,06,001,420301,06001420301,Alameda,65,5.89,1562,65.6,34.4,3.4,44.81,3.62,36.68,63.32,15.86,40.8,1.51,2.71,34.26,,2.4,1423,81.88,33.47
Census Tract 4203.02; Alameda County; California,2322,39.6,2322,919,135,0,877,4,92,295,131964.0,76723.0,2322,148,1041,970,448,522,970,11,114,2378.0,1068500.0,1176,505,116,56,95,362,,1257,1216,41,1733,614,402,110,118,773,2322,06,001,420302,06001420302,Alameda,125,12.89,1403,60.42,39.58,5.81,37.77,6.37,53.81,46.19,9.86,42.94,4.76,8.08,30.78,,3.26,1244,71.78,33.29
Census Tract 4204.01; Alameda County; California,1406,26.3,1406,589,105,0,506,5,75,126,92344.0,43447.0,1027,256,455,449,0,449,449,0,137,2320.0,,665,107,63,44,279,157,,671,665,6,759,281,228,30,68,394,1406,06,001,420401,06001420401,Alameda,137,30.51,817,58.11,41.89,7.47,35.99,24.93,100.0,0.0,9.47,16.09,6.62,41.95,23.61,,0.89,607,79.97,28.02
Census Tract 4204.02; Alameda County; California,1596,27.3,1596,583,31,10,671,0,149,152,98059.0,40505.0,1207,231,675,563,0,563,563,0,136,2083.0,,785,151,211,27,0,356,,836,822,14,963,342,468,10,32,476,1596,06,001,420402,06001420402,Alameda,136,24.16,1013,63.47,36.53,1.94,42.04,19.14,100.0,0.0,26.88,19.24,3.44,0.0,45.35,,1.67,852,88.47,29.82
Census Tract 4205; Alameda County; California,2462,40.5,2462,1137,82,22,673,0,128,420,137105.0,80261.0,2443,140,1004,936,487,449,936,13,87,2691.0,1246000.0,1203,527,84,93,31,408,24820.0,1303,1240,63,1683,531,406,91,254,571,2462,06,001,420500,06001420500,Alameda,100,10.68,1325,53.82,46.18,3.33,27.34,5.73,47.97,52.03,6.98,43.81,7.73,2.58,33.92,20.63,4.83,1282,76.17,23.19
Census Tract 4206; Alameda County; California,3480,43.7,3480,2365,55,3,506,0,23,528,199091.0,92502.0,3470,130,1365,1322,1024,298,1322,26,0,2943.0,1573600.0,1808,580,105,108,11,958,,1882,1833,49,2454,878,764,154,324,408,3480,06,001,420600,06001420600,Alameda,26,1.97,1115,32.04,67.96,1.58,14.54,3.75,22.54,77.46,5.81,32.08,5.97,0.61,52.99,,2.6,2120,86.39,11.72
Census Tract 4211; Alameda County; California,2214,53.1,2214,1539,104,0,209,17,23,322,250001.0,130191.0,2214,65,886,876,799,77,876,8,11,3300.0,1725700.0,1064,416,60,13,2,499,21000.0,1114,1091,23,1730,499,490,232,325,281,2214,06,001,421100,06001421100,Alameda,19,2.17,675,30.49,69.51,4.7,9.44,2.94,8.79,91.21,5.64,39.1,1.22,0.19,46.9,19.74,2.06,1546,89.36,12.69
Census Tract 4212; Alameda County; California,3588,57.6,3588,2156,0,0,879,0,52,501,250001.0,140584.0,3580,31,1490,1437,1378,59,1437,44,16,3501.0,1960800.0,1682,501,172,40,58,760,27130.0,1797,1721,76,2898,904,705,381,621,935,3588,06,001,421200,06001421200,Alameda,60,4.18,1432,39.91,60.09,0.0,24.5,0.87,4.11,95.89,10.23,29.79,2.38,3.45,45.18,16.13,4.23,2611,90.1,26.06
Census Tract 4213; Alameda County; California,4131,54.5,4131,2878,11,18,586,0,22,616,148235.0,94814.0,4131,195,1879,1850,1516,334,1850,16,48,1225.0,1575200.0,1915,501,234,100,47,909,30910.0,2007,1915,92,3082,749,992,491,434,732,4131,06,001,421300,06001421300,Alameda,64,3.46,1253,30.33,69.67,0.27,14.19,4.72,18.05,81.95,12.22,26.16,5.22,2.45,47.47,16.14,4.58,2666,86.5,17.72
Census Tract 4214; Alameda County; California,1739,51.2,1739,1182,68,0,110,17,60,302,226250.0,98819.0,1727,69,704,650,549,101,650,11,12,2553.0,1662300.0,910,322,80,37,40,374,17370.0,955,936,19,1376,484,323,144,213,224,1739,06,001,421400,06001421400,Alameda,23,3.54,557,32.03,67.97,3.91,6.33,4.0,15.54,84.46,8.79,35.38,4.07,4.4,41.1,19.09,1.99,1164,84.59,12.88
Census Tract 4215; Alameda County; California,3989,47.7,3989,3146,87,8,308,0,124,316,226181.0,122842.0,3940,144,1702,1581,1309,272,1581,0,19,2929.0,1644000.0,1922,716,131,8,61,931,,2048,1953,95,3027,805,778,414,537,659,3989,06,001,421500,06001421500,Alameda,19,1.2,843,21.13,78.87,2.18,7.72,3.65,17.2,82.8,6.82,37.25,0.42,3.17,48.44,,4.64,2534,83.71,16.52
Census Tract 4216; Alameda County; California,4008,48.5,4008,2809,73,0,431,0,95,600,232344.0,95560.0,3957,344,1732,1609,1293,316,1609,9,60,2205.0,1387000.0,1799,652,174,83,109,723,39950.0,1970,1854,67,3016,1164,716,370,499,777,4008,06,001,421600,06001421600,Alameda,69,4.29,1199,29.92,70.08,1.82,10.75,8.69,19.64,80.36,9.67,36.24,4.61,6.06,40.19,22.21,3.4,2749,91.15,19.39
Census Tract 4217; Alameda County; California,3346,37.6,3346,2211,146,7,708,2,77,195,115139.0,76991.0,3326,461,1878,1659,502,1157,1659,49,178,2196.0,1527300.0,1757,339,195,149,282,765,,1909,1781,120,2572,913,678,136,396,726,3346,06,001,421700,06001421700,Alameda,227,13.68,1135,33.92,66.08,4.36,21.16,13.86,69.74,30.26,11.1,19.29,8.48,16.05,43.54,,6.29,2123,82.54,21.7
Census Tract 4218; Alameda County; California,2173,45.7,2173,1480,19,24,255,0,38,357,183467.0,102851.0,2164,74,997,926,622,304,926,17,30,2875.0,1522000.0,1093,349,146,65,89,440,,1256,1219,37,1758,779,386,138,217,226,2173,06,001,421800,06001421800,Alameda,47,5.08,693,31.89,68.11,0.87,11.73,3.42,32.83,67.17,13.36,31.93,5.95,8.14,40.26,,2.95,1520,86.46,10.4
Census Tract 4219; Alameda County; California,4110,43.0,4110,2527,314,0,670,5,36,558,154219.0,93660.0,4093,233,1786,1667,1093,574,1667,61,122,2487.0,1338300.0,2143,502,357,163,115,900,,2229,2155,74,2970,1137,758,311,242,534,4110,06,001,421900,06001421900,Alameda,183,10.98,1583,38.52,61.48,7.64,16.3,5.69,34.43,65.57,16.66,23.43,7.61,5.37,42.0,,3.32,2448,82.42,12.99
Census Tract 4220; Alameda County; California,2470,39.2,2470,1237,255,0,598,29,93,258,116779.0,79877.0,2470,156,1435,1295,293,1002,1295,12,133,3186.0,973000.0,1588,509,223,12,179,524,,1676,1645,31,2087,759,580,16,58,566,2470,06,001,422000,06001422000,Alameda,145,11.2,1233,49.92,50.08,10.32,24.21,6.32,77.37,22.63,14.04,32.05,0.76,11.27,33.0,,1.85,1413,67.7,22.91
Census Tract 4221; Alameda County; California,3027,45.4,3027,1571,340,180,394,0,43,499,139250.0,82629.0,3017,210,1493,1370,770,600,1370,40,34,2384.0,1022500.0,1670,570,83,0,196,786,,1828,1724,104,2367,739,474,201,169,459,3027,06,001,422100,06001422100,Alameda,74,5.4,1456,48.1,51.9,11.23,13.02,6.96,43.8,56.2,4.97,34.13,0.0,11.74,47.07,,5.69,1583,66.88,15.16
Census Tract 4222; Alameda County; California,3313,38.6,3313,2019,92,4,489,46,201,462,99379.0,84056.0,3308,188,1664,1512,684,828,1512,0,173,1940.0,1235200.0,1755,656,181,99,38,703,,1912,1807,105,2435,758,732,126,151,616,3313,06,001,422200,06001422200,Alameda,173,11.44,1294,39.06,60.94,2.78,14.76,5.68,54.76,45.24,10.31,37.38,5.64,2.17,40.06,,5.49,1767,72.57,18.59
Census Tract 4223; Alameda County; California,3770,34.3,3770,1639,622,13,850,79,76,491,86071.0,63251.0,3770,368,1972,1692,564,1128,1692,21,334,2310.0,1544000.0,1767,333,280,206,207,557,35595.0,1920,1797,123,2722,805,700,85,354,1010,3770,06,001,422300,06001422300,Alameda,355,20.98,2131,56.53,43.47,16.5,22.55,9.76,66.67,33.33,15.85,18.85,11.66,11.71,31.52,20.14,6.41,1944,71.42,26.79
Census Tract 4224; Alameda County; California,4096,28.3,4096,1870,153,30,1517,0,101,425,88902.0,78172.0,4096,593,2436,2013,403,1610,2013,88,728,2269.0,1184100.0,2542,635,279,0,532,1022,,2793,2641,152,2821,1277,810,196,221,1249,4096,06,001,422400,06001422400,Alameda,816,40.54,2226,54.35,45.65,3.74,37.04,14.48,79.98,20.02,10.98,24.98,0.0,20.93,40.2,,5.44,2504,88.76,30.49
Census Tract 4225; Alameda County; California,4481,24.8,4481,2060,299,247,1252,0,201,422,53041.0,37868.0,3051,800,1962,1694,254,1440,1694,33,428,1875.0,1201800.0,2396,427,261,45,916,640,,2566,2487,76,2222,630,493,179,163,1347,4481,06,001,422500,06001422500,Alameda,461,27.21,2421,54.03,45.97,6.67,27.94,26.22,85.01,14.99,10.89,17.82,1.88,38.23,26.71,,2.96,1465,65.93,30.06
Census Tract 4227; Alameda County; California,5154,21.3,5154,2050,184,32,1864,17,275,732,,22270.0,2880,1706,1181,1002,130,872,1002,56,402,1925.0,1202700.0,2054,365,158,36,847,382,33620.0,2325,2063,241,1203,677,203,82,47,1169,5154,06,001,422700,06001422700,Alameda,458,45.71,3104,60.23,39.77,3.57,36.17,59.24,87.03,12.97,7.69,17.77,1.75,41.24,18.6,16.37,10.37,1009,83.87,22.68
Census Tract 4228; Alameda County; California,9850,20.5,9850,2849,735,86,3703,7,1093,1377,32026.0,17097.0,3731,2080,2041,1614,19,1595,1614,0,1239,1810.0,,3182,419,438,20,1134,1005,,4009,3512,477,1277,506,256,81,130,2156,9850,06,001,422800,06001422800,Alameda,1239,76.77,7001,71.08,28.92,7.46,37.59,55.75,98.82,1.18,13.76,13.17,0.63,35.64,31.58,,11.9,973,76.19,21.89
Census Tract 4229.01; Alameda County; California,1768,22.3,1768,697,92,0,751,0,54,174,35917.0,30490.0,1736,874,1300,855,9,846,855,0,465,1923.0,,966,214,132,40,303,277,,1130,1028,102,641,252,113,0,171,656,1768,06,001,422901,06001422901,Alameda,465,54.39,1071,60.58,39.42,5.2,42.48,50.35,98.95,1.05,13.66,22.15,4.14,31.37,28.67,,9.03,536,83.62,37.1
Census Tract 4229.02; Alameda County; California,2214,23.8,2214,659,105,26,905,0,292,227,60078.0,39923.0,2214,947,1543,1271,0,1271,1271,0,682,1835.0,,1046,70,112,27,231,566,,1113,1106,7,1011,310,136,13,107,815,2214,06,001,422902,06001422902,Alameda,682,53.66,1555,70.23,29.77,4.74,40.88,42.77,100.0,0.0,10.71,6.69,2.58,22.08,54.11,,0.63,566,55.98,36.81
Census Tract 4230; Alameda County; California,4478,41.6,4478,2821,323,7,804,0,128,395,110536.0,79756.0,4455,637,2222,2023,842,1181,2023,29,232,2258.0,1353400.0,2658,345,239,74,353,1585,,2820,2686,127,3375,1141,1013,148,440,861,4478,06,001,423000,06001423000,Alameda,261,12.9,1657,37.0,63.0,7.21,17.95,14.3,58.38,41.62,8.99,12.98,2.78,13.28,59.63,,4.5,2742,81.24,19.23
Census Tract 4231; Alameda County; California,4286,43.6,4286,1754,901,42,756,10,314,509,54787.0,58210.0,4195,877,2223,2066,824,1242,2066,0,578,2174.0,1159900.0,1892,497,288,92,292,584,41800.0,2077,1981,96,3171,845,601,178,183,985,4286,06,001,423100,06001423100,Alameda,578,27.98,2532,59.08,40.92,21.02,17.64,20.91,60.12,39.88,15.22,26.27,4.86,15.43,30.87,22.09,4.62,1807,56.99,22.98
Census Tract 4232; Alameda County; California,3049,37.7,3049,795,500,10,226,0,948,570,60563.0,45395.0,3044,877,1324,1179,339,840,1179,0,256,2040.0,1221700.0,1128,439,106,65,30,456,,1323,1282,41,2048,639,202,47,149,865,3049,06,001,423200,06001423200,Alameda,256,21.71,2254,73.93,26.07,16.4,7.41,28.81,71.25,28.75,9.4,38.92,5.76,2.66,40.43,,3.1,1037,50.63,28.37
Census Tract 4233; Alameda County; California,3623,41.6,3623,1764,712,4,300,0,308,535,101571.0,62484.0,3623,617,1730,1476,829,647,1476,61,192,2137.0,1101900.0,1923,638,184,215,90,687,,2048,1954,94,2758,752,456,194,99,599,3623,06,001,423300,06001423300,Alameda,253,17.14,1859,51.31,48.69,19.65,8.28,17.03,43.83,56.17,9.57,33.18,11.18,4.68,35.73,,4.59,1501,54.42,16.53
Census Tract 4234; Alameda County; California,5218,35.0,5218,2392,1019,0,551,0,705,551,145789.0,74470.0,5218,927,2352,1974,965,1009,1974,60,271,2311.0,1362400.0,2906,1151,456,292,101,895,58440.0,3093,2923,170,3980,1068,1000,270,236,921,5218,06,001,423400,06001423400,Alameda,331,16.77,2826,54.16,45.84,19.53,10.56,17.77,51.11,48.89,15.69,39.61,10.05,3.48,30.8,20.11,5.5,2574,64.67,17.65
Census Tract 4235; Alameda County; California,3768,33.3,3768,2198,336,0,389,10,217,618,103702.0,66770.0,3637,403,1694,1587,488,1099,1587,52,294,2075.0,1162700.0,2097,619,250,197,159,574,42810.0,2178,2106,72,2755,960,638,154,207,578,3768,06,001,423500,06001423500,Alameda,346,21.8,1570,41.67,58.33,8.92,10.32,11.08,69.25,30.75,11.92,29.52,9.39,7.58,27.37,20.41,3.31,1959,71.11,15.34
Census Tract 4236.01; Alameda County; California,2603,40.7,2603,1630,70,26,403,2,237,235,166310.0,90543.0,2568,326,1247,1136,555,581,1136,11,70,2222.0,1421900.0,1394,397,178,72,177,545,,1541,1424,117,2046,611,532,99,316,506,2603,06,001,423601,06001423601,Alameda,81,7.13,973,37.38,62.62,2.69,15.48,12.69,51.14,48.86,12.77,28.48,5.16,12.7,39.1,,7.59,1558,76.15,19.44
Census Tract 4236.02; Alameda County; California,5621,24.1,5621,2892,204,0,1607,0,296,622,53952.0,39294.0,5497,2295,2709,2255,664,1591,2255,77,831,2021.0,909500.0,2584,596,394,24,639,853,,2826,2584,242,2662,743,560,106,266,1261,5621,06,001,423602,06001423602,Alameda,908,40.27,2729,48.55,51.45,3.63,28.59,41.75,70.55,29.45,15.25,23.07,0.93,24.73,33.01,,8.56,1675,62.92,22.43
Census Tract 4237; Alameda County; California,3381,26.3,3381,2068,137,0,661,2,133,380,95833.0,72496.0,2846,653,1420,1152,500,652,1152,38,296,2132.0,2000001.0,1595,495,245,21,270,503,34190.0,1765,1665,100,1755,483,350,182,400,557,3381,06,001,423700,06001423700,Alameda,334,28.99,1313,38.83,61.17,4.05,19.55,22.94,56.6,43.4,15.36,31.03,1.32,16.93,31.54,21.44,5.67,1415,80.63,16.47
Census Tract 4238; Alameda County; California,3397,50.2,3397,2422,0,0,412,13,34,516,184871.0,115761.0,3397,276,1497,1431,1024,407,1431,34,78,2795.0,2000001.0,1434,369,194,32,45,603,34995.0,1586,1460,126,2675,1025,653,349,297,533,3397,06,001,423800,06001423800,Alameda,112,7.83,975,28.7,71.3,0.0,12.13,8.12,28.44,71.56,13.53,25.73,2.23,3.14,42.05,24.4,7.94,2324,86.88,15.69
Census Tract 4239.01; Alameda County; California,2227,34.9,2227,1090,215,1,317,0,127,477,136607.0,71674.0,2218,200,987,969,377,592,969,21,128,2529.0,1170000.0,1230,417,175,111,33,332,23485.0,1358,1312,37,1637,554,475,118,88,429,2227,06,001,423901,06001423901,Alameda,149,15.38,1137,51.06,48.94,9.65,14.23,9.02,61.09,38.91,14.23,33.9,9.02,2.68,26.99,19.09,2.72,1235,75.44,19.26
Census Tract 4239.02; Alameda County; California,1537,37.5,1537,1014,91,0,215,0,66,151,165893.0,97021.0,1509,274,788,702,227,475,702,6,65,2609.0,1497200.0,971,295,136,47,86,377,,1019,974,45,1100,402,276,162,99,240,1537,06,001,423902,06001423902,Alameda,71,10.11,523,34.03,65.97,5.92,13.99,18.16,67.66,32.34,14.01,30.38,4.84,8.86,38.83,,4.42,939,85.36,15.61
Census Tract 4240.01; Alameda County; California,4000,31.5,4000,1714,653,0,860,0,220,553,82125.0,52878.0,3966,592,1687,1535,452,1083,1535,57,245,2029.0,1197500.0,2147,657,494,160,103,632,51075.0,2362,2164,198,2737,895,571,152,156,890,4000,06,001,424001,06001424001,Alameda,302,19.67,2286,57.15,42.85,16.32,21.5,14.93,70.55,29.45,23.01,30.6,7.45,4.8,29.44,23.79,8.38,1774,64.82,22.25
Census Tract 4240.02; Alameda County; California,2524,40.9,2524,1098,592,8,274,0,188,364,105813.0,59799.0,2510,152,1157,1050,553,497,1050,85,105,1754.0,1233500.0,1334,606,192,19,52,417,23120.0,1452,1368,84,1824,576,304,102,49,499,2524,06,001,424002,06001424002,Alameda,190,18.1,1426,56.5,43.5,23.45,10.86,6.06,47.33,52.67,14.39,45.43,1.42,3.9,31.26,17.33,5.79,1031,56.52,19.77
Census Tract 4251.01; Alameda County; California,1601,50.4,1601,842,61,0,487,8,115,88,95435.0,97426.0,1601,57,1356,1260,556,704,1260,55,53,2483.0,516000.0,1038,680,46,17,81,172,19965.0,1117,1050,67,1505,427,301,116,123,554,1601,06,001,425101,06001425101,Alameda,108,8.57,759,47.41,52.59,3.81,30.42,3.56,55.87,44.13,4.43,65.51,1.64,7.8,16.57,19.23,6.0,967,64.25,34.6
Census Tract 4251.02; Alameda County; California,4057,32.5,4057,900,666,65,1935,52,260,179,134044.0,101349.0,4057,214,2598,2371,466,1905,2371,26,357,2963.0,642100.0,3081,1015,220,45,503,1148,,3226,3081,145,3373,920,1153,128,370,2136,4057,06,001,425102,06001425102,Alameda,383,16.15,3157,77.82,22.18,16.42,47.7,5.27,80.35,19.65,7.14,32.94,1.46,16.33,37.26,,4.49,2571,76.22,52.65
Census Tract 4251.03; Alameda County; California,2999,36.8,2999,988,808,18,891,0,83,211,126111.0,97860.0,2999,241,1810,1742,415,1327,1742,26,203,3055.0,775700.0,2133,912,166,47,124,785,46145.0,2350,2133,217,2513,1122,496,23,203,683,2999,06,001,425103,06001425103,Alameda,229,13.15,2011,67.06,32.94,26.94,29.71,8.04,76.18,23.82,7.78,42.76,2.2,5.81,36.8,21.63,9.23,1844,73.38,22.77
Census Tract 4251.04; Alameda County; California,4424,34.0,4424,1732,1161,3,792,0,172,564,101341.0,76834.0,4424,1297,2733,2465,462,2003,2465,64,459,3006.0,540100.0,2391,816,241,65,47,1088,,2558,2388,164,3702,1436,513,267,226,1295,4424,06,001,425104,06001425104,Alameda,523,21.22,2692,60.85,39.15,26.24,17.9,29.32,81.26,18.74,10.08,34.13,2.72,1.97,45.5,,6.41,2442,65.96,29.27
Census Tract 4261; Alameda County; California,6102,43.1,6102,4300,31,0,1269,0,26,476,250001.0,157411.0,6102,174,2349,2172,2094,78,2172,12,0,1938.0,2000001.0,2741,1316,209,0,43,985,55490.0,2844,2806,38,4060,1321,1193,1015,139,750,6102,06,001,426100,06001426100,Alameda,12,0.55,1802,29.53,70.47,0.51,20.8,2.85,3.59,96.41,7.62,48.01,0.0,1.57,35.94,20.24,1.34,3668,90.34,12.29
Census Tract 4262; Alameda County; California,4843,45.5,4843,3209,54,0,922,13,78,567,250001.0,133587.0,4843,301,1724,1692,1418,274,1692,38,11,3501.0,2000001.0,2174,754,192,19,50,978,38020.0,2246,2206,40,3302,1009,893,727,212,508,4843,06,001,426200,06001426200,Alameda,49,2.9,1634,33.74,66.26,1.12,19.04,6.22,16.19,83.81,8.83,34.68,0.87,2.3,44.99,17.49,1.78,2841,86.04,10.49
Census Tract 4271; Alameda County; California,4036,43.7,4036,2406,43,21,639,0,160,767,233846.0,90420.0,3874,50,1514,1356,1102,254,1356,8,0,3501.0,1429500.0,1839,728,271,32,38,753,35620.0,1997,1867,117,2885,816,653,257,139,721,4036,06,001,427100,06001427100,Alameda,8,0.59,1630,40.39,59.61,1.07,15.83,1.29,18.73,81.27,14.74,39.59,1.74,2.07,40.95,19.37,5.86,1865,64.64,17.86
Census Tract 4272; Alameda County; California,4138,37.9,4138,1798,138,30,1399,84,130,559,110926.0,58180.0,4035,417,1657,1470,553,917,1470,13,106,2280.0,1106900.0,2211,1092,67,67,129,784,44930.0,2488,2180,217,2912,871,543,124,34,972,4138,06,001,427200,06001427200,Alameda,119,8.1,2340,56.55,43.45,3.33,33.81,10.33,62.38,37.62,3.03,49.39,3.03,5.83,35.46,20.32,8.72,1572,53.98,23.49
Census Tract 4273; Alameda County; California,5556,35.7,5556,1764,833,11,1771,13,202,962,141594.0,77657.0,5556,668,2237,2144,953,1191,2144,71,93,1999.0,1166500.0,2528,1086,180,30,126,961,,2671,2456,101,3784,1089,781,329,165,1202,5556,06,001,427300,06001427300,Alameda,164,7.65,3792,68.25,31.75,14.99,31.88,12.02,55.55,44.45,7.12,42.96,1.19,4.98,38.01,,3.78,2364,62.47,21.63
Census Tract 4276; Alameda County; California,4774,35.5,4774,1397,717,27,1454,0,322,857,99561.0,44485.0,4747,510,2039,1907,379,1528,1907,10,321,2417.0,731100.0,2684,1491,169,69,133,396,68635.0,2980,2700,280,3538,1070,426,56,68,1950,4774,06,001,427600,06001427600,Alameda,331,17.36,3377,70.74,29.26,15.02,30.46,10.74,80.13,19.87,6.3,55.55,2.57,4.96,14.75,25.57,9.4,1620,45.79,40.85
Census Tract 4277; Alameda County; California,4963,39.9,4963,2947,191,33,829,0,522,441,107083.0,67819.0,4963,319,2324,2168,814,1354,2168,115,163,2381.0,1207400.0,2618,1045,235,6,0,889,56560.0,2882,2664,198,3849,1343,712,100,131,1045,4963,06,001,427700,06001427700,Alameda,278,12.82,2016,40.62,59.38,3.85,16.7,6.43,62.45,37.55,8.98,39.92,0.23,0.0,33.96,21.6,6.87,2286,59.39,21.06
Census Tract 4278; Alameda County; California,4652,39.8,4652,2625,180,7,926,13,133,768,143636.0,90978.0,4652,341,1901,1776,881,895,1776,10,44,2408.0,1386000.0,2437,1004,412,35,84,796,55790.0,2629,2507,106,3346,1239,598,78,148,893,4652,06,001,427800,06001427800,Alameda,54,3.04,2027,43.57,56.43,3.87,19.91,7.33,50.39,49.61,16.91,41.2,1.44,3.45,32.66,22.89,4.03,2063,61.66,19.2
Census Tract 4279; Alameda County; California,4708,46.1,4708,2582,46,57,1086,10,196,731,111713.0,96775.0,4708,371,2198,2005,733,1272,2005,18,276,2320.0,1380200.0,2140,970,196,128,15,664,52860.0,2504,2215,289,3733,1293,807,148,175,1028,4708,06,001,427900,06001427900,Alameda,294,14.66,2126,45.16,54.84,0.98,23.07,7.88,63.44,36.56,9.16,45.33,5.98,0.7,31.03,24.7,11.54,2423,64.91,21.84
Census Tract 4280; Alameda County; California,2706,38.7,2706,737,145,54,795,0,251,724,91354.0,45436.0,2706,248,1300,1169,284,885,1169,0,87,2189.0,750000.0,1318,604,197,0,78,340,,1446,1327,119,1942,622,293,120,16,759,2706,06,001,428000,06001428000,Alameda,87,7.44,1969,72.76,27.24,5.36,29.38,9.16,75.71,24.29,14.95,45.83,0.0,5.92,25.8,,8.23,1051,54.12,28.05
Census Tract 4281; Alameda County; California,4685,44.7,4685,2661,160,0,1127,0,60,677,166274.0,81835.0,4685,360,1995,1884,988,896,1884,10,116,2092.0,1480800.0,2420,1138,338,26,82,748,56080.0,2631,2501,130,3302,1392,366,245,22,1135,4685,06,001,428100,06001428100,Alameda,126,6.69,2024,43.2,56.8,3.42,24.06,7.68,47.56,52.44,13.97,47.02,1.07,3.39,30.91,23.17,4.94,2025,61.33,24.23
Census Tract 4282; Alameda County; California,6385,44.5,6385,3257,236,74,1180,0,433,1205,120875.0,65311.0,6368,449,2840,2680,1595,1085,2680,33,119,2491.0,1357100.0,2937,1177,187,80,64,1200,,3156,2955,164,4698,1507,848,283,329,1600,6385,06,001,428200,06001428200,Alameda,152,5.67,3128,48.99,51.01,3.7,18.48,7.05,40.49,59.51,6.37,40.07,2.72,2.18,40.86,,5.2,2967,63.15,25.06
Census Tract 4283.01; Alameda County; California,6618,41.6,6618,2119,68,0,2864,0,261,1306,177551.0,69780.0,6610,80,2372,2241,1971,270,2241,68,0,3501.0,989200.0,3205,1231,310,67,116,1190,,3373,3250,123,4555,1860,919,245,97,1885,6618,06,001,428301,06001428301,Alameda,68,3.03,4499,67.98,32.02,1.03,43.28,1.21,12.05,87.95,9.67,38.41,2.09,3.62,37.13,,3.65,3121,68.52,28.48
Census Tract 4283.02; Alameda County; California,6812,50.0,6812,2900,86,0,2741,0,122,963,192198.0,89977.0,6762,258,2619,2539,2139,400,2539,13,0,3501.0,1439900.0,3117,1575,323,61,25,1014,74690.0,3362,3124,179,5091,2181,1245,256,308,1897,6812,06,001,428302,06001428302,Alameda,13,0.51,3912,57.43,42.57,1.26,40.24,3.82,15.75,84.25,10.36,50.53,1.96,0.8,32.53,23.96,5.32,3990,78.37,27.85
Census Tract 4284; Alameda County; California,4864,39.5,4864,1841,301,5,1385,131,340,861,108681.0,63336.0,4468,649,1978,1849,741,1108,1849,14,169,2542.0,1047700.0,2430,911,304,144,83,891,,2606,2486,105,3577,1135,552,64,103,1373,4864,06,001,428400,06001428400,Alameda,183,9.9,3023,62.15,37.85,6.19,28.47,14.53,59.92,40.08,12.51,37.49,5.93,3.42,36.67,,4.03,1854,51.83,28.23
Census Tract 4285; Alameda County; California,3443,44.3,3443,1777,385,0,790,15,80,396,169125.0,88251.0,3299,180,1619,1493,472,1021,1493,55,144,2816.0,957100.0,1927,889,173,24,131,532,,2003,1981,22,2735,1137,336,35,138,869,3443,06,001,428500,06001428500,Alameda,199,13.33,1666,48.39,51.61,11.18,22.95,5.46,68.39,31.61,8.98,46.13,1.25,6.8,27.61,,1.1,1646,60.18,25.24
Census Tract 4286; Alameda County; California,3298,45.0,3298,1078,352,59,975,34,258,542,128500.0,88617.0,3171,116,1738,1520,735,785,1520,56,61,3120.0,1010800.0,1898,826,222,18,35,620,,1992,1934,58,2668,823,487,181,123,982,3298,06,001,428600,06001428600,Alameda,117,7.7,2220,67.31,32.69,10.67,29.56,3.66,51.64,48.36,11.7,43.52,0.95,1.84,32.67,,2.91,1614,60.49,29.78
Census Tract 4287; Alameda County; California,5600,35.1,5600,1400,750,10,2312,91,312,725,191528.0,77895.0,5566,441,1960,1787,854,933,1787,6,216,2473.0,1426900.0,2544,1142,244,78,48,714,54370.0,2760,2429,134,3621,1214,617,225,96,1507,5600,06,001,428700,06001428700,Alameda,222,12.42,4200,75.0,25.0,13.39,41.29,7.92,52.21,47.79,9.59,44.89,3.07,1.89,28.07,21.37,4.86,2152,59.43,26.91
Census Tract 4301.01; Alameda County; California,6562,47.4,6562,2364,146,0,3281,1,90,680,214477.0,79184.0,6538,486,2263,2263,2090,173,2263,58,23,2851.0,1366600.0,3271,2297,130,23,59,605,95225.0,3505,3396,109,4998,1517,1194,155,237,2426,6562,06,001,430101,06001430101,Alameda,81,3.58,4198,63.97,36.03,2.22,50.0,7.43,7.64,92.36,3.97,70.22,0.7,1.8,18.5,29.11,3.11,3103,62.08,36.97
Census Tract 4301.02; Alameda County; California,2425,49.8,2425,1327,13,163,598,0,86,238,192426.0,82263.0,2417,171,939,893,771,122,893,11,0,3013.0,1263100.0,943,631,14,0,6,196,,1048,952,89,1847,501,321,62,126,561,2425,06,001,430102,06001430102,Alameda,11,1.23,1098,45.28,54.72,0.54,24.66,7.07,13.66,86.34,1.48,66.91,0.0,0.64,20.78,,8.49,1010,54.68,23.13
Census Tract 4302; Alameda County; California,7195,47.9,7195,3605,114,37,2487,5,275,672,181136.0,68477.0,7109,168,2347,2298,2127,171,2298,26,0,3218.0,1229900.0,3064,2027,121,39,19,674,93405.0,3376,3160,216,5484,1662,803,171,111,1474,7195,06,001,430200,06001430200,Alameda,26,1.13,3590,49.9,50.1,1.58,34.57,2.36,7.44,92.56,3.95,66.16,1.27,0.62,22.0,30.48,6.4,2747,50.09,20.49
Census Tract 4303; Alameda County; California,4028,41.5,4028,1926,30,37,1086,0,175,774,175772.0,68706.0,4028,158,1351,1277,1098,179,1277,23,11,3501.0,1200900.0,1847,1110,34,23,16,449,39770.0,2064,1894,170,2922,726,466,119,39,1305,4028,06,001,430300,06001430300,Alameda,34,2.66,2102,52.18,47.82,0.74,26.96,3.92,14.02,85.98,1.84,60.1,1.25,0.87,24.31,21.53,8.24,1350,46.2,32.4
Census Tract 4304; Alameda County; California,2160,44.0,2160,787,64,41,1013,0,99,156,193958.0,74295.0,2160,55,716,707,646,61,707,33,0,3218.0,1165100.0,1048,520,67,28,10,297,28530.0,1215,1132,83,1628,608,276,116,92,629,2160,06,001,430400,06001430400,Alameda,33,4.67,1373,63.56,36.44,2.96,46.9,2.55,8.63,91.37,6.39,49.62,2.67,0.95,28.34,27.22,6.83,1092,67.08,29.12
Census Tract 4305; Alameda County; California,6125,39.6,6125,1650,1673,45,1532,6,425,794,114408.0,49879.0,5819,592,2124,1983,1314,669,1983,44,0,2366.0,908200.0,3154,1837,491,1,28,516,90465.0,3458,3314,144,4690,1164,342,110,61,2243,6125,06,001,430500,06001430500,Alameda,44,2.22,4475,73.06,26.94,27.31,25.01,10.17,33.74,66.26,15.57,58.24,0.03,0.89,16.36,28.68,4.16,1677,35.76,36.62
Census Tract 4306; Alameda County; California,6105,47.1,6105,2581,214,122,2509,0,233,446,193606.0,76110.0,6098,166,2213,2113,1934,179,2113,30,0,2983.0,1094800.0,3306,2006,91,0,34,867,77230.0,3464,3306,158,4710,1107,671,118,122,1897,6105,06,001,430600,06001430600,Alameda,30,1.42,3524,57.72,42.28,3.51,41.1,2.72,8.47,91.53,2.75,60.68,0.0,1.03,26.23,23.36,4.56,2018,42.85,31.07
Census Tract 4307; Alameda County; California,4132,44.1,4132,1440,259,0,1437,0,328,668,145521.0,56744.0,4119,396,1371,1360,1020,340,1360,10,0,2396.0,1098400.0,1865,1044,66,24,8,430,50020.0,1968,1891,77,2976,772,269,61,96,1395,4132,06,001,430700,06001430700,Alameda,10,0.74,2692,65.15,34.85,6.27,34.78,9.61,25.0,75.0,3.54,55.98,1.29,0.43,23.06,26.82,3.91,1198,40.26,33.76
Census Tract 4308; Alameda County; California,5887,40.3,5887,1422,48,0,1781,66,1834,736,106016.0,45225.0,5887,365,2096,1963,1370,593,1963,51,20,2592.0,1002200.0,3263,2248,106,31,113,564,75135.0,3451,3372,79,3999,639,344,13,72,1899,5887,06,001,430800,06001430800,Alameda,71,3.62,4465,75.85,24.15,0.82,30.25,6.2,30.21,69.79,3.25,68.89,0.95,3.46,17.28,23.03,2.29,1068,26.71,32.26
Census Tract 4309; Alameda County; California,5539,36.7,5539,1676,1166,14,1274,16,482,911,120000.0,43934.0,5411,795,1865,1810,644,1166,1810,54,134,2303.0,910400.0,2692,1653,133,0,82,581,68155.0,2879,2858,21,3785,948,348,28,49,2010,5539,06,001,430900,06001430900,Alameda,188,10.39,3863,69.74,30.26,21.05,23.0,14.69,64.42,35.58,4.94,61.4,0.0,3.05,21.58,25.32,0.73,1373,36.27,36.29
Census Tract 4310; Alameda County; California,3191,43.3,3191,561,608,60,953,0,316,693,103750.0,49947.0,3191,257,1260,1244,383,861,1244,16,118,2618.0,814500.0,1789,1189,173,31,0,200,51470.0,1845,1800,40,2500,760,95,21,15,939,3191,06,001,431000,06001431000,Alameda,134,10.77,2630,82.42,17.58,19.05,29.87,8.05,69.21,30.79,9.67,66.46,1.73,0.0,11.18,28.77,2.17,891,35.64,29.43
Census Tract 4311; Alameda County; California,3368,36.4,3368,1241,616,91,721,8,252,439,106473.0,47682.0,3345,174,1371,1296,405,891,1296,40,99,2517.0,821200.0,1930,1281,0,0,32,458,44685.0,1986,1953,33,2438,549,304,8,8,779,3368,06,001,431100,06001431100,Alameda,139,10.73,2127,63.15,36.85,18.29,21.41,5.2,68.75,31.25,0.0,66.37,0.0,1.66,23.73,23.15,1.66,869,35.64,23.13
Census Tract 4312; Alameda County; California,6033,40.1,6033,2241,1040,0,1375,159,371,847,122872.0,54896.0,5912,467,2568,2422,1355,1067,2422,126,326,2595.0,776100.0,2807,2024,50,0,58,507,59570.0,2931,2903,28,4387,1305,637,121,29,1199,6033,06,001,431200,06001431200,Alameda,452,18.66,3792,62.85,37.15,17.24,22.79,7.9,44.05,55.95,1.78,72.11,0.0,2.07,18.06,21.22,0.96,2092,47.69,19.87
Census Tract 4321; Alameda County; California,3820,36.5,3820,1270,1162,7,524,7,327,523,188409.0,65846.0,3688,221,1362,1278,847,431,1278,36,16,2434.0,1064000.0,2021,1172,232,12,14,406,46835.0,2096,2048,48,2543,710,466,216,100,514,3820,06,001,432100,06001432100,Alameda,52,4.07,2550,66.75,33.25,30.42,13.72,5.99,33.72,66.28,11.48,57.99,0.59,0.69,20.09,23.17,2.29,1492,58.67,13.46
Census Tract 4322; Alameda County; California,3904,40.7,3904,1235,432,209,526,25,684,793,85000.0,52898.0,3890,269,1670,1498,721,777,1498,0,210,2220.0,994100.0,1627,975,130,0,102,241,46010.0,1794,1709,85,2882,664,214,107,49,1114,3904,06,001,432200,06001432200,Alameda,210,14.02,2669,68.37,31.63,11.07,13.47,6.92,51.87,48.13,7.99,59.93,0.0,6.27,14.81,28.28,4.74,1034,35.88,28.53
Census Tract 4323; Alameda County; California,4700,44.0,4700,1130,490,24,1360,0,689,1007,147188.0,60144.0,4700,317,1755,1728,1257,471,1728,28,60,1863.0,867700.0,2456,1158,208,31,69,585,65070.0,2602,2536,66,3490,1019,273,224,165,1411,4700,06,001,432300,06001432300,Alameda,88,5.09,3570,75.96,24.04,10.43,28.94,6.74,27.26,72.74,8.47,47.15,1.26,2.81,23.82,26.49,2.54,1681,48.17,30.02
Census Tract 4324; Alameda County; California,5818,39.3,5818,1302,319,258,1557,39,1587,756,100000.0,34405.0,5786,484,1824,1746,836,910,1746,17,109,2258.0,698800.0,2867,2033,119,0,0,246,76365.0,3149,2954,195,4038,484,79,0,20,2163,5818,06,001,432400,06001432400,Alameda,126,7.22,4516,77.62,22.38,5.48,26.76,8.37,52.12,47.88,4.15,70.91,0.0,0.0,8.58,26.64,6.19,583,14.44,37.18
Census Tract 4325.01; Alameda County; California,4760,44.0,4760,622,155,6,2215,25,991,746,112059.0,40414.0,4760,248,1446,1382,761,621,1382,16,93,2091.0,794000.0,2755,1608,246,0,150,356,71860.0,2834,2776,58,3572,694,162,11,19,2668,4760,06,001,432501,06001432501,Alameda,109,7.89,4138,86.93,13.07,3.26,46.53,5.21,44.93,55.07,8.93,58.37,0.0,5.44,12.92,26.08,2.05,886,24.8,56.05
Census Tract 4325.02; Alameda County; California,5104,38.1,5104,591,642,263,2314,43,844,407,104089.0,38526.0,5046,621,1491,1416,594,822,1416,18,114,2222.0,767600.0,2899,1819,333,0,38,343,71855.0,3084,2917,167,3559,1134,95,53,0,2773,5104,06,001,432502,06001432502,Alameda,132,9.32,4513,88.42,11.58,12.58,45.34,12.31,58.05,41.95,11.49,62.75,0.0,1.31,11.83,24.79,5.42,1282,36.02,54.33
Census Tract 4326.01; Alameda County; California,3978,38.5,3978,1100,722,21,1010,0,626,499,91835.0,47889.0,3925,566,1950,1780,704,1076,1780,99,176,2137.0,560200.0,2270,808,433,0,14,663,52590.0,2417,2327,90,3065,549,600,80,43,1236,3978,06,001,432601,06001432601,Alameda,275,15.45,2878,72.35,27.65,18.15,25.39,14.42,60.45,39.55,19.07,35.59,0.0,0.62,29.21,23.17,3.72,1272,41.5,31.07
Census Tract 4326.02; Alameda County; California,3091,43.1,3091,522,691,18,811,102,304,643,105750.0,60546.0,2951,262,1328,1260,335,925,1260,9,112,2141.0,740100.0,1652,797,246,0,112,386,,1822,1706,116,2432,398,293,98,84,964,3091,06,001,432602,06001432602,Alameda,121,9.6,2569,83.11,16.89,22.36,26.24,8.88,73.41,26.59,14.89,48.24,0.0,6.78,23.37,,6.37,873,35.9,31.19
Census Tract 4327; Alameda County; California,2509,45.5,2509,1330,191,11,492,0,187,298,133850.0,60127.0,2509,211,1030,925,704,221,925,18,17,2032.0,1010000.0,1312,941,21,19,56,208,,1462,1312,150,1958,609,183,16,27,579,2509,06,001,432700,06001432700,Alameda,35,3.78,1179,46.99,53.01,7.61,19.61,8.41,23.89,76.11,1.6,71.72,1.45,4.27,15.85,,10.26,835,42.65,23.08
Census Tract 4328; Alameda County; California,3930,48.0,3930,1505,361,49,1222,0,216,577,134211.0,59184.0,3899,133,1580,1474,1222,252,1474,36,0,3189.0,1118400.0,1623,924,119,13,39,455,33955.0,1846,1730,116,2999,1047,215,65,101,1122,3930,06,001,432800,06001432800,Alameda,36,2.44,2425,61.7,38.3,9.19,31.09,3.41,17.1,82.9,7.33,56.93,0.8,2.4,28.03,20.92,6.28,1428,47.62,28.55
Census Tract 4330; Alameda County; California,3739,47.7,3739,1214,135,64,1161,0,635,530,102555.0,46398.0,3724,215,1442,1355,1084,271,1355,38,29,2340.0,781200.0,1865,1080,141,38,14,333,46760.0,1964,1891,73,2881,645,234,75,99,1434,3739,06,001,433000,06001433000,Alameda,67,4.94,2525,67.53,32.47,3.61,31.05,5.77,20.0,80.0,7.56,57.91,2.04,0.75,17.86,25.07,3.72,1053,36.55,38.35
Census Tract 4331.02; Alameda County; California,4069,41.6,4069,553,381,8,1975,40,828,284,106563.0,47246.0,4022,277,1327,1255,886,369,1255,26,10,2434.0,847800.0,2045,1317,223,0,46,155,77040.0,2185,2150,35,3062,654,152,28,27,2052,4069,06,001,433102,06001433102,Alameda,36,2.87,3516,86.41,13.59,9.36,48.54,6.89,29.4,70.6,10.9,64.4,0.0,2.25,7.58,37.67,1.6,861,28.12,50.43
Census Tract 4331.03; Alameda County; California,3667,39.6,3667,917,620,53,882,10,742,443,78081.0,38341.0,3667,502,1512,1462,290,1172,1462,48,107,2191.0,563100.0,1896,1167,121,0,120,54,46315.0,2041,1977,64,2761,368,103,41,71,1655,3667,06,001,433103,06001433103,Alameda,155,10.6,2750,74.99,25.01,16.91,24.05,13.69,80.16,19.84,6.38,61.55,0.0,6.33,2.85,24.43,3.14,583,21.12,45.13
Census Tract 4331.04; Alameda County; California,4422,37.1,4422,704,745,26,759,292,1311,585,74589.0,31751.0,4419,673,1814,1683,567,1116,1683,212,269,2235.0,641900.0,1945,1060,324,5,93,269,,2212,2086,126,2917,560,193,18,0,1417,4422,06,001,433104,06001433104,Alameda,481,28.58,3718,84.08,15.92,16.85,17.16,15.23,66.31,33.69,16.66,54.5,0.26,4.78,13.83,,5.7,771,26.43,32.04
Census Tract 4332; Alameda County; California,7991,42.7,7991,1687,759,54,2626,14,1318,1533,95048.0,37882.0,7813,659,2810,2726,1544,1182,2726,92,146,1744.0,850700.0,3730,2546,259,10,26,333,105000.0,4278,3876,402,5824,1447,225,17,18,2801,7991,06,001,433200,06001433200,Alameda,238,8.73,6304,78.89,21.11,9.5,32.86,8.43,43.36,56.64,6.94,68.26,0.27,0.7,8.93,28.15,9.4,1707,29.31,35.05
Census Tract 4333; Alameda County; California,7287,41.6,7287,1151,7,52,4044,36,1322,675,102841.0,34967.0,7287,287,2051,2031,1636,395,2031,27,0,2799.0,853700.0,3427,2100,27,0,18,729,79575.0,3749,3494,255,5387,973,123,0,0,3143,7287,06,001,433300,06001433300,Alameda,27,1.33,6136,84.2,15.8,0.1,55.5,3.94,19.45,80.55,0.79,61.28,0.0,0.53,21.27,23.22,6.8,1096,20.35,43.13
Census Tract 4334; Alameda County; California,6008,43.3,6008,773,514,54,3817,0,274,576,135536.0,75647.0,5913,234,2233,2233,1592,641,2233,32,35,3058.0,780700.0,3391,2137,158,47,20,548,89905.0,3625,3451,147,4613,1651,517,37,44,2561,6008,06,001,433400,06001433400,Alameda,67,3.0,5235,87.13,12.87,8.56,63.53,3.96,28.71,71.29,4.66,63.02,1.39,0.59,16.16,26.51,4.06,2249,48.75,42.63
Census Tract 4335; Alameda County; California,3951,47.1,3951,1021,86,52,1985,9,351,447,79868.0,42205.0,3951,452,1595,1494,1186,308,1494,74,12,1963.0,840400.0,2022,1422,57,6,3,208,53625.0,2261,2076,185,3222,805,176,48,8,1852,3951,06,001,433500,06001433500,Alameda,86,5.76,2930,74.16,25.84,2.18,50.24,11.44,20.62,79.38,2.82,70.33,0.3,0.15,10.29,26.52,8.18,1037,32.18,46.87
Census Tract 4336; Alameda County; California,6172,47.6,6172,2072,295,15,2510,9,300,971,98508.0,43316.0,6172,616,2212,2111,1172,939,2111,77,307,1875.0,839900.0,2981,1888,192,0,0,601,,3385,3173,212,4727,899,224,55,10,2728,6172,06,001,433600,06001433600,Alameda,384,18.19,4100,66.43,33.57,4.78,40.67,9.98,44.48,55.52,6.44,63.33,0.0,0.0,20.16,,6.26,1188,25.13,44.2
Census Tract 4337; Alameda County; California,3257,35.4,3257,521,243,22,485,177,1068,741,84107.0,33585.0,3255,471,1037,984,422,562,984,16,45,2212.0,804200.0,1521,1010,42,0,23,203,43580.0,1646,1538,108,2190,215,128,0,8,1304,3257,06,001,433700,06001433700,Alameda,61,6.2,2736,84.0,16.0,7.46,14.89,14.47,57.11,42.89,2.76,66.4,0.0,1.51,13.35,28.65,6.56,351,16.03,40.04
Census Tract 4338.01; Alameda County; California,3141,46.7,3141,511,455,9,804,13,719,630,102500.0,46880.0,3028,412,1102,1080,470,610,1080,36,11,2294.0,692400.0,1937,1344,121,63,3,99,,2096,1948,148,2463,336,82,27,12,1470,3141,06,001,433801,06001433801,Alameda,47,4.35,2630,83.73,16.27,14.49,25.6,13.61,56.48,43.52,6.25,69.39,3.25,0.15,5.11,,7.06,457,18.55,46.8
Census Tract 4338.02; Alameda County; California,4079,39.4,4079,537,752,63,1576,0,465,686,90739.0,44200.0,4079,345,1538,1493,924,569,1493,148,91,2441.0,836000.0,2020,1330,226,0,25,149,81695.0,2159,2108,51,2946,854,225,0,10,1457,4079,06,001,433802,06001433802,Alameda,239,16.01,3542,86.84,13.16,18.44,38.64,8.46,38.11,61.89,11.19,65.84,0.0,1.24,7.38,40.44,2.36,1089,36.97,35.72
Census Tract 4339; Alameda County; California,6482,30.4,6482,387,2280,12,1065,57,2341,340,80854.0,31503.0,6456,1086,2323,2278,405,1873,2278,42,249,1992.0,683600.0,3054,2304,293,0,25,168,81050.0,3610,3271,339,3922,447,240,10,4,2236,6482,06,001,433900,06001433900,Alameda,291,12.77,6095,94.03,5.97,35.17,16.43,16.82,82.22,17.78,9.59,75.44,0.0,0.82,5.5,26.54,9.39,701,17.87,34.5
Census Tract 4340; Alameda County; California,5561,37.7,5561,1219,886,55,1051,46,1592,712,52160.0,31957.0,5483,1294,1914,1774,431,1343,1774,36,250,2026.0,712000.0,2545,1806,262,0,32,145,76760.0,2760,2586,174,4024,491,121,11,0,1914,5561,06,001,434000,06001434000,Alameda,286,16.12,4342,78.08,21.92,15.93,18.9,23.6,75.7,24.3,10.29,70.96,0.0,1.26,5.7,30.16,6.3,623,15.48,34.42
Census Tract 4351.02; Alameda County; California,5649,40.2,5649,1355,797,116,1579,108,665,1029,134902.0,57480.0,4472,485,1720,1656,1297,359,1656,31,0,3007.0,1030800.0,2754,1695,104,0,144,485,76540.0,3092,2848,234,3742,981,600,102,60,1735,5649,06,001,435102,06001435102,Alameda,31,1.87,4294,76.01,23.99,14.11,27.95,10.85,21.68,78.32,3.78,61.55,0.0,5.23,17.61,27.79,7.57,1743,46.58,30.71
Census Tract 4351.03; Alameda County; California,7020,50.9,7020,2178,503,0,3324,19,209,787,189638.0,80735.0,6990,308,2500,2414,2329,85,2414,17,16,3501.0,1506100.0,3617,1983,279,0,0,1084,90775.0,3956,3713,243,5276,2141,1020,177,211,2994,7020,06,001,435103,06001435103,Alameda,33,1.37,4842,68.97,31.03,7.17,47.35,4.41,3.52,96.48,7.71,54.82,0.0,0.0,29.97,25.1,6.14,3549,67.27,42.65
Census Tract 4351.04; Alameda County; California,7752,32.8,7752,951,719,115,3032,313,1837,785,123049.0,65722.0,7747,455,2862,2754,1127,1627,2754,0,15,2393.0,870300.0,4053,2179,446,0,123,667,,4758,4474,265,5697,1765,459,45,169,3265,7752,06,001,435104,06001435104,Alameda,15,0.54,6801,87.73,12.27,9.28,39.11,5.87,59.08,40.92,11.0,53.76,0.0,3.03,16.46,,5.57,2438,42.79,42.12
Census Tract 4352; Alameda County; California,4389,46.8,4389,1194,848,68,1052,8,352,867,142574.0,54519.0,4324,232,1436,1403,1146,257,1403,27,0,3501.0,953600.0,1755,1123,50,0,0,340,,2047,1907,140,3207,697,399,83,178,1134,4389,06,001,435200,06001435200,Alameda,27,1.92,3195,72.8,27.2,19.32,23.97,5.37,18.32,81.68,2.85,63.99,0.0,0.0,19.37,,6.84,1357,42.31,25.84
Census Tract 4353; Alameda County; California,5101,40.1,5101,1182,485,151,1157,22,1235,869,104909.0,41600.0,4759,523,1768,1683,845,838,1683,13,126,2275.0,841700.0,2630,1270,86,44,87,575,59320.0,2858,2653,205,3962,942,396,100,56,1956,5101,06,001,435300,06001435300,Alameda,139,8.26,3919,76.83,23.17,9.51,22.68,10.99,49.79,50.21,3.27,48.29,1.67,3.31,21.86,22.56,7.17,1494,37.71,38.35
Census Tract 4354; Alameda County; California,5364,37.1,5364,1485,694,36,1274,68,1060,747,113177.0,46595.0,5322,818,2473,1950,651,1299,1950,28,306,2529.0,781300.0,2811,1735,112,0,60,484,102835.0,2954,2836,118,4072,811,276,47,28,1639,5364,06,001,435400,06001435400,Alameda,334,17.13,3879,72.32,27.68,12.94,23.75,15.37,66.62,33.38,3.98,61.72,0.0,2.13,17.22,36.58,3.99,1162,28.54,30.56
Census Tract 4355; Alameda County; California,4108,40.4,4108,999,464,107,382,199,1314,643,77981.0,36931.0,4073,766,1449,1425,362,1063,1425,25,115,2061.0,810300.0,1954,1430,40,0,6,138,,2160,2013,147,3065,415,131,36,32,1411,4108,06,001,435500,06001435500,Alameda,140,9.82,3109,75.68,24.32,11.3,9.3,18.81,74.6,25.4,2.05,73.18,0.0,0.31,7.06,,6.81,614,20.03,34.35
Census Tract 4356.01; Alameda County; California,4874,37.4,4874,582,345,249,845,75,2157,621,76895.0,36146.0,4804,562,1552,1473,563,910,1473,48,88,2224.0,768500.0,2252,1626,54,0,38,186,58065.0,2455,2363,92,3192,448,78,22,0,1966,4874,06,001,435601,06001435601,Alameda,136,9.23,4292,88.06,11.94,7.08,17.34,11.7,61.78,38.22,2.4,72.2,0.0,1.69,8.26,25.78,3.75,548,17.17,40.34
Census Tract 4356.02; Alameda County; California,5261,38.1,5261,1439,323,62,572,5,1412,1448,86447.0,35966.0,5150,444,1699,1566,475,1091,1566,8,107,2068.0,660700.0,2228,1625,42,0,0,354,61590.0,2545,2364,181,3397,355,181,45,31,1582,5261,06,001,435602,06001435602,Alameda,115,7.34,3822,72.65,27.35,6.14,10.87,8.62,69.67,30.33,1.89,72.94,0.0,0.0,15.89,27.64,7.11,612,18.02,30.07
Census Tract 4357; Alameda County; California,4974,39.9,4974,1047,223,58,1140,168,1039,1299,103106.0,38703.0,4974,296,1490,1466,1053,413,1466,55,12,2203.0,814000.0,2303,1870,21,0,0,202,67645.0,2486,2396,90,3449,500,33,53,0,1760,4974,06,001,435700,06001435700,Alameda,67,4.57,3927,78.95,21.05,4.48,22.92,5.95,28.17,71.83,0.91,81.2,0.0,0.0,8.77,29.37,3.62,586,16.99,35.38
Census Tract 4358; Alameda County; California,5725,41.1,5725,1290,278,77,2036,3,1381,660,118835.0,42787.0,5684,280,1732,1631,1195,436,1631,28,13,3049.0,849800.0,2888,2021,153,18,14,221,89985.0,3183,2998,185,3999,712,172,34,7,2519,5725,06,001,435800,06001435800,Alameda,41,2.51,4435,77.47,22.53,4.86,35.56,4.93,26.73,73.27,5.3,69.98,0.62,0.48,7.65,31.16,5.81,925,23.13,44.0
Census Tract 4359; Alameda County; California,4985,40.9,4985,1373,12,104,2280,22,698,496,117891.0,46223.0,4958,84,1596,1563,1312,251,1563,28,0,3424.0,854900.0,2682,2240,76,0,0,179,72245.0,2838,2710,128,3811,954,145,19,50,2135,4985,06,001,435900,06001435900,Alameda,28,1.79,3612,72.46,27.54,0.24,45.74,1.69,16.06,83.94,2.83,83.52,0.0,0.0,6.67,26.94,4.51,1168,30.65,42.83
Census Tract 4360; Alameda County; California,5298,46.5,5298,1436,48,9,2164,0,623,1018,128333.0,45692.0,5298,137,1396,1396,1166,230,1396,19,8,2244.0,848500.0,2640,1891,49,0,9,256,74760.0,3091,2835,245,4162,903,240,29,23,2157,5298,06,001,436000,06001436000,Alameda,27,1.93,3862,72.9,27.1,0.91,40.85,2.59,16.48,83.52,1.86,71.63,0.0,0.34,9.7,28.32,7.93,1195,28.71,40.71
Census Tract 4361; Alameda County; California,5454,41.6,5454,1039,127,167,1872,122,1382,745,99000.0,41819.0,5454,313,1748,1704,1015,689,1704,0,231,1708.0,840600.0,2916,2016,127,71,49,324,90195.0,3009,2933,76,4045,999,38,13,15,2300,5454,06,001,436100,06001436100,Alameda,231,13.56,4415,80.95,19.05,2.33,34.32,5.74,40.43,59.57,4.36,69.14,2.43,1.68,11.11,30.93,2.53,1065,26.33,42.17
Census Tract 4362; Alameda County; California,3989,40.5,3989,429,549,133,274,94,2112,398,90595.0,32099.0,3870,234,1281,1238,241,997,1238,12,58,1999.0,675000.0,2146,1640,66,11,75,153,,2271,2147,124,2922,551,85,32,74,1764,3989,06,001,436200,06001436200,Alameda,70,5.65,3560,89.25,10.75,13.76,6.87,6.05,80.53,19.47,3.08,76.42,0.51,3.49,7.13,,5.46,742,25.39,44.22
Census Tract 4363.01; Alameda County; California,5422,35.6,5422,334,453,77,1684,109,1463,1302,187333.0,66177.0,5369,198,1853,1796,1175,621,1796,34,17,3090.0,893700.0,2788,1617,177,0,0,473,70340.0,3391,3145,246,3758,883,706,3,43,2125,5422,06,001,436301,06001436301,Alameda,51,2.84,5088,93.84,6.16,8.35,31.06,3.69,34.58,65.42,6.35,58.0,0.0,0.0,16.97,25.23,7.25,1635,43.51,39.19
Census Tract 4363.02; Alameda County; California,3712,38.3,3712,855,591,94,712,24,923,513,96233.0,48261.0,3662,159,1260,1260,378,882,1260,13,15,2241.0,663200.0,2318,1655,109,9,7,298,,2502,2371,131,2940,837,143,0,36,1298,3712,06,001,436302,06001436302,Alameda,28,2.22,2857,76.97,23.03,15.92,19.18,4.34,70.0,30.0,4.7,71.4,0.39,0.3,12.86,,5.24,1016,34.56,34.97
Census Tract 4364.02; Alameda County; California,2875,48.1,2875,921,368,0,502,0,578,506,176750.0,70902.0,2875,62,1013,924,852,72,924,0,0,2640.0,1226300.0,1231,809,21,5,6,259,,1425,1331,94,2307,821,257,72,43,644,2875,06,001,436402,06001436402,Alameda,0,0.0,1954,67.97,32.03,12.8,17.46,2.16,7.79,92.21,1.71,65.72,0.41,0.49,21.04,,6.6,1193,51.71,22.4
Census Tract 4364.03; Alameda County; California,4151,39.6,4151,1271,496,0,679,253,472,980,90764.0,44680.0,4150,715,1630,1501,515,986,1501,0,75,2061.0,808500.0,2154,1407,130,110,37,209,75440.0,2303,2154,149,3190,762,193,53,55,1159,4151,06,001,436403,06001436403,Alameda,75,5.0,2880,69.38,30.62,11.95,16.36,17.23,65.69,34.31,6.04,65.32,5.11,1.72,9.7,35.02,6.47,1063,33.32,27.92
Census Tract 4364.04; Alameda County; California,3440,40.6,3440,1313,196,0,874,29,431,597,158171.0,58457.0,3432,107,1214,1151,964,187,1151,11,0,3335.0,928400.0,1777,1257,122,0,0,320,,1954,1857,97,2598,665,308,39,64,1129,3440,06,001,436404,06001436404,Alameda,11,0.96,2127,61.83,38.17,5.7,25.41,3.12,16.25,83.75,6.87,70.74,0.0,0.0,18.01,,4.96,1076,41.42,32.82
Census Tract 4365; Alameda County; California,5246,35.7,5246,700,571,188,986,5,2069,727,91341.0,41125.0,5171,526,1899,1800,717,1083,1800,16,106,2335.0,823600.0,2726,1863,211,0,20,496,,3136,2838,260,3473,665,458,64,47,2034,5246,06,001,436500,06001436500,Alameda,122,6.78,4546,86.66,13.34,10.88,18.8,10.17,60.17,39.83,7.74,68.34,0.0,0.73,18.2,,8.29,1234,35.53,38.77
Census Tract 4366.01; Alameda County; California,6476,38.1,6476,1328,497,6,1267,100,2089,1189,72201.0,32792.0,6406,711,1981,1869,778,1091,1869,24,40,2310.0,795100.0,2857,2228,78,42,12,281,78045.0,3130,2990,140,4689,800,163,31,7,3173,6476,06,001,436601,06001436601,Alameda,64,3.42,5148,79.49,20.51,7.67,19.56,11.1,58.37,41.63,2.73,77.98,1.47,0.42,9.84,27.32,4.47,1001,21.35,49.0
Census Tract 4366.02; Alameda County; California,5115,36.6,5115,429,402,10,1269,232,1425,1348,92646.0,37010.0,5040,684,1784,1697,385,1312,1697,0,133,2187.0,773900.0,2645,1780,67,0,17,244,56250.0,2852,2689,163,3628,596,179,128,48,2809,5115,06,001,436602,06001436602,Alameda,133,7.84,4686,91.61,8.39,7.86,24.81,13.57,77.31,22.69,2.53,67.3,0.0,0.64,9.22,21.27,5.72,951,26.21,54.92
Census Tract 4367; Alameda County; California,3360,35.8,3360,541,200,0,1221,25,1013,360,127652.0,44009.0,3360,290,1257,1201,715,486,1201,26,20,2849.0,680600.0,1827,1194,21,0,20,303,,1948,1819,110,2351,706,175,128,37,1327,3360,06,001,436700,06001436700,Alameda,46,3.83,2819,83.9,16.1,5.95,36.34,8.63,40.47,59.53,1.15,65.35,0.0,1.09,16.58,,5.65,1046,44.49,39.49
Census Tract 4368; Alameda County; California,4052,41.2,4052,409,81,139,1125,50,1859,389,100163.0,41090.0,4052,616,1431,1281,734,547,1281,12,17,2441.0,845500.0,2206,1244,105,0,79,318,54115.0,2358,2222,136,2839,738,126,0,23,2136,4052,06,001,436800,06001436800,Alameda,29,2.26,3643,89.91,10.09,2.0,27.76,15.2,42.7,57.3,4.76,56.39,0.0,3.58,14.42,24.53,5.77,887,31.24,52.71
Census Tract 4369; Alameda County; California,6768,35.5,6768,960,308,20,1015,122,3113,1230,107292.0,35374.0,6750,383,1890,1846,876,970,1846,40,26,2279.0,817900.0,3339,2024,238,5,32,382,87010.0,3594,3417,177,4354,803,118,86,22,3476,6768,06,001,436900,06001436900,Alameda,66,3.58,5808,85.82,14.18,4.55,15.0,5.67,52.55,47.45,7.13,60.62,0.15,0.96,11.44,26.06,4.92,1029,23.63,51.36
Census Tract 4370; Alameda County; California,3378,40.3,3378,794,112,14,1049,105,345,959,148750.0,53568.0,3375,124,1196,1152,950,202,1152,33,29,2458.0,873800.0,1672,1218,17,0,4,211,52585.0,1854,1787,59,2475,776,208,0,58,1563,3378,06,001,437000,06001437000,Alameda,62,5.38,2584,76.49,23.51,3.32,31.05,3.67,17.53,82.47,1.02,72.85,0.0,0.24,12.62,31.45,3.18,1042,42.1,46.27
Census Tract 4371.01; Alameda County; California,7371,39.1,7371,880,282,0,4018,224,1138,829,156462.0,56806.0,7371,512,2281,2234,1867,367,2234,59,0,2991.0,1100500.0,3704,2514,98,0,0,630,100970.0,4109,3839,270,5587,1851,715,47,91,3344,7371,06,001,437101,06001437101,Alameda,59,2.64,6491,88.06,11.94,3.83,54.51,6.95,16.43,83.57,2.65,67.87,0.0,0.0,17.01,27.26,6.57,2704,48.4,45.37
Census Tract 4371.02; Alameda County; California,4352,42.2,4352,285,328,22,1549,136,1397,635,82147.0,41787.0,4352,825,1571,1497,798,699,1497,0,153,2165.0,710000.0,1922,1327,0,0,53,204,50835.0,2067,1954,113,3254,531,202,58,29,1992,4352,06,001,437102,06001437102,Alameda,153,10.22,4067,93.45,6.55,7.54,35.59,18.96,46.69,53.31,0.0,69.04,0.0,2.76,10.61,26.45,5.47,820,25.2,45.77
Census Tract 4372; Alameda County; California,8968,37.7,8968,1095,669,123,3633,14,1884,1550,101250.0,45956.0,8816,946,2861,2808,1684,1124,2808,74,170,2525.0,875700.0,3962,2740,68,41,0,608,123430.0,4371,4028,343,6465,1999,364,155,24,3913,8968,06,001,437200,06001437200,Alameda,244,8.69,7873,87.79,12.21,7.46,40.51,10.73,40.03,59.97,1.72,69.16,1.03,0.0,15.35,31.15,7.85,2542,39.32,43.63
Census Tract 4373; Alameda County; California,2844,42.8,2844,283,255,50,1125,77,907,147,64935.0,32698.0,2837,535,1051,987,532,455,987,5,196,2100.0,895400.0,1286,920,23,0,16,145,33310.0,1538,1342,196,2267,598,73,16,0,1403,2844,06,001,437300,06001437300,Alameda,201,20.36,2561,90.05,9.95,8.97,39.56,18.86,46.1,53.9,1.79,71.54,0.0,1.24,11.28,25.9,12.74,687,30.3,49.33
Census Tract 4374; Alameda County; California,3755,37.6,3755,648,80,8,741,129,954,1195,124800.0,39438.0,3751,386,1050,1050,943,107,1050,39,0,3025.0,829900.0,1793,1357,63,0,10,182,56805.0,2016,1836,176,2744,489,159,20,0,1560,3755,06,001,437400,06001437400,Alameda,39,3.71,3107,82.74,17.26,2.13,19.73,10.29,10.19,89.81,3.51,75.68,0.0,0.56,10.15,31.68,8.73,668,24.34,41.54
Census Tract 4375; Alameda County; California,4527,37.2,4527,463,241,106,525,531,2112,549,89688.0,28303.0,4411,757,1170,1124,269,855,1124,11,79,2319.0,867800.0,1858,1347,56,0,30,173,49290.0,2098,1998,85,2874,358,99,14,40,2479,4527,06,001,437500,06001437500,Alameda,90,8.01,4064,89.77,10.23,5.32,11.6,17.16,76.07,23.93,3.01,72.5,0.0,1.61,9.31,26.53,4.05,511,17.78,54.76
Census Tract 4376; Alameda County; California,3381,39.7,3381,373,177,0,1389,58,1076,308,106528.0,32649.0,3229,269,896,868,513,355,868,16,39,2411.0,792400.0,1647,1091,87,40,13,102,48155.0,1688,1659,29,2437,464,89,38,10,1920,3381,06,001,437600,06001437600,Alameda,55,6.34,3008,88.97,11.03,5.24,41.08,8.33,40.9,59.1,5.28,66.24,2.43,0.79,6.19,29.24,1.72,601,24.66,56.79
Census Tract 4377.01; Alameda County; California,3638,32.6,3638,298,385,148,825,285,1229,468,79913.0,29279.0,3638,444,1171,1063,361,702,1063,0,42,2150.0,630000.0,1677,986,81,0,43,245,40905.0,1886,1828,58,2282,541,70,14,0,1702,3638,06,001,437701,06001437701,Alameda,42,3.95,3340,91.81,8.19,10.58,22.68,12.2,66.04,33.96,4.83,58.8,0.0,2.56,14.61,24.39,3.08,625,27.39,46.78
Census Tract 4377.02; Alameda County; California,3745,30.0,3745,466,24,258,272,0,1792,933,88482.0,30174.0,3705,484,1087,978,95,883,978,0,48,2334.0,1113300.0,2137,1300,116,14,15,8,67315.0,2319,2210,109,2436,125,90,0,0,2095,3745,06,001,437702,06001437702,Alameda,48,4.91,3279,87.56,12.44,0.64,7.26,13.06,90.29,9.71,5.43,60.83,0.66,0.7,0.37,31.5,4.7,215,8.83,55.94
Census Tract 4378; Alameda County; California,4817,38.9,4817,775,356,6,1670,498,879,633,123125.0,44640.0,4762,382,1391,1344,996,348,1344,61,0,2874.0,833800.0,2460,1732,165,0,47,230,,2825,2532,293,3456,834,300,23,6,1700,4817,06,001,437800,06001437800,Alameda,61,4.54,4042,83.91,16.09,7.39,34.67,8.02,25.89,74.11,6.71,70.41,0.0,1.91,9.35,,10.37,1163,33.65,35.29
Census Tract 4379; Alameda County; California,2486,32.6,2486,374,178,0,589,125,1075,145,97143.0,33967.0,2486,452,730,716,344,372,716,0,56,2578.0,948700.0,1129,787,6,0,0,69,28610.0,1301,1196,105,1583,192,39,16,94,1004,2486,06,001,437900,06001437900,Alameda,56,7.82,2112,84.96,15.04,7.16,23.69,18.18,51.96,48.04,0.53,69.71,0.0,0.0,6.11,25.34,8.07,341,21.54,40.39
Census Tract 4380; Alameda County; California,3751,34.2,3751,1180,177,132,1259,0,398,605,132361.0,45088.0,3749,134,1129,1096,677,419,1096,24,63,2876.0,939000.0,2029,1126,10,10,0,364,57480.0,2152,2029,123,2790,620,232,48,46,1321,3751,06,001,438000,06001438000,Alameda,87,7.94,2571,68.54,31.46,4.72,33.56,3.57,38.23,61.77,0.49,55.5,0.49,0.0,17.94,28.33,5.72,946,33.91,35.22
Census Tract 4381; Alameda County; California,7317,46.5,7317,1463,458,30,3250,32,1132,952,169833.0,54627.0,7317,407,2257,2154,1937,217,2154,12,12,3501.0,962700.0,4236,2868,321,0,61,570,,4688,4368,320,5720,2069,241,118,18,3391,7317,06,001,438100,06001438100,Alameda,24,1.11,5854,80.01,19.99,6.26,44.42,5.56,10.07,89.93,7.58,67.71,0.0,1.44,13.46,,6.83,2446,42.76,46.34
Census Tract 4382.01; Alameda County; California,4432,38.7,4432,701,351,0,939,198,1573,670,101641.0,31152.0,4432,571,1233,1229,1004,225,1229,29,14,2794.0,553600.0,1765,1224,8,0,0,293,,2115,1924,191,3152,348,22,0,35,1828,4432,06,001,438201,06001438201,Alameda,43,3.5,3731,84.18,15.82,7.92,21.19,12.88,18.31,81.69,0.45,69.35,0.0,0.0,16.6,,9.03,405,12.85,41.25
Census Tract 4382.03; Alameda County; California,4076,45.9,4076,920,195,0,1831,0,922,208,112727.0,44806.0,4076,271,1242,1180,934,246,1180,20,107,2690.0,701900.0,1939,1179,44,10,0,442,,2170,2048,122,3190,942,244,15,12,1798,4076,06,001,438203,06001438203,Alameda,127,10.76,3156,77.43,22.57,4.78,44.92,6.65,20.85,79.15,2.27,60.8,0.52,0.0,22.8,,5.62,1213,38.03,44.11
Census Tract 4382.04; Alameda County; California,5699,50.0,5699,917,344,59,2018,318,1419,624,106270.0,54718.0,5697,204,2024,1934,1661,273,1934,107,17,2756.0,398400.0,2791,1924,76,0,0,347,70595.0,3186,2992,194,4686,1090,351,41,75,3264,5699,06,001,438204,06001438204,Alameda,124,6.41,4782,83.91,16.09,6.04,35.41,3.58,14.12,85.88,2.72,68.94,0.0,0.0,12.43,25.29,6.09,1557,33.23,57.27
Census Tract 4383; Alameda County; California,3949,41.4,3949,299,291,66,1472,212,1156,453,163906.0,40654.0,3949,187,895,857,789,68,857,19,0,1897.0,849200.0,1876,1140,46,3,25,313,51085.0,2032,1889,143,2725,562,93,3,0,1610,3949,06,001,438300,06001438300,Alameda,19,2.22,3650,92.43,7.57,7.37,37.28,4.74,7.93,92.07,2.45,60.77,0.16,1.33,16.68,27.23,7.04,658,24.15,40.77
Census Tract 4384; Alameda County; California,2600,46.6,2600,264,232,0,1452,0,472,180,105987.0,42541.0,2600,85,733,733,618,115,733,100,14,2855.0,637000.0,1148,700,90,0,0,98,31555.0,1310,1249,61,2019,616,35,30,7,1385,2600,06,001,438400,06001438400,Alameda,114,15.55,2336,89.85,10.15,8.92,55.85,3.27,15.69,84.31,7.84,60.98,0.0,0.0,8.54,27.49,4.66,688,34.08,53.27
Census Tract 4401; Alameda County; California,2372,46.0,2372,790,219,30,871,57,93,312,111607.0,59470.0,2261,333,1141,1001,587,414,1001,56,65,2963.0,704900.0,898,483,42,0,0,203,,977,943,34,1886,487,317,65,73,836,2372,06,001,440100,06001440100,Alameda,121,12.09,1582,66.69,33.31,9.23,36.72,14.73,41.36,58.64,4.68,53.79,0.0,0.0,22.61,,3.48,942,49.95,35.24
Census Tract 4402; Alameda County; California,5623,37.6,5623,471,33,179,1533,12,2382,1013,112962.0,37091.0,5558,564,1533,1497,728,769,1497,20,45,2530.0,854400.0,2417,1822,0,0,24,104,69845.0,2604,2509,95,3806,484,115,60,9,2635,5623,06,001,440200,06001440200,Alameda,65,4.34,5152,91.62,8.38,0.59,27.26,10.15,51.37,48.63,0.0,75.38,0.0,0.99,4.3,28.9,3.65,668,17.55,46.86
Census Tract 4403.01; Alameda County; California,6757,42.2,6757,1832,303,102,2250,102,912,1256,112458.0,55354.0,6692,329,2165,2165,1652,513,2165,53,106,2120.0,1014200.0,3687,2375,125,27,0,382,91740.0,4021,3811,210,5059,1126,316,41,0,2062,6757,06,001,440301,06001440301,Alameda,159,7.34,4925,72.89,27.11,4.48,33.3,4.92,23.7,76.3,3.39,64.42,0.73,0.0,10.36,24.88,5.22,1483,29.31,30.52
Census Tract 4403.04; Alameda County; California,4488,45.6,4488,658,466,3,2966,5,118,272,119732.0,50320.0,4481,210,1437,1404,983,421,1404,0,11,2530.0,1059800.0,2202,1394,68,0,33,260,59425.0,2337,2258,79,3494,1106,341,31,21,2570,4488,06,001,440304,06001440304,Alameda,11,0.78,3830,85.34,14.66,10.38,66.09,4.69,29.99,70.01,3.09,63.31,0.0,1.5,11.81,26.99,3.38,1499,42.9,57.26
Census Tract 4403.05; Alameda County; California,3971,40.3,3971,632,188,0,2564,19,233,335,179231.0,61153.0,3971,163,1020,992,884,108,992,7,0,3501.0,1246600.0,1961,1283,6,0,0,400,,2119,1998,121,3041,1027,420,123,91,1885,3971,06,001,440305,06001440305,Alameda,7,0.71,3339,84.08,15.92,4.73,64.57,4.1,10.89,89.11,0.31,65.43,0.0,0.0,20.4,,5.71,1661,54.62,47.47
Census Tract 4403.06; Alameda County; California,3705,43.8,3705,233,260,16,2508,63,315,310,100417.0,49505.0,3705,181,1080,1080,710,370,1080,0,61,3075.0,838300.0,2018,1214,39,0,48,392,55095.0,2235,2108,120,2762,713,218,161,33,1790,3705,06,001,440306,06001440306,Alameda,61,5.65,3472,93.71,6.29,7.02,67.69,4.89,34.26,65.74,1.93,60.16,0.0,2.38,19.43,27.3,5.37,1125,40.73,48.31
Census Tract 4403.07; Alameda County; California,4441,45.6,4441,948,197,0,2600,0,369,327,127202.0,59166.0,4440,292,1556,1505,1094,411,1505,79,46,1436.0,825300.0,2157,1357,136,7,18,411,,2227,2171,56,3599,901,560,34,66,2418,4441,06,001,440307,06001440307,Alameda,125,8.31,3493,78.65,21.35,4.44,58.55,6.58,27.31,72.69,6.31,62.91,0.32,0.83,19.05,,2.51,1561,43.37,54.45
Census Tract 4403.08; Alameda County; California,6017,50.0,6017,1112,251,109,2990,0,805,750,98068.0,46530.0,5981,783,2059,1915,937,978,1915,39,362,2135.0,1159200.0,2751,1425,188,0,13,575,62475.0,3060,2886,174,4796,1301,437,9,75,2812,6017,06,001,440308,06001440308,Alameda,401,20.94,4905,81.52,18.48,4.17,49.69,13.09,51.07,48.93,6.83,51.8,0.0,0.47,20.9,22.71,5.69,1822,37.99,46.73
Census Tract 4403.31; Alameda County; California,3190,44.6,3190,345,134,26,2045,45,364,231,114126.0,60968.0,3185,229,1013,1013,639,374,1013,39,13,2911.0,974300.0,1815,1152,36,0,72,275,43685.0,1916,1837,79,2499,618,210,80,24,1640,3190,06,001,440331,06001440331,Alameda,52,5.13,2845,89.18,10.82,4.2,64.11,7.19,36.92,63.08,1.98,63.47,0.0,3.97,15.15,24.07,4.12,932,37.29,51.41
Census Tract 4403.32; Alameda County; California,3015,43.9,3015,289,80,0,2375,0,161,110,158050.0,65267.0,3015,243,889,879,829,50,879,12,0,3501.0,1695600.0,1455,786,48,0,0,550,30225.0,1541,1487,54,2180,645,586,121,66,1549,3015,06,001,440332,06001440332,Alameda,12,1.37,2726,90.41,9.59,2.65,78.77,8.06,5.69,94.31,3.3,54.02,0.0,0.0,37.8,20.77,3.5,1418,65.05,51.38
Census Tract 4403.33; Alameda County; California,2599,44.4,2599,177,23,25,2195,51,55,73,114760.0,57224.0,2578,209,895,888,718,170,888,5,10,3159.0,1074600.0,1301,876,7,1,0,242,30205.0,1439,1316,123,2105,652,214,57,37,1347,2599,06,001,440333,06001440333,Alameda,15,1.69,2422,93.19,6.81,0.88,84.46,8.11,19.14,80.86,0.54,67.33,0.08,0.0,18.6,23.22,8.55,960,45.61,51.83
Census Tract 4403.34; Alameda County; California,4026,45.6,4026,398,269,91,2602,21,198,447,166875.0,51180.0,4026,161,1036,1031,755,276,1031,11,3,2673.0,1117000.0,2118,1245,0,26,12,389,,2270,2186,84,3089,988,320,11,23,2357,4026,06,001,440334,06001440334,Alameda,14,1.36,3628,90.11,9.89,6.68,64.63,4.0,26.77,73.23,0.0,58.78,1.23,0.57,18.37,,3.7,1342,43.44,58.54
Census Tract 4403.36; Alameda County; California,4169,35.8,4169,822,189,32,2192,23,262,649,153699.0,60276.0,4167,206,1412,1321,562,759,1321,30,43,2780.0,1010000.0,2386,1261,249,0,8,448,,2554,2418,107,3162,754,343,77,118,1975,4169,06,001,440336,06001440336,Alameda,73,5.53,3347,80.28,19.72,4.53,52.58,4.94,57.46,42.54,10.44,52.85,0.0,0.34,18.78,,4.19,1292,40.86,47.37
Census Tract 4403.37; Alameda County; California,2679,46.2,2679,349,32,4,2035,0,49,210,250001.0,78031.0,2679,54,742,742,631,111,742,7,0,3501.0,1512900.0,1593,847,90,0,0,368,49000.0,1799,1617,182,2101,716,577,15,56,1695,2679,06,001,440337,06001440337,Alameda,7,0.94,2330,86.97,13.03,1.19,75.96,2.02,14.96,85.04,5.65,53.17,0.0,0.0,23.1,30.76,10.12,1364,64.92,63.27
Census Tract 4403.38; Alameda County; California,3917,31.9,3917,1105,42,0,2210,4,335,221,138204.0,67539.0,3917,682,1751,1679,442,1237,1679,15,27,2878.0,984000.0,2159,1170,136,0,11,523,58530.0,2485,2201,284,2611,836,848,58,181,1882,3917,06,001,440338,06001440338,Alameda,42,2.5,2812,71.79,28.21,1.07,56.42,17.41,73.67,26.33,6.3,54.19,0.0,0.51,24.22,27.11,11.43,1923,73.65,48.05
Census Tract 4411; Alameda County; California,4390,48.1,4390,2037,106,10,1457,0,427,353,169113.0,72600.0,4261,198,1812,1724,1390,334,1724,17,48,3183.0,1403800.0,2212,1462,46,0,7,641,50095.0,2448,2260,188,3440,836,707,195,112,1446,4390,06,001,441100,06001441100,Alameda,65,3.77,2353,53.6,46.4,2.41,33.19,4.65,19.37,80.63,2.08,66.09,0.0,0.32,28.98,22.65,7.68,1850,53.78,32.94
Census Tract 4412; Alameda County; California,7569,39.7,7569,2270,117,0,3652,11,452,1067,175000.0,72263.0,7569,232,2675,2558,1706,852,2558,0,0,2515.0,1373500.0,3933,2522,110,0,62,1126,92810.0,4182,4041,141,5592,1570,1122,209,270,2823,7569,06,001,441200,06001441200,Alameda,0,0.0,5299,70.01,29.99,1.55,48.25,3.07,33.31,66.69,2.8,64.12,0.0,1.58,28.63,23.6,3.37,3171,56.71,37.3
Census Tract 4413.01; Alameda County; California,3166,39.6,3166,876,145,32,1718,209,46,140,183449.0,100391.0,3166,174,1307,1231,669,562,1231,0,41,3127.0,1667300.0,1642,891,38,0,0,657,29300.0,1737,1695,42,2469,842,520,105,282,1386,3166,06,001,441301,06001441301,Alameda,41,3.33,2290,72.33,27.67,4.58,54.26,5.5,45.65,54.35,2.31,54.26,0.0,0.0,40.01,17.84,2.42,1749,70.84,43.78
Census Tract 4413.02; Alameda County; California,5747,42.6,5747,775,95,0,3625,77,689,486,203786.0,87958.0,5747,415,1946,1888,1381,507,1888,6,75,2786.0,1494500.0,2834,1427,236,0,18,1063,62770.0,3104,2914,190,4286,1581,870,90,155,2996,5747,06,001,441302,06001441302,Alameda,81,4.29,4972,86.51,13.49,1.65,63.08,7.22,26.85,73.15,8.33,50.35,0.0,0.64,37.51,22.15,6.12,2696,62.9,52.13
Census Tract 4414.01; Alameda County; California,7883,37.0,7883,1672,98,25,4934,78,478,598,192500.0,70302.0,7883,442,2490,2456,1470,986,2456,33,13,2979.0,1242300.0,3914,2397,134,0,62,1139,68815.0,4254,4032,222,5509,2028,951,10,267,3956,7883,06,001,441401,06001441401,Alameda,46,1.87,6211,78.79,21.21,1.24,62.59,5.61,40.15,59.85,3.42,61.24,0.0,1.58,29.1,17.58,5.22,3256,59.1,50.18
Census Tract 4414.02; Alameda County; California,5183,46.4,5183,817,293,0,3352,0,244,477,177472.0,81368.0,5183,278,1787,1749,1306,443,1749,54,27,3259.0,1554400.0,2454,1325,167,0,0,778,,2725,2534,176,3991,1231,905,50,297,2526,5183,06,001,441402,06001441402,Alameda,81,4.63,4366,84.24,15.76,5.65,64.67,5.36,25.33,74.67,6.81,53.99,0.0,0.0,31.7,,6.46,2483,62.21,48.74
Census Tract 4415.01; Alameda County; California,5389,46.4,5389,532,305,1,4332,16,76,127,230417.0,84606.0,5376,175,1725,1681,1445,236,1681,11,0,3288.0,1498200.0,2606,1583,120,0,27,717,66875.0,2891,2763,128,4098,1527,911,56,198,2899,5389,06,001,441501,06001441501,Alameda,11,0.65,4857,90.13,9.87,5.66,80.39,3.26,14.04,85.96,4.6,60.74,0.0,1.04,27.51,25.66,4.43,2692,65.69,53.79
Census Tract 4415.03; Alameda County; California,7604,38.3,7604,731,29,1,6350,0,79,414,250001.0,103701.0,7604,299,2623,2419,1934,485,2419,0,8,3501.0,1518500.0,3709,1763,258,0,31,1220,85110.0,4015,3764,239,5147,1835,1882,97,406,4307,7604,06,001,441503,06001441503,Alameda,8,0.33,6873,90.39,9.61,0.38,83.51,3.93,20.05,79.95,6.96,47.53,0.0,0.84,32.89,22.95,5.95,4220,81.99,56.64
Census Tract 4415.21; Alameda County; California,5937,42.2,5937,502,32,7,4210,47,289,850,199254.0,70825.0,5868,561,1884,1884,1525,359,1884,46,0,3501.0,1389300.0,2838,1462,171,0,0,822,70495.0,3022,2845,177,4449,1347,1098,53,288,3327,5937,06,001,441521,06001441521,Alameda,46,2.44,5435,91.54,8.46,0.54,70.91,9.56,19.06,80.94,6.03,51.52,0.0,0.0,28.96,24.84,5.86,2786,62.62,56.04
Census Tract 4415.22; Alameda County; California,5090,39.8,5090,826,29,4,3841,0,44,346,208160.0,73412.0,5090,134,1512,1471,1256,215,1471,0,32,3501.0,1225800.0,2413,1442,73,0,0,720,,2505,2489,16,3387,1262,626,78,55,2197,5090,06,001,441522,06001441522,Alameda,32,2.18,4264,83.77,16.23,0.57,75.46,2.63,14.62,85.38,3.03,59.76,0.0,0.0,29.84,,0.64,2021,59.67,43.16
Census Tract 4415.23; Alameda County; California,4003,35.3,4003,279,138,9,3217,0,144,216,184936.0,74594.0,4003,197,1411,1388,649,739,1388,5,7,3162.0,1071700.0,2045,859,59,0,71,761,34770.0,2163,2088,75,2768,829,1058,50,140,2321,4003,06,001,441523,06001441523,Alameda,12,0.86,3724,93.03,6.97,3.45,80.36,4.92,53.24,46.76,2.89,42.0,0.0,3.47,37.21,17.0,3.47,2077,75.04,57.98
Census Tract 4415.24; Alameda County; California,3941,39.5,3941,310,0,0,3540,0,0,91,250001.0,101169.0,3941,93,1340,1287,823,464,1287,28,27,3258.0,1461700.0,2089,936,129,0,0,841,,2188,2117,71,2660,1021,1050,117,86,2460,3941,06,001,441524,06001441524,Alameda,55,4.27,3631,92.13,7.87,0.0,89.82,2.36,36.05,63.95,6.18,44.81,0.0,0.0,40.26,,3.24,2274,85.49,62.42
Census Tract 4415.25; Alameda County; California,3328,33.3,3328,307,51,38,2443,21,344,124,230268.0,105297.0,3317,164,1655,1405,701,704,1405,16,58,3123.0,1228400.0,2078,973,134,62,12,605,42060.0,2172,2123,49,2576,548,1037,174,192,2075,3328,06,001,441525,06001441525,Alameda,74,5.27,3021,90.78,9.22,1.53,73.41,4.94,50.11,49.89,6.45,46.82,2.98,0.58,29.11,20.24,2.26,1951,75.74,62.35
Census Tract 4416.01; Alameda County; California,4709,42.0,4709,1322,49,1,2164,0,756,417,164167.0,62894.0,4697,227,1564,1534,1216,318,1534,41,0,3501.0,1217100.0,2405,1669,35,18,0,559,59855.0,2617,2495,122,3488,979,623,53,65,1952,4709,06,001,441601,06001441601,Alameda,41,2.67,3387,71.93,28.07,1.04,45.95,4.83,20.73,79.27,1.46,69.4,0.75,0.0,23.24,24.89,4.66,1720,49.31,41.45
Census Tract 4416.02; Alameda County; California,7252,36.3,7252,1591,536,73,3141,52,1015,844,137413.0,59605.0,7192,331,2473,2341,1321,1020,2341,7,141,2751.0,1230100.0,3626,2254,57,0,74,958,76115.0,3903,3760,143,4877,1519,745,55,204,2934,7252,06,001,441602,06001441602,Alameda,148,6.32,5661,78.06,21.94,7.39,43.31,4.6,43.57,56.43,1.57,62.16,0.0,2.04,26.42,20.99,3.66,2523,51.73,40.46
Census Tract 4417.01; Alameda County; California,3490,34.6,3490,620,26,0,2184,26,288,346,164306.0,60977.0,3490,293,1260,1225,664,561,1225,8,52,2037.0,1231500.0,1454,971,14,0,29,368,32860.0,1869,1455,395,2605,839,549,0,51,1745,3490,06,001,441701,06001441701,Alameda,60,4.9,2870,82.23,17.77,0.74,62.58,8.4,45.8,54.2,0.96,66.78,0.0,1.99,25.31,22.6,21.13,1439,55.24,50.0
Census Tract 4417.02; Alameda County; California,5046,39.4,5046,813,397,7,3129,0,183,517,113125.0,65714.0,5046,489,2274,2135,1010,1125,2135,59,190,2591.0,713800.0,2624,1588,129,0,22,716,56900.0,2800,2679,121,3876,1117,809,109,244,2712,5046,06,001,441702,06001441702,Alameda,249,11.66,4233,83.89,16.11,7.87,62.01,9.69,52.69,47.31,4.92,60.52,0.0,0.84,27.29,21.68,4.32,2279,58.8,53.75
Census Tract 4418; Alameda County; California,6556,38.3,6556,2106,320,0,3202,0,366,562,184019.0,78011.0,6556,194,2432,2335,1369,966,2335,15,131,3160.0,1211300.0,3389,1792,100,0,138,1156,,3704,3543,161,4485,1773,709,98,127,2913,6556,06,001,441800,06001441800,Alameda,146,6.25,4450,67.88,32.12,4.88,48.84,2.96,41.37,58.63,2.95,52.88,0.0,4.07,34.11,,4.35,2707,60.36,44.43
Census Tract 4419.21; Alameda County; California,3814,33.4,3814,653,35,29,1909,0,993,195,159012.0,72037.0,3814,83,1426,1365,390,975,1365,0,0,3312.0,1212500.0,2135,1158,82,0,0,758,,2417,2214,203,2724,624,669,26,125,1902,3814,06,001,441921,06001441921,Alameda,0,0.0,3161,82.88,17.12,0.92,50.05,2.18,71.43,28.57,3.84,54.24,0.0,0.0,35.5,,8.4,1444,53.01,49.87
Census Tract 4419.23; Alameda County; California,5915,35.1,5915,1167,126,0,3736,0,533,353,130725.0,65321.0,5707,386,2697,2472,169,2303,2472,15,375,2763.0,1032800.0,2942,1393,120,0,92,942,68805.0,3289,3147,132,4380,1470,1044,38,193,3752,5915,06,001,441923,06001441923,Alameda,390,15.78,4748,80.27,19.73,2.13,63.16,6.76,93.16,6.84,4.08,47.35,0.0,3.13,32.02,23.39,4.01,2745,62.67,63.43
Census Tract 4419.24; Alameda County; California,7588,34.7,7588,1324,47,31,4994,35,382,775,190826.0,72678.0,7588,736,2983,2756,1450,1306,2756,24,69,3352.0,1075700.0,4228,2348,144,36,0,1140,,4596,4393,203,5598,2060,1449,188,201,3899,7588,06,001,441924,06001441924,Alameda,93,3.37,6264,82.55,17.45,0.62,65.81,9.7,47.39,52.61,3.41,55.53,0.85,0.0,26.96,,4.42,3898,69.63,51.38
Census Tract 4419.26; Alameda County; California,4190,34.9,4190,678,106,60,2586,38,540,182,118083.0,55942.0,4190,324,1703,1657,448,1209,1657,10,124,2534.0,931700.0,2168,1266,60,53,32,557,43510.0,2430,2385,45,2991,1123,517,65,36,2529,4190,06,001,441926,06001441926,Alameda,134,8.09,3512,83.82,16.18,2.53,61.72,7.73,72.96,27.04,2.77,58.39,2.44,1.48,25.69,20.07,1.85,1741,58.21,60.36
Census Tract 4419.27; Alameda County; California,4369,34.2,4369,769,247,76,2698,21,241,317,149056.0,60401.0,4302,294,1757,1594,352,1242,1594,0,216,2769.0,1018400.0,2348,1151,93,18,37,538,47280.0,2614,2522,92,3250,1287,552,38,26,2460,4369,06,001,441927,06001441927,Alameda,216,13.55,3600,82.4,17.6,5.65,61.75,6.83,77.92,22.08,3.96,49.02,0.77,1.58,22.91,20.14,3.52,1903,58.55,56.31
Census Tract 4419.28; Alameda County; California,4003,36.2,4003,537,232,0,2549,0,304,381,167083.0,78013.0,3970,179,1600,1500,544,956,1500,29,46,2774.0,949700.0,2418,855,171,0,16,1230,,2569,2510,59,3040,945,956,56,192,2193,4003,06,001,441928,06001441928,Alameda,75,5.0,3466,86.59,13.41,5.8,63.68,4.51,63.73,36.27,7.07,35.36,0.0,0.66,50.87,,2.3,2149,70.69,54.78
Census Tract 4419.29; Alameda County; California,3287,34.2,3287,704,67,32,1924,0,308,252,121434.0,75708.0,3282,92,1869,1678,455,1223,1678,44,242,3022.0,616900.0,2041,774,215,23,69,844,,2200,2113,87,2765,745,996,60,78,1980,3287,06,001,441929,06001441929,Alameda,286,17.04,2583,78.58,21.42,2.04,58.53,2.8,72.88,27.12,10.53,37.92,1.13,3.38,41.35,,3.95,1879,67.96,60.24
Census Tract 4420; Alameda County; California,2967,49.4,2967,398,8,0,2159,0,298,104,227011.0,105293.0,2921,138,1077,1042,924,118,1042,0,0,,2000001.0,1437,709,62,8,0,483,31450.0,1560,1491,69,2216,829,745,77,178,1588,2967,06,001,442000,06001442000,Alameda,0,0.0,2569,86.59,13.41,0.27,72.77,4.72,11.32,88.68,4.31,49.34,0.56,0.0,33.61,21.89,4.42,1829,82.54,53.52
Census Tract 4421; Alameda County; California,5064,44.8,5064,397,57,0,4367,0,98,145,243370.0,99820.0,5052,10,1706,1676,1343,333,1676,10,0,3501.0,1837600.0,2438,1183,77,6,0,975,49725.0,2561,2493,68,3528,981,1424,70,348,3100,5064,06,001,442100,06001442100,Alameda,10,0.6,4667,92.16,7.84,1.13,86.24,0.2,19.87,80.13,3.16,48.52,0.25,0.0,39.99,20.4,2.66,2823,80.02,61.22
Census Tract 4422; Alameda County; California,7355,40.8,7355,823,175,45,5851,0,70,391,250001.0,94605.0,7352,198,2362,2269,1722,547,2269,32,37,3501.0,2000001.0,3683,1581,76,12,0,1656,60365.0,3946,3750,184,5100,1930,1591,130,501,4032,7355,06,001,442200,06001442200,Alameda,69,3.04,6532,88.81,11.19,2.38,79.55,2.69,24.11,75.89,2.06,42.93,0.33,0.0,44.96,16.39,4.66,4152,81.41,54.82
Census Tract 4423.01; Alameda County; California,4940,40.2,4940,1236,35,0,2913,62,334,360,146623.0,59441.0,4940,203,1660,1588,689,899,1588,16,52,3076.0,1307600.0,2458,1575,45,16,5,553,57645.0,2614,2523,91,3350,932,746,32,113,2315,4940,06,001,442301,06001442301,Alameda,68,4.28,3704,74.98,25.02,0.71,58.97,4.11,56.61,43.39,1.83,64.08,0.65,0.2,22.5,23.45,3.48,1823,54.42,46.86
Census Tract 4423.02; Alameda County; California,6375,36.3,6375,637,241,47,3708,20,1284,438,119745.0,60871.0,6375,357,2451,2258,675,1583,2258,0,228,2165.0,1160400.0,2965,1682,95,0,68,943,50440.0,3190,3118,48,4052,1100,775,60,104,3061,6375,06,001,442302,06001442302,Alameda,228,10.1,5738,90.01,9.99,3.78,58.16,5.6,70.11,29.89,3.2,56.73,0.0,2.29,31.8,17.01,1.5,2039,50.32,48.02
Census Tract 4424; Alameda County; California,6227,38.9,6227,1383,370,13,3077,173,914,297,125179.0,54307.0,6224,630,2055,2025,1301,724,2025,35,26,3351.0,1154100.0,2930,1727,37,0,142,647,,3265,3117,148,4509,1254,675,58,43,3227,6227,06,001,442400,06001442400,Alameda,61,3.01,4844,77.79,22.21,5.94,49.41,10.12,35.75,64.25,1.26,58.94,0.0,4.85,22.08,,4.53,2030,45.02,51.82
Census Tract 4425.01; Alameda County; California,3204,43.7,3204,470,99,20,1777,0,624,214,126875.0,51615.0,3063,112,1077,1077,546,531,1077,25,40,3071.0,1203000.0,1392,717,13,6,13,423,26575.0,1633,1562,71,2465,599,376,14,102,1845,3204,06,001,442501,06001442501,Alameda,65,6.04,2734,85.33,14.67,3.09,55.46,3.66,49.3,50.7,0.93,51.51,0.43,0.93,30.39,19.09,4.35,1091,44.26,57.58
Census Tract 4425.02; Alameda County; California,3892,34.0,3892,499,125,47,2130,49,737,305,140069.0,53382.0,3793,335,1099,1043,614,429,1043,0,0,2875.0,1054400.0,2256,1154,79,16,35,678,,2323,2283,40,2899,778,658,58,31,2298,3892,06,001,442502,06001442502,Alameda,0,0.0,3393,87.18,12.82,3.21,54.73,8.83,41.13,58.87,3.5,51.15,0.71,1.55,30.05,,1.72,1525,52.6,59.04
Census Tract 4426.01; Alameda County; California,3773,37.4,3773,645,167,7,1898,7,737,312,137051.0,76600.0,3768,71,1278,1262,864,398,1262,51,45,2574.0,1541800.0,1702,891,125,0,0,415,37120.0,1921,1899,22,2619,799,413,66,24,1614,3773,06,001,442601,06001442601,Alameda,96,7.61,3128,82.9,17.1,4.43,50.3,1.88,31.54,68.46,7.34,52.35,0.0,0.0,24.38,21.81,1.15,1302,49.71,42.78
Census Tract 4426.02; Alameda County; California,4850,40.7,4850,1170,507,11,1789,14,813,546,146908.0,72895.0,4850,654,1810,1705,920,785,1705,10,131,2472.0,1558800.0,2240,1236,31,8,66,676,,2455,2367,88,3582,1202,514,60,176,1924,4850,06,001,442602,06001442602,Alameda,141,8.27,3680,75.88,24.12,10.45,36.89,13.48,46.04,53.96,1.38,55.18,0.36,2.95,30.18,,3.58,1952,54.49,39.67
Census Tract 4427; Alameda County; California,3068,38.6,3068,945,82,0,1464,27,86,464,209625.0,84305.0,3057,90,1071,1071,831,240,1071,9,36,3222.0,1520500.0,1499,876,7,0,0,358,32700.0,1569,1537,32,2165,699,559,89,101,1387,3068,06,001,442700,06001442700,Alameda,45,4.2,2123,69.2,30.8,2.67,47.72,2.94,22.41,77.59,0.47,58.44,0.0,0.0,23.88,21.81,2.04,1448,66.88,45.21
Census Tract 4428; Alameda County; California,3041,40.9,3041,846,32,12,1716,0,129,306,179844.0,66720.0,3031,101,953,953,750,203,953,8,5,3250.0,1114100.0,1457,815,32,0,8,380,,1649,1522,127,2275,775,342,40,49,1465,3041,06,001,442800,06001442800,Alameda,13,1.36,2195,72.18,27.82,1.05,56.43,3.33,21.3,78.7,2.2,55.94,0.0,0.55,26.08,,7.7,1206,53.01,48.17
Census Tract 4429; Alameda County; California,7783,38.3,7783,924,404,40,4843,13,760,799,172308.0,67357.0,7778,229,2526,2526,1302,1224,2526,34,9,2946.0,1289900.0,4067,2068,342,28,35,1302,89190.0,4512,4188,324,5560,2073,1224,93,77,3754,7783,06,001,442900,06001442900,Alameda,43,1.7,6859,88.13,11.87,5.19,62.23,2.94,48.46,51.54,8.41,50.85,0.69,0.86,32.01,21.93,7.18,3467,62.36,48.23
Census Tract 4430.01; Alameda County; California,2802,41.3,2802,460,101,0,1522,9,416,294,158095.0,61729.0,2786,125,910,860,746,114,860,29,6,3501.0,1250000.0,1426,867,29,10,47,368,29415.0,1519,1449,70,1870,535,312,19,49,1106,2802,06,001,443001,06001443001,Alameda,35,4.07,2342,83.58,16.42,3.6,54.32,4.49,13.26,86.74,2.03,60.8,0.7,3.3,25.81,20.63,4.61,915,48.93,39.47
Census Tract 4430.02; Alameda County; California,6487,42.0,6487,941,0,0,4009,0,927,610,135313.0,59516.0,6487,481,2017,1982,1444,538,1982,6,44,3180.0,1181900.0,3098,2058,121,0,0,728,58855.0,3490,3257,233,4556,1262,558,74,92,2972,6487,06,001,443002,06001443002,Alameda,50,2.52,5546,85.49,14.51,0.0,61.8,7.41,27.14,72.86,3.91,66.43,0.0,0.0,23.5,19.0,6.68,1986,43.59,45.81
Census Tract 4431.02; Alameda County; California,4593,47.3,4593,425,3,0,3889,0,63,213,249375.0,96112.0,4593,193,1636,1580,1355,225,1580,25,0,3501.0,1952700.0,2079,1094,45,0,38,745,40215.0,2265,2151,114,3370,1116,1477,59,172,2721,4593,06,001,443102,06001443102,Alameda,25,1.58,4168,90.75,9.25,0.07,84.67,4.2,14.24,85.76,2.16,52.62,0.0,1.83,35.83,19.34,5.03,2824,83.8,59.24
Census Tract 4431.03; Alameda County; California,4002,51.3,4002,584,128,0,3151,0,0,139,250001.0,125021.0,4002,168,1271,1249,1174,75,1249,42,0,3501.0,2000001.0,2142,1012,38,0,16,941,,2327,2186,141,3100,1295,976,218,195,2247,4002,06,001,443103,06001443103,Alameda,42,3.36,3418,85.41,14.59,3.2,78.74,4.2,6.0,94.0,1.77,47.25,0.0,0.75,43.93,,6.06,2684,86.58,56.15
Census Tract 4431.04; Alameda County; California,5360,42.4,5360,738,349,0,4032,31,108,102,210369.0,81001.0,5174,250,1845,1760,1113,647,1760,35,59,3044.0,1907300.0,2366,1197,119,0,24,854,47875.0,2595,2512,83,3588,1276,1204,62,419,2957,5360,06,001,443104,06001443104,Alameda,94,5.34,4622,86.23,13.77,6.51,75.22,4.83,36.76,63.24,5.03,50.59,0.0,1.01,36.09,20.23,3.2,2961,82.53,55.17
Census Tract 4431.05; Alameda County; California,4499,46.4,4499,274,24,0,4053,0,74,74,248185.0,98705.0,4468,113,1485,1453,1256,197,1453,26,9,3501.0,2000001.0,2166,1084,107,0,9,889,38085.0,2383,2233,150,3510,916,1400,99,277,2892,4499,06,001,443105,06001443105,Alameda,35,2.41,4225,93.91,6.09,0.53,90.09,2.53,13.56,86.44,4.94,50.05,0.0,0.42,41.04,17.58,6.29,2692,76.7,64.28
Census Tract 4432; Alameda County; California,3403,51.0,3403,348,132,12,2809,0,20,82,250001.0,133892.0,3403,46,1226,1162,1141,21,1162,0,8,,2000001.0,1579,652,0,0,9,840,,1665,1596,69,2594,762,1033,165,192,1782,3403,06,001,443200,06001443200,Alameda,8,0.69,3055,89.77,10.23,3.88,82.54,1.35,1.81,98.19,0.0,41.29,0.0,0.57,53.2,,4.14,2152,82.96,52.37
Census Tract 4433.01; Alameda County; California,4053,43.5,4053,648,53,2,2931,0,283,136,250001.0,95166.0,4053,113,1288,1288,1166,122,1288,44,19,3501.0,1757400.0,1931,1066,15,10,32,640,36660.0,2136,2067,69,2836,967,879,72,143,1862,4053,06,001,443301,06001443301,Alameda,63,4.89,3405,84.01,15.99,1.31,72.32,2.79,9.47,90.53,0.78,55.2,0.52,1.66,33.14,18.98,3.23,2061,72.67,45.94
Census Tract 4433.21; Alameda County; California,3241,37.7,3241,132,0,31,2777,22,250,29,145313.0,70702.0,3241,254,1267,1194,617,577,1194,7,12,2525.0,810500.0,1503,767,37,43,0,522,27115.0,1629,1544,85,2299,1052,638,35,40,2113,3241,06,001,443321,06001443321,Alameda,19,1.59,3109,95.93,4.07,0.0,85.68,7.84,48.32,51.68,2.46,51.03,2.86,0.0,34.73,18.04,5.22,1765,76.77,65.2
Census Tract 4433.22; Alameda County; California,3256,42.9,3256,571,51,0,2196,46,198,194,207083.0,77895.0,3256,89,1029,979,793,186,979,59,0,3295.0,1667600.0,1496,826,33,0,11,502,23020.0,1715,1548,167,2321,932,522,18,116,1599,3256,06,001,443322,06001443322,Alameda,59,6.03,2685,82.46,17.54,1.57,67.44,2.73,19.0,81.0,2.21,55.21,0.0,0.74,33.56,15.39,9.74,1588,68.42,49.11
Census Tract 4441; Alameda County; California,6846,46.4,6846,2375,563,0,2406,138,280,1084,167523.0,86154.0,6846,431,2751,2548,1996,552,2548,20,150,1308.0,1323600.0,3625,2285,195,22,0,721,87990.0,3757,3700,57,5412,1306,940,171,116,2036,6846,06,001,444100,06001444100,Alameda,170,6.67,4471,65.31,34.69,8.22,35.14,6.3,21.66,78.34,5.38,63.03,0.61,0.0,19.89,24.27,1.52,2533,46.8,29.74
Census Tract 4442; Alameda County; California,6185,44.3,6185,1060,146,10,2260,212,1400,1097,133646.0,54659.0,6185,355,2013,1982,1374,608,1982,4,7,2786.0,1066600.0,3590,2371,127,10,57,472,93485.0,3858,3713,145,4793,912,493,47,64,2657,6185,06,001,444200,06001444200,Alameda,11,0.55,5125,82.86,17.14,2.36,36.54,5.74,30.68,69.32,3.54,66.04,0.28,1.59,13.15,26.04,3.76,1516,31.63,42.96
Census Tract 4443.01; Alameda County; California,3659,42.3,3659,1034,40,129,1553,55,265,583,201815.0,81910.0,3659,129,1179,1161,939,222,1161,60,27,2759.0,1184100.0,1823,1083,91,48,18,427,48905.0,1996,1870,126,2746,681,672,56,134,1466,3659,06,001,444301,06001444301,Alameda,87,7.49,2625,71.74,28.26,1.09,42.44,3.53,19.12,80.88,4.99,59.41,2.63,0.99,23.42,26.83,6.31,1543,56.19,40.07
Census Tract 4443.03; Alameda County; California,0,,0,0,0,0,0,0,0,0,,,0,0,0,0,0,0,0,0,0,,,0,0,0,0,0,0,,0,0,0,0,0,0,0,0,0,0,06,001,444303,06001444303,Alameda,0,,0,,,,,,,,,,,,,,,0,,
Census Tract 4443.04; Alameda County; California,7508,34.5,7508,672,198,0,4527,244,887,980,248029.0,89718.0,7504,150,2643,2463,1652,811,2463,34,0,3086.0,1295600.0,4634,2077,354,131,0,1407,116215.0,4913,4679,234,5758,1241,1967,45,213,3959,7508,06,001,444304,06001444304,Alameda,34,1.38,6836,91.05,8.95,2.64,60.3,2.0,32.93,67.07,7.64,44.82,2.83,0.0,30.36,25.08,4.76,3466,60.19,52.73
Census Tract 4444; Alameda County; California,4767,36.7,4767,1191,57,31,1368,0,1494,626,102853.0,45695.0,4641,295,1483,1415,672,743,1415,19,114,2664.0,865100.0,2523,1698,53,29,19,448,54740.0,2813,2639,174,3403,572,274,57,70,2546,4767,06,001,444400,06001444400,Alameda,133,9.4,3576,75.02,24.98,1.2,28.7,6.36,52.51,47.49,2.1,67.3,1.15,0.75,17.76,21.7,6.19,973,28.59,53.41
Census Tract 4445; Alameda County; California,6644,33.6,6644,1250,286,191,2183,4,1390,1340,163114.0,54947.0,6644,325,2063,1961,928,1033,1961,22,0,2681.0,1046400.0,3417,2420,93,0,39,596,82355.0,3898,3667,231,4338,1136,555,41,107,2351,6644,06,001,444500,06001444500,Alameda,22,1.12,5394,81.19,18.81,4.3,32.86,4.89,52.68,47.32,2.72,70.82,0.0,1.14,17.44,24.1,5.93,1839,42.39,35.39
Census Tract 4446.01; Alameda County; California,6187,36.6,6187,1096,63,0,3855,49,207,917,224722.0,76437.0,6115,187,1839,1772,1462,310,1772,23,0,3501.0,1165000.0,3490,1959,90,0,34,1024,69980.0,3820,3678,142,4824,1223,1083,66,99,2813,6187,06,001,444601,06001444601,Alameda,23,1.3,5091,82.29,17.71,1.02,62.31,3.06,17.49,82.51,2.58,56.13,0.0,0.97,29.34,20.05,3.72,2471,51.22,45.47
Census Tract 4446.02; Alameda County; California,5107,38.8,5107,717,187,20,3773,0,109,301,202619.0,91828.0,5107,144,2044,1950,1561,389,1950,77,31,2859.0,977800.0,2947,1685,82,7,36,897,59225.0,3156,3045,111,4077,1463,930,133,121,2597,5107,06,001,444602,06001444602,Alameda,108,5.54,4390,85.96,14.04,3.66,73.88,2.82,19.95,80.05,2.78,57.18,0.24,1.22,30.44,20.1,3.52,2647,64.93,50.85
Census Tract 4501.01; Alameda County; California,6588,33.0,6588,1260,591,94,3582,0,274,787,146000.0,70803.0,6588,414,2783,2648,800,1848,2648,0,122,3219.0,1116300.0,3717,1693,273,14,108,1317,,3986,3783,203,4754,2065,1108,71,141,2652,6588,06,001,450101,06001450101,Alameda,122,4.61,5328,80.87,19.13,8.97,54.37,6.28,69.79,30.21,7.34,45.55,0.38,2.91,35.43,,5.09,3385,71.2,40.26
Census Tract 4501.02; Alameda County; California,8425,34.7,8425,2301,545,84,4011,20,293,1171,239250.0,67273.0,6108,480,2220,2086,1394,692,2086,13,10,3501.0,1288100.0,3969,1644,316,0,466,1095,90670.0,4329,3295,147,5609,1708,1426,68,212,3223,8425,06,001,450102,06001450102,Alameda,23,1.1,6124,72.69,27.31,6.47,47.61,7.86,33.17,66.83,7.96,41.42,0.0,11.74,27.59,22.84,3.4,3414,60.87,38.26
Census Tract 4502; Alameda County; California,5916,36.1,5916,2520,471,0,2113,23,69,720,132208.0,71937.0,5916,510,2755,2716,1003,1713,2716,0,82,2868.0,931500.0,3560,2409,159,12,0,863,,3679,3560,119,4418,1853,772,174,62,2192,5916,06,001,450200,06001450200,Alameda,82,3.02,3396,57.4,42.6,7.96,35.72,8.62,63.07,36.93,4.47,67.67,0.34,0.0,24.24,,3.23,2861,64.76,37.05
Census Tract 4503; Alameda County; California,4988,37.8,4988,2343,236,143,1465,14,381,406,155423.0,70450.0,4886,124,1979,1827,1079,748,1827,10,44,3434.0,1090900.0,2579,1445,152,39,0,648,62485.0,2779,2661,118,3606,1318,537,72,127,1425,4988,06,001,450300,06001450300,Alameda,54,2.96,2645,53.03,46.97,4.73,29.37,2.54,40.94,59.06,5.89,56.03,1.51,0.0,25.13,24.23,4.25,2054,56.96,28.57
Census Tract 4504; Alameda County; California,7551,38.8,7551,2564,201,59,3003,18,398,1308,201458.0,75584.0,7546,446,2854,2659,1773,886,2659,39,11,2882.0,1145300.0,3867,2019,174,0,73,1067,90440.0,4289,4099,190,5447,1906,896,126,57,2349,7551,06,001,450400,06001450400,Alameda,50,1.88,4987,66.04,33.96,2.66,39.77,5.91,33.32,66.68,4.5,52.21,0.0,1.89,27.59,23.39,4.43,2985,54.8,31.11
Census Tract 4505.01; Alameda County; California,3174,42.6,3174,1681,0,74,1011,0,109,299,175000.0,76263.0,3174,145,1263,1242,1010,232,1242,0,12,2929.0,1092400.0,1543,790,106,0,26,479,,1614,1557,57,2200,882,404,109,137,724,3174,06,001,450501,06001450501,Alameda,12,0.97,1493,47.04,52.96,0.0,31.85,4.57,18.68,81.32,6.87,51.2,0.0,1.69,31.04,,3.53,1532,69.64,22.81
Census Tract 4505.02; Alameda County; California,5864,44.3,5864,2093,194,0,2646,0,274,657,222156.0,94948.0,5864,402,2024,1953,1771,182,1953,43,0,3501.0,1475300.0,3033,1970,58,0,36,783,68495.0,3178,3112,66,4300,1526,998,163,205,1995,5864,06,001,450502,06001450502,Alameda,43,2.2,3771,64.31,35.69,3.31,45.12,6.86,9.32,90.68,1.91,64.95,0.0,1.19,25.82,22.58,2.08,2892,67.26,34.02
Census Tract 4506.01; Alameda County; California,3555,51.4,3555,1842,14,0,1376,3,9,311,231696.0,118360.0,3551,41,1414,1349,1219,130,1349,23,8,3501.0,2000001.0,1711,1020,41,0,0,522,45040.0,1856,1777,79,2711,978,688,135,108,1104,3555,06,001,450601,06001450601,Alameda,31,2.3,1713,48.19,51.81,0.39,38.71,1.15,9.64,90.36,2.4,59.61,0.0,0.0,30.51,26.32,4.26,1909,70.42,31.05
Census Tract 4506.03; Alameda County; California,4651,40.5,4651,1727,67,7,1973,50,230,597,225385.0,76179.0,4649,185,1524,1466,1290,176,1466,0,0,3501.0,1325500.0,2315,1238,83,71,0,717,,2454,2430,24,3072,1234,540,98,151,1399,4651,06,001,450603,06001450603,Alameda,0,0.0,2924,62.87,37.13,1.44,42.42,3.98,12.01,87.99,3.59,53.48,3.07,0.0,30.97,,0.98,2023,65.85,30.08
Census Tract 4506.04; Alameda County; California,4843,45.5,4843,2645,39,0,1273,0,190,696,167460.0,81014.0,4843,148,1747,1674,1121,553,1674,0,43,2877.0,1654100.0,2316,1423,73,78,15,533,56575.0,2404,2348,56,3501,1193,531,112,132,1178,4843,06,001,450604,06001450604,Alameda,43,2.57,2198,45.39,54.61,0.81,26.29,3.06,33.03,66.97,3.15,61.44,3.37,0.65,23.01,24.43,2.33,1968,56.21,24.32
Census Tract 4506.05; Alameda County; California,3895,45.3,3895,1931,4,0,1566,73,30,291,198500.0,85183.0,3895,37,1367,1326,1017,309,1326,6,12,2986.0,1490900.0,1803,1131,43,18,14,424,,1953,1822,131,2673,860,938,62,99,1331,3895,06,001,450605,06001450605,Alameda,18,1.36,1964,50.42,49.58,0.1,40.21,0.95,23.3,76.7,2.38,62.73,1.0,0.78,23.52,,6.71,1959,73.29,34.17
Census Tract 4506.06; Alameda County; California,5787,44.9,5787,2471,0,0,2853,0,30,433,238723.0,90422.0,5751,193,2068,2045,1768,277,2045,95,39,3501.0,1692200.0,2743,1519,309,0,33,792,,2914,2824,73,4177,1564,1402,158,216,2302,5787,06,001,450606,06001450606,Alameda,134,6.55,3316,57.3,42.7,0.0,49.3,3.36,13.55,86.45,11.27,55.38,0.0,1.2,28.87,,2.51,3340,79.96,39.78
Census Tract 4506.07; Alameda County; California,5385,40.3,5385,1636,138,0,2187,20,369,1035,103682.0,75916.0,5385,357,2487,2257,828,1429,2257,0,204,2139.0,1601100.0,3076,1679,142,45,129,794,54285.0,3232,3140,92,4145,1196,647,173,124,2035,5385,06,001,450607,06001450607,Alameda,204,9.04,3749,69.62,30.38,2.56,40.61,6.63,63.31,36.69,4.62,54.58,1.46,4.19,25.81,17.65,2.85,2140,51.63,37.79
Census Tract 4506.08; Alameda County; California,3985,46.4,3985,1005,25,20,2294,0,87,554,219329.0,103225.0,3985,302,1378,1378,1106,272,1378,19,14,2657.0,1760000.0,1744,1037,115,0,9,430,46075.0,2004,1899,105,2822,1112,759,184,57,1488,3985,06,001,450608,06001450608,Alameda,33,2.39,2980,74.78,25.22,0.63,57.57,7.58,19.74,80.26,6.59,59.46,0.0,0.52,24.66,26.42,5.24,2112,74.84,37.34
Census Tract 4506.09; Alameda County; California,4827,41.0,4827,2149,154,24,1728,0,103,669,168972.0,81400.0,4822,212,1853,1853,1237,616,1853,49,12,3293.0,1321300.0,2595,1283,356,0,86,739,,2729,2610,119,3807,1630,875,105,140,1575,4827,06,001,450609,06001450609,Alameda,61,3.29,2678,55.48,44.52,3.19,35.8,4.4,33.24,66.76,13.72,49.44,0.0,3.31,28.48,,4.36,2750,72.24,32.63
Census Tract 4507.01; Alameda County; California,8654,46.1,8654,3523,103,2,3865,83,97,981,250001.0,121927.0,8578,244,2730,2670,2283,387,2670,14,28,3501.0,2000001.0,3920,1989,233,0,21,1227,104205.0,4210,3974,236,6047,2353,1420,343,532,2826,8654,06,001,450701,06001450701,Alameda,42,1.57,5131,59.29,40.71,1.19,44.66,2.84,14.49,85.51,5.94,50.74,0.0,0.54,31.3,26.58,5.61,4648,76.86,32.66
Census Tract 4507.41; Alameda County; California,5212,44.0,5212,2228,16,10,1471,6,229,1252,203321.0,91995.0,5080,763,1988,1857,1117,740,1857,42,146,1766.0,1636300.0,2474,1182,59,0,52,895,49115.0,2610,2463,129,3603,1091,840,153,229,1228,5212,06,001,450741,06001450741,Alameda,188,10.12,2984,57.25,42.75,0.31,28.22,15.02,39.85,60.15,2.38,47.78,0.0,2.1,36.18,19.85,4.94,2313,64.2,23.56
Census Tract 4507.42; Alameda County; California,5241,44.5,5241,2577,40,0,1956,0,165,503,153900.0,75416.0,5241,71,2343,2164,1505,659,2164,31,17,3449.0,1093900.0,2483,1364,76,28,19,711,,2689,2607,70,3817,1427,791,88,182,1772,5241,06,001,450742,06001450742,Alameda,48,2.22,2664,50.83,49.17,0.76,37.32,1.35,30.45,69.55,3.06,54.93,1.13,0.77,28.63,,2.6,2488,65.18,33.81
Census Tract 4507.43; Alameda County; California,7616,37.4,7616,1630,518,137,4211,0,463,657,169415.0,74068.0,7616,475,3236,3059,803,2256,3059,82,73,3170.0,1056900.0,4446,2285,324,66,84,1089,129630.0,4757,4462,295,5602,2139,1351,212,205,3813,7616,06,001,450743,06001450743,Alameda,155,5.07,5986,78.6,21.4,6.8,55.29,6.24,73.75,26.25,7.29,51.39,1.48,1.89,24.49,29.16,6.2,3907,69.74,50.07
Census Tract 4507.44; Alameda County; California,5798,47.0,5798,2242,9,0,2394,115,514,524,216992.0,89475.0,5771,548,2168,2071,1439,632,2071,43,65,3501.0,1429900.0,2465,1185,155,0,111,987,,2696,2481,215,4205,1603,1072,171,251,1993,5798,06,001,450744,06001450744,Alameda,108,5.21,3556,61.33,38.67,0.16,41.29,9.5,30.52,69.48,6.29,48.07,0.0,4.5,40.04,,7.97,3097,73.65,34.37
Census Tract 4507.45; Alameda County; California,6257,43.8,6257,1557,200,147,4113,0,0,240,198147.0,75256.0,6224,464,2240,2240,1605,635,2240,0,28,3327.0,1355700.0,2887,1623,150,0,12,954,,3239,2929,310,4428,1481,1392,142,273,3307,6257,06,001,450745,06001450745,Alameda,28,1.25,4700,75.12,24.88,3.2,65.73,7.46,28.35,71.65,5.2,56.22,0.0,0.42,33.04,,9.57,3288,74.25,52.85
Census Tract 4507.46; Alameda County; California,3359,41.9,3359,1770,46,0,914,0,278,351,212607.0,89641.0,3359,101,1178,1137,940,197,1137,29,5,3501.0,1341800.0,1632,1145,13,0,51,395,31695.0,1720,1638,82,2060,748,416,112,114,996,3359,06,001,450746,06001450746,Alameda,34,2.99,1589,47.31,52.69,1.37,27.21,3.01,17.33,82.67,0.8,70.16,0.0,3.12,24.2,19.42,4.77,1390,67.48,29.65
Census Tract 4507.50; Alameda County; California,6794,37.6,6794,1269,241,1,4356,45,359,523,167063.0,79589.0,6794,470,2719,2698,1431,1267,2698,31,120,3055.0,984200.0,3561,1895,272,0,0,1228,,3732,3561,171,4858,1940,1278,51,158,3472,6794,06,001,450750,06001450750,Alameda,151,5.6,5525,81.32,18.68,3.55,64.12,6.92,46.96,53.04,7.64,53.22,0.0,0.0,34.48,,4.58,3427,70.54,51.1
Census Tract 4507.51; Alameda County; California,12378,38.0,12378,1401,146,24,9645,121,31,1010,250001.0,104266.0,12378,34,3849,3646,3152,494,3646,22,0,3501.0,1653300.0,6193,2399,215,0,10,3110,131180.0,6432,6231,169,7841,2997,2975,268,324,6376,12378,06,001,450751,06001450751,Alameda,22,0.6,10977,88.68,11.32,1.18,77.92,0.27,13.55,86.45,3.47,38.74,0.0,0.16,50.22,21.18,2.63,6564,83.71,51.51
Census Tract 4507.52; Alameda County; California,9709,38.1,9709,1176,248,82,7406,0,103,694,250001.0,99909.0,9709,174,2972,2917,2576,341,2917,28,0,3433.0,1719100.0,4947,2024,244,33,47,2229,112405.0,5221,5013,208,6317,2490,2221,341,257,4630,9709,06,001,450752,06001450752,Alameda,28,0.96,8533,87.89,12.11,2.55,76.28,1.79,11.69,88.31,4.93,40.91,0.67,0.95,45.06,22.72,3.98,5309,84.04,47.69
Census Tract 4511.02; Alameda County; California,3950,47.8,3950,2697,17,0,899,9,44,284,250001.0,112288.0,3950,98,1293,1271,1227,44,1271,50,0,3501.0,1760400.0,1804,1041,40,0,0,590,36790.0,1991,1887,104,2767,1058,435,88,113,913,3950,06,001,451102,06001451102,Alameda,50,3.93,1253,31.72,68.28,0.43,22.76,2.48,3.46,96.54,2.22,57.71,0.0,0.0,32.71,20.39,5.22,1694,61.22,23.11
Census Tract 4511.03; Alameda County; California,1354,49.1,1354,1048,32,37,84,27,0,126,250001.0,117431.0,1274,26,484,420,315,105,420,4,0,3501.0,1985600.0,490,268,26,0,0,163,,511,490,21,979,307,211,9,19,204,1354,06,001,451103,06001451103,Alameda,4,0.95,306,22.6,77.4,2.36,6.2,2.04,25.0,75.0,5.31,54.69,0.0,0.0,33.27,,4.11,546,55.77,15.07
Census Tract 4511.04; Alameda County; California,6474,37.8,6474,2985,429,79,1541,14,437,989,183846.0,78745.0,6468,208,2194,2106,1631,475,2106,0,90,3501.0,1116500.0,3094,1911,138,0,1,935,90325.0,3255,3170,85,4446,1279,1234,102,132,1442,6474,06,001,451104,06001451104,Alameda,90,4.27,3489,53.89,46.11,6.63,23.8,3.22,22.55,77.45,4.46,61.76,0.0,0.03,30.22,29.19,2.61,2747,61.79,22.27
Census Tract 4512.01; Alameda County; California,7289,40.4,7289,3852,163,78,1164,97,665,1270,110964.0,49630.0,7289,527,2761,2746,1668,1078,2746,0,111,2372.0,932000.0,3182,2054,29,0,4,694,68175.0,3669,3398,271,5152,1141,599,44,80,1231,7289,06,001,451201,06001451201,Alameda,111,4.04,3437,47.15,52.85,2.24,15.97,7.23,39.26,60.74,0.91,64.55,0.0,0.13,21.81,21.43,7.39,1864,36.18,16.89
Census Tract 4512.02; Alameda County; California,5422,39.4,5422,2522,44,140,2020,0,188,508,178984.0,86772.0,5422,96,2169,2152,1868,284,2152,5,28,3293.0,954600.0,2993,1960,55,26,0,789,,3179,3127,52,4045,1431,546,164,50,1340,5422,06,001,451202,06001451202,Alameda,33,1.53,2900,53.49,46.51,0.81,37.26,1.77,13.2,86.8,1.84,65.49,0.87,0.0,26.36,,1.64,2191,54.17,24.71
Census Tract 4513; Alameda County; California,6448,39.9,6448,3703,29,161,935,54,339,1227,158762.0,70055.0,6422,276,2395,2395,1857,538,2395,17,190,2730.0,1095200.0,3385,2354,93,0,0,755,,3521,3440,81,4595,1349,788,87,113,980,6448,06,001,451300,06001451300,Alameda,207,8.64,2745,42.57,57.43,0.45,14.5,4.3,22.46,77.54,2.75,69.54,0.0,0.0,22.3,,2.3,2337,50.86,15.2
Census Tract 4514.01; Alameda County; California,5414,44.6,5414,2736,6,47,477,0,706,1442,120610.0,64937.0,5404,334,2297,2211,1228,983,2211,45,23,2583.0,1094700.0,3127,2206,8,0,19,438,,3506,3276,230,4181,1313,539,10,125,1606,5414,06,001,451401,06001451401,Alameda,68,3.08,2678,49.46,50.54,0.11,8.81,6.18,44.46,55.54,0.26,70.55,0.0,0.61,14.01,,6.56,1987,47.52,29.66
Census Tract 4514.03; Alameda County; California,2125,39.7,2125,1469,11,0,179,4,192,270,178516.0,67495.0,2125,48,775,775,689,86,775,25,7,3179.0,954100.0,1065,688,49,0,0,277,23905.0,1079,1065,14,1641,491,222,36,14,314,2125,06,001,451403,06001451403,Alameda,32,4.13,656,30.87,69.13,0.52,8.42,2.26,11.1,88.9,4.6,64.6,0.0,0.0,26.01,22.45,1.3,763,46.5,14.78
Census Tract 4514.04; Alameda County; California,6368,35.3,6368,2943,38,142,605,5,1758,877,121912.0,46430.0,6310,379,2187,2150,1296,854,2150,76,43,2681.0,864000.0,3540,2331,45,59,77,440,92170.0,3842,3699,143,4262,1203,406,16,147,1409,6368,06,001,451404,06001451404,Alameda,119,5.53,3425,53.78,46.22,0.6,9.5,6.01,39.72,60.28,1.27,65.85,1.67,2.18,12.43,26.04,3.72,1772,41.58,22.13
Census Tract 4515.01; Alameda County; California,4485,42.6,4485,2686,294,31,992,0,25,457,176042.0,79857.0,4485,304,1851,1727,1211,516,1727,17,77,2561.0,1346500.0,2071,1160,175,71,13,468,49800.0,2176,2104,72,3365,1105,498,114,180,1166,4485,06,001,451501,06001451501,Alameda,94,5.44,1799,40.11,59.89,6.56,22.12,6.78,29.88,70.12,8.45,56.01,3.43,0.63,22.6,24.05,3.31,1897,56.37,26.0
Census Tract 4515.03; Alameda County; California,6425,41.9,6425,3828,45,70,1112,102,310,958,182452.0,67141.0,6328,201,2422,2223,1698,525,2223,88,112,1970.0,1052900.0,3508,2071,111,68,31,986,85645.0,3585,3528,57,4439,1346,692,48,191,1278,6425,06,001,451503,06001451503,Alameda,200,9.0,2597,40.42,59.58,0.7,17.31,3.18,23.62,76.38,3.16,59.04,1.94,0.88,28.11,24.41,1.59,2277,51.3,19.89
Census Tract 4515.04; Alameda County; California,1464,46.1,1464,710,0,4,210,8,41,491,206136.0,81277.0,1464,31,560,538,419,119,538,4,6,3501.0,1075000.0,884,617,49,6,7,168,,924,890,34,1118,296,178,42,36,240,1464,06,001,451504,06001451504,Alameda,10,1.86,754,51.5,48.5,0.0,14.34,2.12,22.12,77.88,5.54,69.8,0.68,0.79,19.0,,3.68,552,49.37,16.39
Census Tract 4515.05; Alameda County; California,3090,45.2,3090,2348,12,4,269,22,128,307,239318.0,129100.0,3090,44,1192,1136,1052,84,1136,0,0,3222.0,1193800.0,1650,1265,7,54,7,233,31430.0,1726,1701,25,2164,832,264,20,254,263,3090,06,001,451505,06001451505,Alameda,0,0.0,742,24.01,75.99,0.39,8.71,1.42,7.39,92.61,0.42,76.67,3.27,0.42,14.12,19.05,1.45,1370,63.31,8.51
Census Tract 4515.06; Alameda County; California,3422,33.4,3422,1544,5,9,567,2,589,706,119757.0,46911.0,3328,186,1015,986,501,485,986,1,0,2831.0,1041400.0,1733,975,84,8,5,169,45905.0,1822,1757,65,2042,553,217,93,92,654,3422,06,001,451506,06001451506,Alameda,1,0.1,1878,54.88,45.12,0.15,16.57,5.59,49.19,50.81,4.85,56.26,0.46,0.29,9.75,26.49,3.57,955,46.77,19.11
Census Tract 4516.01; Alameda County; California,4859,45.8,4859,3269,70,6,797,0,74,643,208031.0,105232.0,4840,248,1979,1815,1264,551,1815,9,37,2408.0,1576800.0,2361,1463,22,54,42,689,41115.0,2487,2393,94,3456,1192,663,127,154,736,4859,06,001,451601,06001451601,Alameda,46,2.53,1590,32.72,67.28,1.44,16.4,5.12,30.36,69.64,0.93,61.97,2.29,1.78,29.18,17.41,3.78,2136,61.81,15.15
Census Tract 4516.02; Alameda County; California,6839,44.4,6839,4819,214,20,319,0,394,1073,138837.0,75961.0,6657,591,2897,2806,1534,1272,2806,44,310,2589.0,1121800.0,3610,2512,15,16,12,524,,3746,3637,94,5125,1836,504,142,307,815,6839,06,001,451602,06001451602,Alameda,354,12.62,2020,29.54,70.46,3.13,4.66,8.88,45.33,54.67,0.42,69.58,0.44,0.33,14.52,,2.51,2789,54.42,11.92
Census Tract 4517.01; Alameda County; California,3247,33.9,3247,1728,141,0,752,5,118,503,218443.0,75699.0,3153,176,1103,1069,943,126,1069,106,17,2896.0,1118900.0,1685,906,91,42,5,435,46740.0,1781,1726,51,2164,582,400,56,47,541,3247,06,001,451701,06001451701,Alameda,123,11.51,1519,46.78,53.22,4.34,23.16,5.58,11.79,88.21,5.4,53.77,2.49,0.3,25.82,27.74,2.86,1085,50.14,16.66
Census Tract 4517.03; Alameda County; California,4037,42.4,4037,2562,27,0,798,0,162,488,208028.0,72562.0,4037,116,1302,1302,1096,206,1302,9,14,3026.0,1252700.0,2011,1295,41,9,17,392,47365.0,2115,2054,58,2793,878,538,72,138,760,4037,06,001,451703,06001451703,Alameda,23,1.77,1475,36.54,63.46,0.67,19.77,2.87,15.82,84.18,2.04,64.4,0.45,0.85,19.49,23.55,2.74,1626,58.22,18.83
Census Tract 4517.04; Alameda County; California,4564,40.6,4564,2907,183,36,762,0,221,455,158981.0,66373.0,4564,191,1648,1614,1254,360,1614,0,26,2430.0,1232300.0,2091,1416,10,17,46,505,42240.0,2286,2161,125,3159,1126,361,75,149,971,4564,06,001,451704,06001451704,Alameda,26,1.61,1657,36.31,63.69,4.01,16.7,4.18,22.3,77.7,0.48,67.72,0.81,2.2,24.15,20.2,5.47,1711,54.16,21.28
Census Tract 9819; Alameda County; California,33,46.7,33,5,24,0,0,4,0,0,,105015.0,33,0,29,29,0,29,29,0,0,,,33,29,0,0,0,4,,33,33,0,33,28,0,0,0,24,33,06,001,981900,06001981900,Alameda,0,0.0,28,84.85,15.15,72.73,0.0,0.0,100.0,0.0,0.0,87.88,0.0,0.0,12.12,,0.0,28,84.85,72.73
Census Tract 9820; Alameda County; California,54,60.6,54,27,0,0,27,0,0,0,137750.0,118037.0,54,0,52,37,31,6,37,0,6,,1056300.0,38,17,21,0,0,0,,38,38,0,54,11,12,20,6,12,54,06,001,982000,06001982000,Alameda,6,16.22,27,50.0,50.0,0.0,50.0,0.0,16.22,83.78,55.26,44.74,0.0,0.0,0.0,,0.0,49,90.74,22.22
Census Tract 9821; Alameda County; California,1104,21.3,1104,513,107,9,339,0,25,111,152250.0,8422.0,62,22,27,27,3,24,27,0,9,3300.0,,373,31,60,0,215,35,,389,373,16,109,64,3,35,0,528,1104,06,001,982100,06001982100,Alameda,9,33.33,591,53.53,46.47,9.69,30.71,35.48,88.89,11.11,16.09,8.31,0.0,57.64,9.38,,4.11,102,93.58,47.83
Census Tract 9832; Alameda County; California,1220,36.8,1220,433,339,46,231,0,89,82,196688.0,135250.0,1220,171,668,668,352,316,668,11,8,3501.0,898900.0,917,162,310,19,0,382,,955,923,32,1123,581,226,19,71,464,1220,06,001,983200,06001983200,Alameda,19,2.84,787,64.51,35.49,27.79,18.93,14.02,47.31,52.69,33.81,17.67,2.07,0.0,41.66,,3.35,897,79.88,38.03
Census Tract 9900; Alameda County; California,0,,0,0,0,0,0,0,0,0,,,0,0,0,0,0,0,0,0,0,,,0,0,0,0,0,0,,0,0,0,0,0,0,0,0,0,0,06,001,990000,06001990000,Alameda,0,,0,,,,,,,,,,,,,,,0,,
Census Tract 3010; Contra Costa County; California,5294,36.8,5294,2876,483,0,452,38,488,957,85198.0,44461.0,5294,921,2312,1859,1315,544,1859,0,135,1823.0,752400.0,1895,1333,0,0,58,383,,2226,1980,246,3831,658,175,138,10,984,5294,06,013,301000,06013301000,Contra Costa,135,7.26,2418,45.67,54.33,9.12,8.54,17.4,29.26,70.74,0.0,70.34,0.0,3.06,20.21,,11.05,981,25.61,18.59
Census Tract 3020.05; Contra Costa County; California,7292,37.1,7292,3965,971,0,211,163,1082,900,93032.0,35086.0,7286,918,2430,2375,1522,853,2375,33,102,1479.0,568000.0,3380,2691,42,24,0,161,135680.0,3937,3559,378,4809,503,227,105,21,763,7292,06,013,302005,06013302005,Contra Costa,135,5.68,3327,45.63,54.37,13.32,2.89,12.6,35.92,64.08,1.24,79.62,0.71,0.0,4.76,40.14,9.6,856,17.8,10.46
Census Tract 3020.06; Contra Costa County; California,4192,36.5,4192,1903,500,0,403,0,262,1124,137639.0,47295.0,4139,233,1337,1337,1015,322,1337,38,0,2913.0,615800.0,2506,1946,0,0,0,266,,2637,2544,93,3002,368,173,20,9,847,4192,06,013,302006,06013302006,Contra Costa,38,2.84,2289,54.6,45.4,11.93,9.61,5.63,24.08,75.92,0.0,77.65,0.0,0.0,10.61,,3.53,570,18.99,20.21
Census Tract 3020.07; Contra Costa County; California,7337,35.7,7337,4344,321,91,370,0,1490,721,138346.0,44676.0,7329,674,2323,2250,1616,634,2250,143,67,2476.0,626800.0,3313,2514,0,0,10,610,,3594,3480,114,4740,651,112,0,83,918,7337,06,013,302007,06013302007,Contra Costa,210,9.33,2993,40.79,59.21,4.38,5.04,9.2,28.18,71.82,0.0,75.88,0.0,0.3,18.41,,3.17,846,17.85,12.51
Census Tract 3020.09; Contra Costa County; California,6891,48.4,6891,1686,1690,30,1800,35,1001,649,119262.0,49754.0,6891,392,2293,2293,1765,528,2293,22,34,3120.0,757500.0,3306,2257,134,0,47,548,114960.0,3731,3500,231,5127,1210,270,121,12,1752,6891,06,013,302009,06013302009,Contra Costa,56,2.44,5205,75.53,24.47,24.52,26.12,5.69,23.03,76.97,4.05,68.27,0.0,1.42,16.58,34.77,6.19,1613,31.46,25.42
Census Tract 3020.11; Contra Costa County; California,6305,37.3,6305,1480,1168,0,1252,0,1291,1114,143629.0,49653.0,6285,514,1862,1834,1750,84,1834,57,0,2076.0,759300.0,3070,1833,124,0,0,658,110140.0,3433,3050,351,4240,1154,361,43,49,1799,6305,06,013,302011,06013302011,Contra Costa,57,3.11,4825,76.53,23.47,18.52,19.86,8.18,4.58,95.42,4.04,59.71,0.0,0.0,21.43,35.88,10.22,1607,37.9,28.53
Census Tract 3020.12; Contra Costa County; California,5689,39.9,5689,2472,549,0,483,25,1196,964,175188.0,45376.0,5687,262,1630,1612,1364,248,1612,76,0,2293.0,658600.0,2641,1545,31,0,0,987,,3073,2724,349,4007,782,86,0,7,1258,5689,06,013,302012,06013302012,Contra Costa,76,4.71,3217,56.55,43.45,9.65,8.49,4.61,15.38,84.62,1.17,58.5,0.0,0.0,37.37,,11.36,875,21.84,22.11
Census Tract 3020.13; Contra Costa County; California,2924,40.3,2924,1675,53,0,137,0,539,520,151641.0,61723.0,2915,40,1121,1075,983,92,1075,0,0,1969.0,724700.0,1562,1226,82,0,0,199,38820.0,1716,1681,35,2209,448,93,32,6,358,2924,06,013,302013,06013302013,Contra Costa,0,0.0,1249,42.72,57.28,1.81,4.69,1.37,8.56,91.44,5.25,78.49,0.0,0.0,12.74,24.85,2.04,579,26.21,12.24
Census Tract 3020.14; Contra Costa County; California,8261,36.6,8261,3449,313,34,1127,0,1041,2297,149329.0,49683.0,8230,147,2331,2331,1994,337,2331,62,0,2379.0,673500.0,4423,3299,35,0,0,610,,4657,4499,158,5163,1235,104,86,56,1654,8261,06,013,302014,06013302014,Contra Costa,62,2.66,4812,58.25,41.75,3.79,13.64,1.79,14.46,85.54,0.79,74.59,0.0,0.0,13.79,,3.39,1481,28.68,20.02
Census Tract 3031.04; Contra Costa County; California,6534,36.5,6534,2076,451,37,1046,0,1470,1454,152571.0,52862.0,6534,284,1938,1881,1634,247,1881,29,0,2317.0,916000.0,3015,2129,0,0,30,451,,3284,3034,250,3887,957,423,11,48,1800,6534,06,013,303104,06013303104,Contra Costa,29,1.54,4458,68.23,31.77,6.9,16.01,4.35,13.13,86.87,0.0,70.61,0.0,1.0,14.96,,7.61,1439,37.02,27.55
Census Tract 3031.05; Contra Costa County; California,3446,33.9,3446,1850,285,22,754,0,165,370,165625.0,51616.0,3446,499,993,963,707,256,963,56,15,2286.0,734200.0,1718,1254,33,0,56,201,,1889,1741,148,2191,544,224,25,40,587,3446,06,013,303105,06013303105,Contra Costa,71,7.37,1596,46.31,53.69,8.27,21.88,14.48,26.58,73.42,1.92,72.99,0.0,3.26,11.7,,7.83,833,38.02,17.03
Census Tract 3031.06; Contra Costa County; California,9221,36.4,9221,3332,560,32,1034,0,1218,3045,119806.0,39996.0,9221,1041,2623,2561,2095,466,2561,46,41,2219.0,716500.0,4572,2727,137,0,307,824,,4901,4646,255,5980,1432,255,119,23,2077,9221,06,013,303106,06013303106,Contra Costa,87,3.4,5889,63.87,36.13,6.07,11.21,11.29,18.2,81.8,3.0,59.65,0.0,6.71,18.02,,5.2,1829,30.59,22.52
Census Tract 3031.07; Contra Costa County; California,7992,31.5,7992,2986,1297,51,1239,81,1800,538,140812.0,41751.0,7992,970,2292,2292,1473,819,2292,22,118,2363.0,795200.0,3584,2203,63,0,206,843,,4110,3910,200,4549,1398,146,0,58,2048,7992,06,013,303107,06013303107,Contra Costa,140,6.11,5006,62.64,37.36,16.23,15.5,12.14,35.73,64.27,1.76,61.47,0.0,5.75,23.52,,4.87,1602,35.22,25.63
Census Tract 3032.02; Contra Costa County; California,8956,39.4,8956,4064,911,92,1240,0,669,1980,141944.0,52460.0,8867,736,2692,2692,2272,420,2692,0,29,2606.0,863300.0,4012,2924,33,74,140,486,147905.0,4329,4097,232,5674,1347,670,66,12,1165,8956,06,013,303202,06013303202,Contra Costa,29,1.08,4892,54.62,45.38,10.17,13.85,8.3,15.6,84.4,0.82,72.88,1.84,3.49,12.11,36.87,5.36,2095,36.92,13.01
Census Tract 3032.04; Contra Costa County; California,5042,40.4,5042,2526,445,12,394,78,471,1116,130227.0,66211.0,5042,302,1727,1678,1255,423,1678,7,165,2258.0,668600.0,2238,1506,22,0,77,554,54380.0,2431,2308,123,3427,691,257,71,40,755,5042,06,013,303204,06013303204,Contra Costa,172,10.25,2516,49.9,50.1,8.83,7.81,5.99,25.21,74.79,0.98,67.29,0.0,3.44,24.75,24.3,5.06,1059,30.9,14.97
Census Tract 3032.06; Contra Costa County; California,5018,33.7,5018,1798,536,13,831,0,832,1008,152188.0,55271.0,5018,425,1511,1489,1177,312,1489,25,24,3501.0,873400.0,2279,1594,8,0,47,463,,2683,2302,381,2818,1115,230,32,18,980,5018,06,013,303206,06013303206,Contra Costa,49,3.29,3220,64.17,35.83,10.68,16.56,8.47,20.95,79.05,0.35,69.94,0.0,2.06,20.32,,14.2,1395,49.5,19.53
Census Tract 3032.07; Contra Costa County; California,9770,29.9,9770,2626,2984,246,1875,0,432,1607,126895.0,41216.0,9732,622,2547,2482,1807,675,2482,33,0,3332.0,663000.0,4633,2844,282,0,27,921,172000.0,5348,4838,505,6264,1535,695,67,23,2339,9770,06,013,303207,06013303207,Contra Costa,33,1.33,7144,73.12,26.88,30.54,19.19,6.39,27.2,72.8,6.09,61.39,0.0,0.58,19.88,37.12,9.44,2320,37.04,23.94
Census Tract 3032.08; Contra Costa County; California,4346,49.4,4346,2619,94,0,528,0,563,542,146250.0,62856.0,4346,110,1663,1619,1442,177,1619,20,9,3117.0,805000.0,1883,1250,11,0,0,218,,1971,1883,88,3117,826,235,45,47,779,4346,06,013,303208,06013303208,Contra Costa,29,1.79,1727,39.74,60.26,2.16,12.15,2.53,10.93,89.07,0.58,66.38,0.0,0.0,11.58,,4.46,1153,36.99,17.92
Census Tract 3032.09; Contra Costa County; California,5541,39.2,5541,1917,410,21,1798,0,1011,384,141950.0,55309.0,5532,583,1641,1641,1447,194,1641,54,0,3500.0,928200.0,2411,1551,142,0,14,311,79440.0,2720,2573,147,3310,803,456,26,110,1534,5541,06,013,303209,06013303209,Contra Costa,54,3.29,3624,65.4,34.6,7.4,32.45,10.54,11.82,88.18,5.89,64.33,0.0,0.58,12.9,32.95,5.4,1395,42.15,27.68
Census Tract 3032.10; Contra Costa County; California,3400,71.6,3400,2514,160,0,295,0,135,296,99814.0,66222.0,3400,185,1906,1819,1654,165,1819,136,0,2833.0,752400.0,981,674,0,0,9,276,,1067,992,75,2932,398,528,174,35,394,3400,06,013,303210,06013303210,Contra Costa,136,7.48,886,26.06,73.94,4.71,8.68,5.44,9.07,90.93,0.0,68.71,0.0,0.92,28.13,,7.03,1135,38.71,11.59
Census Tract 3032.11; Contra Costa County; California,4298,40.5,4298,2492,103,7,432,0,436,828,163385.0,72336.0,4298,356,1643,1581,1425,156,1581,7,0,3501.0,841600.0,2131,1642,10,0,35,252,,2234,2150,84,3013,861,214,49,0,584,4298,06,013,303211,06013303211,Contra Costa,7,0.44,1806,42.02,57.98,2.4,10.05,8.28,9.87,90.13,0.47,77.05,0.0,1.64,11.83,,3.76,1124,37.31,13.59
Census Tract 3040.01; Contra Costa County; California,5903,51.1,5903,3501,472,46,909,0,23,952,156941.0,69908.0,5890,34,2261,2133,1755,378,2133,0,8,3501.0,971900.0,2215,1259,13,0,18,672,,2348,2286,42,4358,1467,616,227,125,1179,5903,06,013,304001,06013304001,Contra Costa,8,0.38,2402,40.69,59.31,8.0,15.4,0.58,17.72,82.28,0.59,56.84,0.0,0.81,30.34,,1.79,2435,55.87,19.97
Census Tract 3040.02; Contra Costa County; California,1903,46.1,1903,1071,1,0,117,0,461,253,76526.0,29847.0,1901,282,577,577,345,232,577,0,0,2631.0,716400.0,807,613,0,0,56,34,,984,807,177,1259,104,102,0,0,453,1903,06,013,304002,06013304002,Contra Costa,0,0.0,832,43.72,56.28,0.05,6.15,14.83,40.21,59.79,0.0,75.96,0.0,6.94,4.21,,17.99,206,16.36,23.8
Census Tract 3040.03; Contra Costa County; California,3246,55.2,3246,2413,112,44,140,0,339,198,126050.0,71469.0,3246,325,1578,1375,1296,79,1375,19,0,2250.0,790900.0,1322,997,0,0,31,209,,1456,1335,121,2432,418,224,16,15,206,3246,06,013,304003,06013304003,Contra Costa,19,1.38,833,25.66,74.34,3.45,4.31,10.01,5.75,94.25,0.0,75.42,0.0,2.34,15.81,,8.31,673,27.67,6.35
Census Tract 3040.04; Contra Costa County; California,3320,55.0,3320,2345,151,17,137,0,293,377,137232.0,77537.0,3304,232,1827,1501,1399,102,1501,21,0,2364.0,980100.0,1681,1004,0,0,0,500,,1781,1696,85,2713,807,151,91,10,311,3320,06,013,304004,06013304004,Contra Costa,21,1.4,975,29.37,70.63,4.55,4.13,7.02,6.8,93.2,0.0,59.73,0.0,0.0,29.74,,4.77,1059,39.03,9.37
Census Tract 3040.06; Contra Costa County; California,3843,37.1,3843,1799,410,72,600,0,248,714,167208.0,59234.0,3822,150,1166,1113,987,126,1113,28,0,3501.0,793100.0,1804,1265,15,0,34,397,56020.0,2052,1860,192,2581,528,343,37,92,388,3843,06,013,304006,06013304006,Contra Costa,28,2.52,2044,53.19,46.81,10.67,15.61,3.92,11.32,88.68,0.83,70.12,0.0,1.88,22.01,31.05,9.36,1000,38.74,10.1
Census Tract 3040.07; Contra Costa County; California,4919,39.1,4919,2488,673,78,216,78,480,906,158556.0,52326.0,4919,451,1586,1536,1281,255,1536,55,0,3151.0,775000.0,2161,1351,0,0,0,430,,2459,2177,282,3224,477,265,23,11,967,4919,06,013,304007,06013304007,Contra Costa,55,3.58,2431,49.42,50.58,13.68,4.39,9.17,16.6,83.4,0.0,62.52,0.0,0.0,19.9,,11.47,776,24.07,19.66
Census Tract 3050; Contra Costa County; California,7484,39.7,7484,1695,1296,82,491,0,2046,1874,65000.0,28842.0,7484,951,2519,2388,651,1737,2388,0,306,1642.0,483800.0,3404,2322,51,19,167,89,122580.0,3825,3436,389,5095,514,119,70,0,1561,7484,06,013,305000,06013305000,Contra Costa,306,12.81,5789,77.35,22.65,17.32,6.56,12.71,72.74,27.26,1.5,68.21,0.56,4.91,2.61,36.01,10.17,703,13.8,20.86
Census Tract 3060.02; Contra Costa County; California,4612,36.3,4612,1426,826,153,380,116,758,953,107810.0,37871.0,4604,417,1619,1538,855,683,1538,14,92,2001.0,605400.0,2198,1469,92,0,18,358,,2548,2199,194,3212,324,105,14,15,874,4612,06,013,306002,06013306002,Contra Costa,106,6.89,3186,69.08,30.92,17.91,8.24,9.06,44.41,55.59,4.19,66.83,0.0,0.82,16.29,,7.61,458,14.26,18.95
Census Tract 3060.03; Contra Costa County; California,5081,35.6,5081,1449,721,156,236,0,1638,881,62981.0,32759.0,4982,878,1839,1826,1044,782,1826,9,32,1886.0,490700.0,2005,1395,45,0,23,149,67860.0,2399,2096,303,3165,368,69,50,14,1404,5081,06,013,306003,06013306003,Contra Costa,41,2.25,3632,71.48,28.52,14.19,4.64,17.62,42.83,57.17,2.24,69.58,0.0,1.15,7.43,33.85,12.63,501,15.83,27.63
Census Tract 3060.04; Contra Costa County; California,3477,43.5,3477,1151,266,186,85,0,912,877,102404.0,38192.0,3452,331,1291,1255,743,512,1255,52,0,2211.0,558700.0,1505,960,14,24,29,112,,1560,1520,40,2470,404,30,8,6,531,3477,06,013,306004,06013306004,Contra Costa,52,4.14,2326,66.9,33.1,7.65,2.44,9.59,40.8,59.2,0.93,63.79,1.59,1.93,7.44,,2.56,448,18.14,15.27
Census Tract 3071.01; Contra Costa County; California,4595,40.5,4595,2729,401,11,352,0,550,552,96153.0,41654.0,4593,416,1718,1615,1059,556,1615,23,119,2532.0,606100.0,2015,1405,67,0,0,147,58635.0,2277,2121,156,3347,585,150,6,0,909,4595,06,013,307101,06013307101,Contra Costa,142,8.79,1866,40.61,59.39,8.73,7.66,9.06,34.43,65.57,3.33,69.73,0.0,0.0,7.3,29.1,6.85,741,22.14,19.78
Census Tract 3071.02; Contra Costa County; California,5997,34.8,5997,1285,620,44,111,0,2508,1429,80855.0,29783.0,5997,996,1924,1873,696,1177,1873,0,124,2060.0,498600.0,2729,1844,93,0,53,262,,3425,3144,281,3908,320,103,42,0,2096,5997,06,013,307102,06013307102,Contra Costa,124,6.62,4712,78.57,21.43,10.34,1.85,16.61,62.84,37.16,3.41,67.57,0.0,1.94,9.6,,8.2,465,11.9,34.95
Census Tract 3072.01; Contra Costa County; California,4101,36.7,4101,774,514,57,386,0,1372,998,63162.0,28549.0,4093,1129,1218,1194,646,548,1194,32,123,1713.0,519000.0,1585,1016,71,8,49,164,58805.0,1841,1732,109,2762,266,82,0,0,1598,4101,06,013,307201,06013307201,Contra Costa,155,12.98,3327,81.13,18.87,12.53,9.41,27.58,45.9,54.1,4.48,64.1,0.5,3.09,10.35,37.1,5.92,348,12.6,38.97
Census Tract 3072.02; Contra Costa County; California,4210,32.1,4210,407,874,9,217,278,1326,1099,64234.0,28058.0,4125,545,1640,1483,314,1169,1483,0,148,1952.0,293900.0,2067,1240,65,0,58,66,,2215,2125,90,2572,280,30,0,0,1510,4210,06,013,307202,06013307202,Contra Costa,148,9.98,3803,90.33,9.67,20.76,5.15,13.21,78.83,21.17,3.14,59.99,0.0,2.81,3.19,,4.06,310,12.05,35.87
Census Tract 3072.04; Contra Costa County; California,4704,38.8,4704,1398,737,32,93,36,1586,822,107891.0,37001.0,4679,540,1597,1549,1270,279,1549,14,0,2675.0,591000.0,2105,1284,214,0,0,139,,2540,2155,385,3368,415,85,8,1,989,4704,06,013,307204,06013307204,Contra Costa,14,0.9,3306,70.28,29.72,15.67,1.98,11.54,18.01,81.99,10.17,61.0,0.0,0.0,6.6,,15.16,509,15.11,21.02
Census Tract 3072.05; Contra Costa County; California,7101,39.6,7101,2299,1508,56,321,0,914,2003,71925.0,37337.0,7095,710,2974,2889,1401,1488,2889,78,128,2225.0,565600.0,3614,2412,159,0,0,430,,4049,3661,388,4972,476,150,21,19,1358,7101,06,013,307205,06013307205,Contra Costa,206,7.13,4802,67.62,32.38,21.24,4.52,10.01,51.51,48.49,4.4,66.74,0.0,0.0,11.9,,9.58,666,13.4,19.12
Census Tract 3080.01; Contra Costa County; California,7784,41.3,7784,2415,444,357,1487,0,937,2144,80539.0,52478.0,7729,853,2959,2926,2307,619,2926,191,56,2315.0,570200.0,3246,2066,335,0,23,510,,3611,3479,132,5710,552,43,68,65,1799,7784,06,013,308001,06013308001,Contra Costa,247,8.44,5369,68.97,31.03,5.7,19.1,11.04,21.16,78.84,10.32,63.65,0.0,0.71,15.71,,3.66,728,12.75,23.11
Census Tract 3080.02; Contra Costa County; California,5146,39.9,5146,1196,1254,155,620,22,935,964,119896.0,50923.0,5134,452,1669,1648,1375,273,1648,12,15,2585.0,726400.0,2477,1615,94,0,1,328,112050.0,2752,2527,225,3583,679,181,7,30,1189,5146,06,013,308002,06013308002,Contra Costa,27,1.64,3950,76.76,23.24,24.37,12.05,8.8,16.57,83.43,3.79,65.2,0.0,0.04,13.24,45.24,8.18,897,25.03,23.11
Census Tract 3090; Contra Costa County; California,3894,38.9,3894,1044,1031,0,372,75,890,482,86818.0,43885.0,3889,509,1398,1398,872,526,1398,0,139,1549.0,608400.0,1808,1203,13,0,39,172,,1938,1866,72,2844,455,196,49,12,931,3894,06,013,309000,06013309000,Contra Costa,139,9.94,2850,73.19,26.81,26.48,9.55,13.09,37.63,62.37,0.72,66.54,0.0,2.16,9.51,,3.72,712,25.04,23.91
Census Tract 3100; Contra Costa County; California,6421,35.5,6421,1259,1316,7,619,12,1053,2155,77198.0,38191.0,6410,1560,2120,2120,1328,792,2120,289,36,2212.0,470000.0,2850,1580,230,0,0,390,97275.0,3177,2963,214,4064,657,278,38,10,1940,6421,06,013,310000,06013310000,Contra Costa,325,15.33,5162,80.39,19.61,20.5,9.64,24.34,37.36,62.64,8.07,55.44,0.0,0.0,13.68,34.13,6.74,983,24.19,30.21
Census Tract 3110; Contra Costa County; California,5515,33.6,5515,883,768,99,556,0,1934,1275,78989.0,29496.0,5385,908,1652,1607,891,716,1607,25,98,2024.0,463800.0,2091,1312,55,0,0,100,67305.0,2412,2205,207,3506,554,131,54,13,2029,5515,06,013,311000,06013311000,Contra Costa,123,7.65,4632,83.99,16.01,13.93,10.08,16.86,44.56,55.44,2.63,62.75,0.0,0.0,4.78,32.19,8.58,752,21.45,36.79
Census Tract 3120; Contra Costa County; California,3106,32.7,3106,324,494,127,642,30,749,740,71375.0,29690.0,3061,408,984,885,357,528,885,14,144,1965.0,520000.0,1301,936,112,0,19,103,47880.0,1550,1386,164,1874,281,46,0,0,812,3106,06,013,312000,06013312000,Contra Costa,158,17.85,2782,89.57,10.43,15.9,20.67,13.33,59.66,40.34,8.61,71.94,0.0,1.46,7.92,36.8,10.58,327,17.45,26.14
Census Tract 3131.02; Contra Costa County; California,4732,37.8,4732,762,1539,69,724,0,770,868,86165.0,38276.0,4619,629,1669,1611,742,869,1611,12,77,2462.0,576400.0,2307,1943,181,0,33,57,89740.0,2717,2409,308,3255,344,165,0,17,1315,4732,06,013,313102,06013313102,Contra Costa,89,5.52,3970,83.9,16.1,32.52,15.3,13.62,53.94,46.06,7.85,84.22,0.0,1.43,2.47,38.9,11.34,526,16.16,27.79
Census Tract 3131.04; Contra Costa County; California,3024,37.7,3024,824,390,0,658,0,594,558,60625.0,27733.0,3024,189,1105,1051,510,541,1051,0,128,2190.0,624000.0,1423,1224,51,0,0,98,,1564,1492,72,2252,175,62,34,0,960,3024,06,013,313104,06013313104,Contra Costa,128,12.18,2200,72.75,27.25,12.9,21.76,6.25,51.47,48.53,3.58,86.02,0.0,0.0,6.89,,4.6,271,12.03,31.75
Census Tract 3131.05; Contra Costa County; California,5733,36.4,5733,1566,1758,0,403,0,943,1063,79738.0,35949.0,5643,409,2165,2083,910,1173,2083,0,110,2249.0,497200.0,2592,1974,216,0,0,185,,3210,2626,584,3782,378,100,20,0,1437,5733,06,013,313105,06013313105,Contra Costa,110,5.28,4167,72.68,27.32,30.66,7.03,7.25,56.31,43.69,8.33,76.16,0.0,0.0,7.14,,18.19,498,13.17,25.07
Census Tract 3131.06; Contra Costa County; California,6890,38.7,6890,2178,803,73,1315,85,834,1602,142033.0,46134.0,6809,520,2197,2117,1407,710,2117,12,43,2190.0,693300.0,3601,2614,108,0,12,368,114525.0,4094,3908,186,4573,1145,255,103,8,1849,6890,06,013,313106,06013313106,Contra Costa,55,2.6,4712,68.39,31.61,11.65,19.09,7.64,33.54,66.46,3.0,72.59,0.0,0.33,10.22,31.8,4.54,1511,33.04,26.84
Census Tract 3131.07; Contra Costa County; California,2728,35.6,2728,944,231,50,304,0,645,554,152393.0,49832.0,2723,42,854,847,777,70,847,0,0,2750.0,638900.0,1188,956,37,0,13,80,,1403,1294,109,1811,544,168,13,3,528,2728,06,013,313107,06013313107,Contra Costa,0,0.0,1784,65.4,34.6,8.47,11.14,1.54,8.26,91.74,3.11,80.47,0.0,1.09,6.73,,7.77,728,40.2,19.35
Census Tract 3132.03; Contra Costa County; California,3209,39.1,3209,772,261,31,532,0,1112,501,127847.0,43992.0,3185,372,1038,995,778,217,995,0,0,2372.0,609400.0,1515,1129,46,0,17,135,51010.0,1695,1624,71,2394,482,49,21,2,1323,3209,06,013,313203,06013313203,Contra Costa,0,0.0,2437,75.94,24.06,8.13,16.58,11.68,21.81,78.19,3.04,74.52,0.0,1.12,8.91,33.67,4.19,554,23.14,41.23
Census Tract 3132.04; Contra Costa County; California,5604,39.8,5604,1471,525,98,719,10,1876,905,91600.0,35789.0,5602,729,1894,1870,1026,844,1870,13,53,2299.0,661600.0,2684,1559,125,41,0,575,71715.0,2898,2783,115,3978,707,104,27,7,1678,5604,06,013,313204,06013313204,Contra Costa,66,3.53,4133,73.75,26.25,9.37,12.83,13.01,45.13,54.87,4.66,58.08,1.53,0.0,21.42,26.72,3.97,845,21.24,29.94
Census Tract 3132.05; Contra Costa County; California,2047,34.6,2047,415,11,2,475,0,684,460,114224.0,33695.0,2047,150,548,528,474,54,528,26,4,2550.0,592400.0,976,621,44,0,0,196,29605.0,1040,1003,37,1355,165,7,0,0,505,2047,06,013,313205,06013313205,Contra Costa,30,5.68,1632,79.73,20.27,0.54,23.2,7.33,10.23,89.77,4.51,63.63,0.0,0.0,20.08,30.33,3.56,172,12.69,24.67
Census Tract 3132.06; Contra Costa County; California,6067,31.5,6067,816,248,103,1017,220,2988,675,78115.0,25424.0,5860,900,1730,1691,1030,661,1691,24,44,1931.0,487700.0,2643,1776,48,0,71,126,84100.0,2976,2766,210,3817,255,88,83,6,1904,6067,06,013,313206,06013313206,Contra Costa,68,4.02,5251,86.55,13.45,4.09,16.76,15.36,39.09,60.91,1.82,67.2,0.0,2.69,4.77,31.82,7.06,432,11.32,31.38
Census Tract 3141.02; Contra Costa County; California,6523,37.6,6523,1169,389,51,820,26,2737,1331,97429.0,33629.0,6502,467,1957,1798,1393,405,1798,84,67,2070.0,499800.0,3290,2595,105,0,0,116,133255.0,3522,3301,189,4342,357,30,25,0,2598,6523,06,013,314102,06013314102,Contra Costa,151,8.4,5354,82.08,17.92,5.96,12.57,7.18,22.53,77.47,3.19,78.88,0.0,0.0,3.53,40.5,5.37,412,9.49,39.83
Census Tract 3141.03; Contra Costa County; California,5524,31.1,5524,819,659,268,549,0,1750,1479,81455.0,27244.0,5512,890,1636,1583,631,952,1583,0,0,2118.0,596800.0,2517,1743,72,0,9,148,,2831,2703,128,3344,314,69,13,0,2303,5524,06,013,314103,06013314103,Contra Costa,0,0.0,4705,85.17,14.83,11.93,9.94,16.15,60.14,39.86,2.86,69.25,0.0,0.36,5.88,,4.52,396,11.84,41.69
Census Tract 3141.05; Contra Costa County; California,3692,34.0,3692,355,662,61,334,0,1622,658,53621.0,26469.0,3644,468,1324,1290,611,679,1290,32,227,1758.0,413400.0,1837,1154,103,0,34,123,,1987,1851,136,2603,220,51,0,0,1513,3692,06,013,314105,06013314105,Contra Costa,259,20.08,3337,90.38,9.62,17.93,9.05,12.84,52.64,47.36,5.61,62.82,0.0,1.85,6.7,,6.84,271,10.41,40.98
Census Tract 3141.06; Contra Costa County; California,4288,28.5,4288,384,137,34,325,209,2696,503,74923.0,22435.0,4278,926,1112,1105,536,569,1105,8,52,1512.0,,1609,1022,62,0,0,15,,1934,1708,226,2295,126,38,41,0,1709,4288,06,013,314106,06013314106,Contra Costa,60,5.43,3904,91.04,8.96,3.19,7.58,21.65,51.49,48.51,3.85,63.52,0.0,0.0,0.93,,11.69,205,8.93,39.86
Census Tract 3142; Contra Costa County; California,7539,32.2,7539,1129,94,103,707,0,3020,2486,87098.0,25426.0,7539,1013,1785,1755,1276,479,1755,44,0,2176.0,530200.0,2951,2054,227,0,14,75,109175.0,3752,3159,593,4455,417,39,33,9,3154,7539,06,013,314200,06013314200,Contra Costa,44,2.51,6410,85.02,14.98,1.25,9.38,13.44,27.29,72.71,7.69,69.6,0.0,0.47,2.54,37.0,15.8,498,11.18,41.84
Census Tract 3150; Contra Costa County; California,3511,38.9,3511,1079,325,23,785,0,359,940,138875.0,52426.0,3511,310,1178,1157,836,321,1157,63,0,2734.0,616800.0,1737,1278,63,0,33,147,42445.0,2113,1875,238,2408,531,114,16,30,845,3511,06,013,315000,06013315000,Contra Costa,63,5.45,2432,69.27,30.73,9.26,22.36,8.83,27.74,72.26,3.63,73.58,0.0,1.9,8.46,24.44,11.26,691,28.7,24.07
Census Tract 3160; Contra Costa County; California,1334,42.1,1334,518,324,0,51,0,223,218,58214.0,32744.0,1022,266,614,596,115,481,596,0,129,1557.0,,419,298,6,16,54,32,,525,448,77,1068,192,59,0,11,155,1334,06,013,316000,06013316000,Contra Costa,129,21.64,816,61.17,38.83,24.29,3.82,26.03,80.7,19.3,1.43,71.12,3.82,12.89,7.64,,14.67,262,24.53,11.62
Census Tract 3170; Contra Costa County; California,2159,41.1,2159,1562,0,0,156,0,141,300,86365.0,49365.0,2159,217,1028,945,418,527,945,0,60,2224.0,689500.0,1209,885,33,0,40,231,32600.0,1331,1239,92,1588,307,175,26,66,331,2159,06,013,317000,06013317000,Contra Costa,60,6.35,597,27.65,72.35,0.0,7.23,10.05,55.77,44.23,2.73,73.2,0.0,3.31,19.11,26.96,6.91,574,36.15,15.33
Census Tract 3180; Contra Costa County; California,3514,45.0,3514,2587,43,47,137,0,125,575,101947.0,58534.0,3421,120,1525,1477,804,673,1477,6,52,1966.0,813700.0,1695,1132,27,16,89,298,43510.0,1793,1713,80,2612,1018,207,45,33,351,3514,06,013,318000,06013318000,Contra Costa,58,3.93,927,26.38,73.62,1.22,3.9,3.51,45.57,54.43,1.59,66.78,0.94,5.25,17.58,25.67,4.46,1303,49.89,9.99
Census Tract 3190.01; Contra Costa County; California,4060,36.5,4060,1967,194,120,579,0,155,1045,146071.0,66707.0,4034,208,1664,1614,912,702,1614,17,0,2304.0,816300.0,2331,1432,63,0,34,561,45275.0,2450,2403,47,2795,876,175,42,26,447,4060,06,013,319001,06013319001,Contra Costa,17,1.05,2093,51.55,48.45,4.78,14.26,5.16,43.49,56.51,2.7,61.43,0.0,1.46,24.07,19.42,1.92,1119,40.04,11.01
Census Tract 3190.02; Contra Costa County; California,3819,44.8,3819,2611,48,132,164,0,275,589,112543.0,54662.0,3819,258,1660,1647,1239,408,1647,22,0,2277.0,647600.0,2037,1304,172,0,73,332,54835.0,2164,2065,99,3047,923,65,30,59,358,3819,06,013,319002,06013319002,Contra Costa,22,1.34,1208,31.63,68.37,1.26,4.29,6.76,24.77,75.23,8.44,64.02,0.0,3.58,16.3,26.92,4.57,1077,35.35,9.37
Census Tract 3200.01; Contra Costa County; California,3276,39.8,3276,1814,239,96,134,0,291,702,98602.0,38587.0,3253,263,1100,1065,903,162,1065,22,26,2167.0,641400.0,1576,956,20,0,0,324,,1856,1661,195,2268,344,177,3,32,293,3276,06,013,320001,06013320001,Contra Costa,48,4.51,1462,44.63,55.37,7.3,4.09,8.08,15.21,84.79,1.27,60.66,0.0,0.0,20.56,,10.51,556,24.51,8.94
Census Tract 3200.03; Contra Costa County; California,2928,41.1,2928,1598,19,5,379,0,140,787,171343.0,67560.0,2928,192,1081,1081,916,165,1081,31,0,3501.0,909400.0,1453,1041,123,0,25,237,35550.0,1584,1517,67,1997,634,256,64,95,352,2928,06,013,320003,06013320003,Contra Costa,31,2.87,1330,45.42,54.58,0.65,12.94,6.56,15.26,84.74,8.47,71.64,0.0,1.72,16.31,24.47,4.23,1049,52.53,12.02
Census Tract 3200.04; Contra Costa County; California,6401,39.9,6401,4349,49,7,1048,0,100,848,125752.0,67987.0,6401,441,2719,2653,1809,844,2653,0,135,2466.0,777800.0,3325,2014,124,18,48,959,72035.0,3578,3393,185,4577,1530,583,111,79,1143,6401,06,013,320004,06013320004,Contra Costa,135,5.09,2052,32.06,67.94,0.77,16.37,6.89,31.81,68.19,3.73,60.57,0.54,1.44,28.84,21.66,5.17,2303,50.32,17.86
Census Tract 3211.01; Contra Costa County; California,7268,41.0,7268,4411,197,0,789,0,359,1512,152063.0,64276.0,7027,564,2679,2607,1970,637,2607,42,44,2861.0,852200.0,3499,2093,69,0,163,836,84110.0,3797,3649,148,5125,1856,461,70,121,635,7268,06,013,321101,06013321101,Contra Costa,86,3.3,2857,39.31,60.69,2.71,10.86,8.03,24.43,75.57,1.97,59.82,0.0,4.66,23.89,24.04,3.9,2508,48.94,8.74
Census Tract 3211.02; Contra Costa County; California,5830,54.3,5830,4053,162,39,664,11,200,701,153048.0,81921.0,5795,352,2575,2487,2328,159,2487,71,0,3052.0,1006400.0,2642,1629,111,0,0,808,,2868,2642,226,4540,1568,884,212,28,932,5830,06,013,321102,06013321102,Contra Costa,71,2.85,1777,30.48,69.52,2.78,11.39,6.07,6.39,93.61,4.2,61.66,0.0,0.0,30.58,,7.88,2692,59.3,15.99
Census Tract 3211.03; Contra Costa County; California,4642,47.1,4642,3333,0,20,526,0,208,555,158750.0,73016.0,4632,157,1906,1822,1567,255,1822,9,0,2580.0,1025600.0,2103,1395,70,16,27,449,42240.0,2378,2222,156,3447,1270,294,120,61,514,4642,06,013,321103,06013321103,Contra Costa,9,0.49,1309,28.2,71.8,0.0,11.33,3.39,14.0,86.0,3.33,66.33,0.76,1.28,21.35,20.09,6.56,1745,50.62,11.07
Census Tract 3212; Contra Costa County; California,5629,39.0,5629,2589,508,13,1541,0,212,766,105694.0,53134.0,5629,551,2474,2332,991,1341,2332,13,18,2357.0,789600.0,2950,1572,0,0,184,564,62085.0,3383,3114,269,3971,1320,401,76,0,1628,5629,06,013,321200,06013321200,Contra Costa,31,1.33,3040,54.01,45.99,9.02,27.38,9.79,57.5,42.5,0.0,53.29,0.0,6.24,19.12,21.05,7.95,1797,45.25,28.92
Census Tract 3220; Contra Costa County; California,6822,45.2,6822,3752,108,0,982,0,423,1557,155431.0,58508.0,6792,655,2338,2338,1807,531,2338,42,48,2490.0,1087600.0,3142,1841,62,21,30,941,59790.0,3274,3142,132,4852,1465,727,227,97,1255,6822,06,013,322000,06013322000,Contra Costa,90,3.85,3070,45.0,55.0,1.58,14.39,9.64,22.71,77.29,1.97,58.59,0.67,0.95,29.95,19.03,4.03,2516,51.85,18.4
Census Tract 3230; Contra Costa County; California,4392,41.0,4392,3149,25,0,407,0,126,685,153843.0,62130.0,4365,297,1617,1567,1146,421,1567,21,0,2993.0,1040600.0,2249,1306,82,20,19,595,55320.0,2407,2303,104,2967,1001,400,154,95,557,4392,06,013,323000,06013323000,Contra Costa,21,1.34,1243,28.3,71.7,0.57,9.27,6.8,26.87,73.13,3.65,58.07,0.89,0.84,26.46,24.6,4.32,1650,55.61,12.68
Census Tract 3240.02; Contra Costa County; California,4931,37.5,4931,2415,510,0,1189,191,109,517,102007.0,61338.0,4856,371,2528,2418,788,1630,2418,14,227,2306.0,831700.0,3088,1828,182,53,115,615,77385.0,3325,3187,138,4001,1150,580,121,108,1133,4931,06,013,324002,06013324002,Contra Costa,241,9.97,2516,51.02,48.98,10.34,24.11,7.64,67.41,32.59,5.89,59.2,1.72,3.72,19.92,25.06,4.15,1959,48.96,22.98
Census Tract 3240.03; Contra Costa County; California,3266,34.7,3266,1495,255,85,844,0,162,425,93828.0,71002.0,3266,410,1925,1850,156,1694,1850,6,67,2545.0,613400.0,2113,1071,358,0,139,351,,2340,2070,191,2551,930,618,101,41,1334,3266,06,013,324003,06013324003,Contra Costa,73,3.95,1771,54.23,45.77,7.81,25.84,12.55,91.57,8.43,16.94,50.69,0.0,6.58,16.61,,8.16,1690,66.25,40.85
Census Tract 3240.04; Contra Costa County; California,2563,49.1,2563,1356,56,23,535,0,35,558,105288.0,69959.0,2558,92,1374,1311,442,869,1311,0,104,2222.0,887700.0,1269,684,104,9,81,311,24060.0,1336,1269,67,2005,508,301,75,28,691,2563,06,013,324004,06013324004,Contra Costa,104,7.93,1207,47.09,52.91,2.18,20.87,3.6,66.29,33.71,8.2,53.9,0.71,6.38,24.51,18.96,5.01,912,45.49,26.96
Census Tract 3250; Contra Costa County; California,6224,42.5,6224,3888,114,0,850,0,184,1188,149773.0,56928.0,6027,565,2266,2090,1489,601,2090,55,106,2706.0,1185100.0,2849,1387,56,0,99,853,50425.0,3127,2859,268,4256,1043,748,55,318,866,6224,06,013,325000,06013325000,Contra Costa,161,7.7,2336,37.53,62.47,1.83,13.66,9.37,28.76,71.24,1.97,48.68,0.0,3.47,29.94,17.7,8.57,2164,50.85,13.91
Census Tract 3260; Contra Costa County; California,3278,50.0,3278,2458,65,24,325,18,50,338,175855.0,83012.0,3246,113,1392,1302,1114,188,1302,9,84,3501.0,1174400.0,1470,816,57,12,36,391,,1599,1532,48,2517,801,598,157,49,495,3278,06,013,326000,06013326000,Contra Costa,93,7.14,820,25.02,74.98,1.98,9.91,3.48,14.44,85.56,3.88,55.51,0.82,2.45,26.6,,3.0,1605,63.77,15.1
Census Tract 3270.01; Contra Costa County; California,3572,40.6,3572,1602,288,41,44,0,684,913,102675.0,57290.0,3572,399,1247,1225,934,291,1225,23,53,2918.0,221800.0,1691,1356,0,0,15,137,52220.0,1879,1801,78,2654,291,134,17,0,990,3572,06,013,327001,06013327001,Contra Costa,76,6.2,1970,55.15,44.85,8.06,1.23,11.17,23.76,76.24,0.0,80.19,0.0,0.89,8.1,30.88,4.15,442,16.65,27.72
Census Tract 3270.02; Contra Costa County; California,3953,37.5,3953,1746,127,321,569,0,572,618,98151.0,43613.0,3881,321,1586,1586,922,664,1586,33,55,2212.0,555100.0,1813,1226,30,0,0,309,,2110,1879,216,2893,873,136,37,26,948,3953,06,013,327002,06013327002,Contra Costa,88,5.55,2207,55.83,44.17,3.21,14.39,8.27,41.87,58.13,1.65,67.62,0.0,0.0,17.04,,10.24,1072,37.05,23.98
Census Tract 3280; Contra Costa County; California,2837,36.4,2837,1159,208,0,558,8,623,281,53737.0,41198.0,2755,728,1692,1627,145,1482,1627,21,337,2281.0,310800.0,1485,1028,58,0,48,188,37545.0,1600,1541,59,2362,681,346,0,52,1038,2837,06,013,328000,06013328000,Contra Costa,358,22.0,1678,59.15,40.85,7.33,19.67,26.42,91.09,8.91,3.91,69.23,0.0,3.23,12.66,25.28,3.69,1079,45.68,36.59
Census Tract 3290; Contra Costa County; California,6653,39.4,6653,2484,345,0,702,0,1268,1854,104844.0,44045.0,6653,383,2171,2122,1551,571,2122,271,72,2549.0,716000.0,3151,1830,148,0,128,610,70100.0,3438,3251,187,4872,1097,224,57,44,1324,6653,06,013,329000,06013329000,Contra Costa,343,16.16,4169,62.66,37.34,5.19,10.55,5.76,26.91,73.09,4.7,58.08,0.0,4.06,19.36,22.25,5.44,1422,29.19,19.9
Census Tract 3300; Contra Costa County; California,5460,41.2,5460,2915,35,24,508,0,956,1022,118906.0,52837.0,5439,115,2045,2045,1539,506,2045,61,24,3299.0,693100.0,2802,1831,246,0,10,431,80170.0,3051,2834,217,4058,873,268,24,45,1194,5460,06,013,330000,06013330000,Contra Costa,85,4.16,2545,46.61,53.39,0.64,9.3,2.11,24.74,75.26,8.78,65.35,0.0,0.36,15.38,28.61,7.11,1210,29.82,21.87
Census Tract 3310; Contra Costa County; California,7625,40.0,7625,3085,255,32,1207,12,1179,1855,89796.0,48298.0,7449,544,2998,2912,1799,1113,2912,22,212,2179.0,797600.0,3374,2127,222,18,0,610,,3653,3546,107,5544,961,232,127,64,1284,7625,06,013,331000,06013331000,Contra Costa,234,8.04,4540,59.54,40.46,3.34,15.83,7.3,38.22,61.78,6.58,63.04,0.53,0.0,18.08,,2.93,1384,24.96,16.84
Census Tract 3320; Contra Costa County; California,7945,42.0,7945,3809,191,0,1349,0,1129,1467,137432.0,58145.0,7855,416,3010,2809,2246,563,2809,0,56,2014.0,821600.0,3945,2521,172,0,60,899,118340.0,4155,4051,104,5720,1169,626,194,0,1822,7945,06,013,332000,06013332000,Contra Costa,56,1.99,4136,52.06,47.94,2.4,16.98,5.3,20.04,79.96,4.36,63.9,0.0,1.52,22.79,30.0,2.5,1989,34.77,22.93
Census Tract 3331.01; Contra Costa County; California,4282,43.5,4282,2683,107,60,639,0,254,539,124713.0,52955.0,4282,172,1594,1562,1165,397,1562,14,70,2258.0,886400.0,2041,1330,15,29,42,334,50580.0,2268,2116,152,2983,953,170,77,9,689,4282,06,013,333101,06013333101,Contra Costa,84,5.38,1599,37.34,62.66,2.5,14.92,4.02,25.42,74.58,0.73,65.16,1.42,2.06,16.36,24.78,6.7,1209,40.53,16.09
Census Tract 3331.02; Contra Costa County; California,4158,43.8,4158,2443,296,9,615,2,153,640,122982.0,62375.0,4151,254,1630,1575,1236,339,1575,44,0,2325.0,786500.0,2210,1450,228,0,0,358,50490.0,2454,2348,106,3165,862,167,40,7,668,4158,06,013,333102,06013333102,Contra Costa,44,2.79,1715,41.25,58.75,7.12,14.79,6.12,21.52,78.48,10.32,65.61,0.0,0.0,16.2,22.85,4.32,1076,34.0,16.07
Census Tract 3332; Contra Costa County; California,5763,39.7,5763,3239,238,0,541,0,398,1347,123964.0,63899.0,5753,278,2157,2157,1756,401,2157,62,0,2336.0,843600.0,2694,1541,171,134,62,448,82450.0,2978,2865,113,4233,1470,352,66,46,654,5763,06,013,333200,06013333200,Contra Costa,62,2.87,2524,43.8,56.2,4.13,9.39,4.83,18.59,81.41,6.35,57.2,4.97,2.3,16.63,30.61,3.79,1934,45.69,11.35
Census Tract 3340.01; Contra Costa County; California,4077,42.1,4077,1917,214,55,1001,44,260,586,120208.0,53533.0,3939,221,1529,1449,943,506,1449,41,115,2389.0,825900.0,2056,1306,131,19,0,421,,2335,2150,185,3185,874,324,39,26,1205,4077,06,013,334001,06013334001,Contra Costa,156,10.77,2160,52.98,47.02,5.25,24.55,5.61,34.92,65.08,6.37,63.52,0.92,0.0,20.48,,7.92,1263,39.65,29.56
Census Tract 3340.06; Contra Costa County; California,4766,40.8,4766,2531,319,20,817,0,262,817,167167.0,63219.0,4766,360,1684,1668,1244,424,1668,31,0,3501.0,956400.0,2197,1201,117,0,32,766,41695.0,2471,2243,208,3308,1335,435,91,163,1002,4766,06,013,334006,06013334006,Contra Costa,31,1.86,2235,46.89,53.11,6.69,17.14,7.55,25.42,74.58,5.33,54.67,0.0,1.46,34.87,18.98,8.42,2024,61.19,21.02
Census Tract 3340.07; Contra Costa County; California,3575,50.6,3575,2088,168,0,519,0,327,473,103401.0,58223.0,3502,499,1919,1761,1051,710,1761,27,70,2179.0,625000.0,1659,953,71,12,47,427,,1892,1659,233,2867,777,494,115,64,707,3575,06,013,334007,06013334007,Contra Costa,97,5.51,1487,41.59,58.41,4.7,14.52,14.25,40.32,59.68,4.28,57.44,0.72,2.83,25.74,,12.32,1450,50.58,19.78
Census Tract 3340.08; Contra Costa County; California,4007,38.1,4007,1521,802,50,835,0,268,531,119539.0,56056.0,3996,79,1653,1653,1070,583,1653,97,10,2482.0,578500.0,2341,1424,70,0,52,474,66125.0,2536,2367,169,2701,709,334,47,15,890,4007,06,013,334008,06013334008,Contra Costa,107,6.47,2486,62.04,37.96,20.01,20.84,1.98,35.27,64.73,2.99,60.83,0.0,2.22,20.25,28.25,6.66,1105,40.91,22.21
Census Tract 3342; Contra Costa County; California,7522,47.9,7522,4994,64,60,854,0,326,1224,189153.0,107134.0,7192,205,2999,2910,1955,955,2910,19,466,3501.0,1806400.0,3192,1441,133,0,14,1128,61380.0,3468,3253,215,5570,2225,1054,442,148,1752,7522,06,013,334200,06013334200,Contra Costa,485,16.67,2528,33.61,66.39,0.85,11.35,2.85,32.82,67.18,4.17,45.14,0.0,0.44,35.34,19.23,6.2,3869,69.46,23.29
Census Tract 3350; Contra Costa County; California,3494,36.8,3494,1748,43,18,420,0,317,948,175208.0,58458.0,3492,258,1239,1166,910,256,1166,0,10,2420.0,823100.0,1741,1007,104,14,2,472,,1896,1840,56,2612,693,237,52,72,684,3494,06,013,335000,06013335000,Contra Costa,10,0.86,1746,49.97,50.03,1.23,12.02,7.39,21.96,78.04,5.97,57.84,0.8,0.11,27.11,,2.95,1054,40.35,19.58
Census Tract 3361.01; Contra Costa County; California,4588,32.8,4588,725,336,139,661,0,1925,802,81842.0,36472.0,4588,910,1694,1642,174,1468,1642,0,104,2227.0,500000.0,2315,1386,179,43,18,247,58725.0,2518,2378,140,3010,419,296,0,12,2072,4588,06,013,336101,06013336101,Contra Costa,104,6.33,3863,84.2,15.8,7.32,14.41,19.83,89.4,10.6,7.73,59.87,1.86,0.78,10.67,25.37,5.56,727,24.15,45.16
Census Tract 3361.03; Contra Costa County; California,5013,31.2,5013,779,296,0,548,0,1848,1542,70221.0,28505.0,4946,654,1677,1677,330,1347,1677,0,211,2181.0,423200.0,2589,1655,220,44,31,290,64655.0,2749,2615,134,2996,657,83,22,0,2187,5013,06,013,336103,06013336103,Contra Costa,211,12.58,4234,84.46,15.54,5.9,10.93,13.22,80.32,19.68,8.5,63.92,1.7,1.2,11.2,24.97,4.87,762,25.43,43.63
Census Tract 3361.04; Contra Costa County; California,2541,29.2,2541,748,168,12,192,11,870,540,68182.0,33860.0,2541,732,1112,1028,144,884,1028,6,89,2022.0,397300.0,1405,696,180,0,42,24,,1554,1416,138,1719,404,117,21,0,1336,2541,06,013,336104,06013336104,Contra Costa,95,9.24,1793,70.56,29.44,6.61,7.56,28.81,85.99,14.01,12.81,49.54,0.0,2.99,1.71,,8.88,542,31.53,52.58
Census Tract 3362.01; Contra Costa County; California,3624,42.0,3624,1423,52,165,308,0,704,972,90375.0,43866.0,3624,189,1385,1385,966,419,1385,27,31,2322.0,605600.0,1725,998,212,0,115,168,59290.0,1924,1823,89,2717,534,141,9,19,1173,3624,06,013,336201,06013336201,Contra Costa,58,4.19,2201,60.73,39.27,1.43,8.5,5.22,30.25,69.75,12.29,57.86,0.0,6.67,9.74,34.37,4.63,703,25.87,32.37
Census Tract 3362.02; Contra Costa County; California,5458,28.4,5458,1246,130,60,704,0,2206,1112,82955.0,31503.0,5458,400,1803,1736,378,1358,1736,23,82,2028.0,594700.0,2929,1690,169,0,211,98,75825.0,3258,3158,100,3085,584,54,0,0,2644,5458,06,013,336202,06013336202,Contra Costa,105,6.05,4212,77.17,22.83,2.38,12.9,7.33,78.23,21.77,5.77,57.7,0.0,7.2,3.35,25.89,3.07,638,20.68,48.44
Census Tract 3371; Contra Costa County; California,3327,46.8,3327,1507,254,78,439,0,517,532,144674.0,62028.0,3279,125,1190,1190,926,264,1190,27,9,2723.0,1072000.0,1640,1041,51,0,7,384,,1749,1647,102,2631,710,350,76,29,1019,3327,06,013,337100,06013337100,Contra Costa,36,3.03,1820,54.7,45.3,7.63,13.2,3.81,22.18,77.82,3.11,63.48,0.0,0.43,23.41,,5.83,1165,44.28,30.63
Census Tract 3372.01; Contra Costa County; California,2919,39.8,2919,1386,17,18,406,0,610,482,61658.0,48010.0,2907,613,1247,1222,476,746,1222,11,42,2182.0,730500.0,1338,788,12,0,164,248,,1453,1408,45,2291,409,204,26,0,918,2919,06,013,337201,06013337201,Contra Costa,53,4.34,1533,52.52,47.48,0.58,13.91,21.09,61.05,38.95,0.9,58.89,0.0,12.26,18.54,,3.1,639,27.89,31.45
Census Tract 3372.02; Contra Costa County; California,5069,46.4,5069,2749,29,0,536,108,973,674,104194.0,55702.0,4889,337,1944,1934,1409,525,1934,77,61,2478.0,516800.0,2457,1398,260,0,184,308,71440.0,2711,2554,157,3982,1289,407,26,108,1261,5069,06,013,337202,06013337202,Contra Costa,138,7.14,2320,45.77,54.23,0.57,10.57,6.89,27.15,72.85,10.58,56.9,0.0,7.49,12.54,29.08,5.79,1830,45.96,24.88
Census Tract 3373; Contra Costa County; California,6205,43.1,6205,3676,22,0,1095,0,277,1135,146784.0,87583.0,6186,651,2322,2305,1913,392,2305,14,0,2867.0,1158800.0,2568,1499,123,44,24,703,72255.0,2854,2698,156,4185,1918,655,159,179,1248,6205,06,013,337300,06013337300,Contra Costa,14,0.61,2529,40.76,59.24,0.35,17.65,10.52,17.01,82.99,4.79,58.37,1.71,0.93,27.38,28.14,5.47,2911,69.56,20.11
Census Tract 3381.01; Contra Costa County; California,5015,35.2,5015,1773,99,219,725,0,914,1285,73873.0,30806.0,5000,726,1876,1773,879,894,1773,0,142,2240.0,545600.0,2275,1546,136,11,33,146,59095.0,2430,2307,123,3416,582,152,13,16,1757,5015,06,013,338101,06013338101,Contra Costa,142,8.01,3242,64.65,35.35,1.97,14.46,14.52,50.42,49.58,5.98,67.96,0.48,1.45,6.42,25.98,5.06,763,22.34,35.03
Census Tract 3381.02; Contra Costa County; California,3173,47.4,3173,2155,38,2,531,0,167,280,185556.0,74813.0,3170,92,1278,1272,1044,228,1272,55,0,3232.0,1005900.0,1783,851,208,0,0,501,,1920,1813,107,2444,819,384,95,43,487,3173,06,013,338102,06013338102,Contra Costa,55,4.32,1018,32.08,67.92,1.2,16.73,2.9,17.92,82.08,11.67,47.73,0.0,0.0,28.1,,5.57,1341,54.87,15.35
Census Tract 3382.01; Contra Costa County; California,4026,50.0,4026,2795,46,0,503,23,147,512,213929.0,98280.0,3958,132,1627,1606,1253,353,1606,31,76,3302.0,1155200.0,1697,854,68,9,18,638,26785.0,1781,1719,62,3145,1114,550,203,86,939,4026,06,013,338201,06013338201,Contra Costa,107,6.66,1231,30.58,69.42,1.14,12.49,3.34,21.98,78.02,4.01,50.32,0.53,1.06,37.6,15.78,3.48,1953,62.1,23.32
Census Tract 3382.03; Contra Costa County; California,5620,35.8,5620,2305,277,142,1497,103,287,1009,144474.0,75374.0,5585,397,2821,2714,1043,1671,2714,20,130,2832.0,740400.0,3676,1637,673,0,31,920,104460.0,4053,3789,264,4421,1989,834,227,66,1949,5620,06,013,338203,06013338203,Contra Costa,150,5.53,3315,58.99,41.01,4.93,26.64,7.11,61.57,38.43,18.31,44.53,0.0,0.84,25.03,28.42,6.51,3116,70.48,34.68
Census Tract 3382.04; Contra Costa County; California,6523,39.6,6523,4298,52,31,1131,0,128,883,164107.0,83825.0,6523,282,2966,2966,1656,1310,2966,109,57,3017.0,890500.0,3684,1742,311,0,39,1205,84325.0,4086,3809,265,5283,2287,1260,223,150,1919,6523,06,013,338204,06013338204,Contra Costa,166,5.6,2225,34.11,65.89,0.8,17.34,4.32,44.17,55.83,8.44,47.29,0.0,1.06,32.71,22.89,6.49,3920,74.2,29.42
Census Tract 3383.01; Contra Costa County; California,3034,51.1,3034,2074,0,0,438,1,97,424,218191.0,81109.0,3023,143,1133,1099,1033,66,1099,0,0,3501.0,1490000.0,1324,568,33,0,47,609,19580.0,1364,1337,27,2199,933,448,239,89,728,3034,06,013,338301,06013338301,Contra Costa,0,0.0,960,31.64,68.36,0.0,14.44,4.73,6.01,93.99,2.49,42.9,0.0,3.55,46.0,14.79,1.98,1709,77.72,23.99
Census Tract 3383.02; Contra Costa County; California,5667,46.7,5667,3800,94,0,871,0,74,828,207105.0,93991.0,5655,52,2082,2082,1825,257,2082,45,0,2725.0,1593100.0,2542,1187,83,0,264,870,37480.0,2764,2596,168,4114,2010,822,276,237,1191,5667,06,013,338302,06013338302,Contra Costa,45,2.16,1867,32.95,67.05,1.66,15.37,0.92,12.34,87.66,3.27,46.7,0.0,10.39,34.23,14.74,6.08,3345,81.31,21.02
Census Tract 3390.01; Contra Costa County; California,3641,33.4,3641,1756,191,9,597,3,421,664,96472.0,67554.0,3632,297,2252,2023,364,1659,2023,39,94,2362.0,731000.0,2483,1337,151,0,160,500,60660.0,2708,2507,169,2895,1290,541,129,38,1180,3641,06,013,339001,06013339001,Contra Costa,133,6.57,1885,51.77,48.23,5.25,16.4,8.18,82.01,17.99,6.08,53.85,0.0,6.44,20.14,24.43,6.24,1998,69.02,32.41
Census Tract 3390.03; Contra Costa County; California,4519,32.5,4519,2949,66,45,886,0,139,434,115579.0,90102.0,4519,381,2886,2735,348,2387,2735,57,214,2819.0,746600.0,3117,1588,386,0,256,691,79090.0,3421,3172,249,3539,1407,660,265,205,877,4519,06,013,339003,06013339003,Contra Costa,271,9.91,1570,34.74,65.26,1.46,19.61,8.43,87.28,12.72,12.38,50.95,0.0,8.21,22.17,25.37,7.28,2537,71.69,19.41
Census Tract 3390.04; Contra Costa County; California,3701,35.8,3701,1769,102,17,1128,0,164,521,129637.0,77763.0,3701,454,1999,1985,684,1301,1985,5,140,2902.0,725000.0,2428,1290,117,39,48,569,62390.0,2634,2453,181,3094,1140,626,168,57,1252,3701,06,013,339004,06013339004,Contra Costa,145,7.3,1932,52.2,47.8,2.76,30.48,12.27,65.54,34.46,4.82,53.13,1.61,1.98,23.43,25.7,6.87,1991,64.35,33.83
Census Tract 3400.01; Contra Costa County; California,5829,35.6,5829,3565,153,188,828,0,151,944,142723.0,65618.0,5792,333,2473,2215,1224,991,2215,24,41,2355.0,1124100.0,3073,1633,119,31,52,708,65480.0,3336,3167,152,4142,1544,696,173,98,1198,5829,06,013,340001,06013340001,Contra Costa,65,2.93,2264,38.84,61.16,2.62,14.2,5.75,44.74,55.26,3.87,53.14,1.01,1.69,23.04,21.31,4.56,2511,60.62,20.55
Census Tract 3400.03; Contra Costa County; California,3318,41.7,3318,2212,37,0,616,0,40,413,164063.0,79816.0,3307,443,1511,1501,1055,446,1501,35,45,3501.0,1184100.0,1509,761,10,0,25,566,26735.0,1799,1578,221,2389,889,310,277,118,662,3318,06,013,340003,06013340003,Contra Costa,80,5.33,1106,33.33,66.67,1.12,18.57,13.4,29.71,70.29,0.66,50.43,0.0,1.66,37.51,17.72,12.28,1594,66.72,19.95
Census Tract 3400.04; Contra Costa County; California,4058,46.2,4058,2768,62,2,750,0,13,463,171218.0,89027.0,4054,111,1679,1661,1326,335,1661,213,0,2653.0,1441300.0,1853,798,89,0,75,880,29000.0,2031,1868,163,3019,1096,578,275,175,485,4058,06,013,340004,06013340004,Contra Costa,213,12.82,1290,31.79,68.21,1.53,18.48,2.74,20.17,79.83,4.8,43.07,0.0,4.05,47.49,15.65,8.03,2124,70.35,11.95
Census Tract 3410; Contra Costa County; California,4872,44.3,4872,3196,138,63,641,0,32,802,157959.0,112262.0,4840,262,2122,2107,1376,731,2107,18,14,2378.0,1525500.0,2363,1263,126,13,55,766,44320.0,2614,2429,185,3461,1371,674,290,187,747,4872,06,013,341000,06013341000,Contra Costa,32,1.52,1676,34.4,65.6,2.83,13.16,5.41,34.69,65.31,5.33,53.45,0.55,2.33,32.42,18.76,7.08,2522,72.87,15.33
Census Tract 3430.01; Contra Costa County; California,5759,46.4,5759,3770,19,0,439,0,314,1217,173643.0,91381.0,5720,350,2271,2224,1498,726,2224,9,35,2330.0,1288600.0,2882,1516,245,0,111,821,,3112,2927,185,3955,1410,886,349,226,942,5759,06,013,343001,06013343001,Contra Costa,44,1.98,1989,34.54,65.46,0.33,7.62,6.12,32.64,67.36,8.5,52.6,0.0,3.85,28.49,,5.94,2871,72.59,16.36
Census Tract 3430.02; Contra Costa County; California,4478,45.5,4478,2954,155,0,576,0,352,441,163771.0,95144.0,4281,464,1850,1821,1272,549,1821,9,133,,1272100.0,2134,1112,85,0,91,650,46565.0,2292,2163,129,3538,1053,701,429,148,1381,4478,06,013,343002,06013343002,Contra Costa,142,7.8,1524,34.03,65.97,3.46,12.86,10.84,30.15,69.85,3.98,52.11,0.0,4.26,30.46,21.82,5.63,2331,65.88,30.84
Census Tract 3430.03; Contra Costa County; California,3802,44.0,3802,3025,34,0,354,0,29,360,180500.0,93761.0,3802,45,1414,1414,1094,320,1414,16,0,2523.0,1767800.0,1767,888,118,25,0,580,35100.0,1930,1809,121,2784,1024,564,213,133,442,3802,06,013,343003,06013343003,Contra Costa,16,1.13,777,20.44,79.56,0.89,9.31,1.18,22.63,77.37,6.68,50.25,1.41,0.0,32.82,19.86,6.27,1934,69.47,11.63
Census Tract 3451.01; Contra Costa County; California,6648,43.4,6648,2508,173,31,2931,0,137,868,182332.0,73784.0,6546,250,2193,2193,1728,465,2193,38,68,2705.0,1221700.0,3248,1907,101,23,0,959,67995.0,3622,3349,273,4445,1714,977,23,158,2044,6648,06,013,345101,06013345101,Contra Costa,106,4.83,4140,62.27,37.73,2.6,44.09,3.82,21.2,78.8,3.11,58.71,0.71,0.0,29.53,20.93,7.54,2872,64.61,30.75
Census Tract 3451.02; Contra Costa County; California,4114,41.9,4114,2074,121,12,1278,0,61,568,189375.0,68075.0,4114,115,1321,1312,1098,214,1312,26,19,3501.0,1226900.0,1964,1430,19,17,25,363,,2116,2019,97,2836,794,565,54,86,1114,4114,06,013,345102,06013345102,Contra Costa,45,3.43,2040,49.59,50.41,2.94,31.06,2.8,16.31,83.69,0.97,72.81,0.87,1.27,18.48,,4.58,1499,52.86,27.08
Census Tract 3451.03; Contra Costa County; California,5335,45.6,5335,2720,169,1,1867,0,101,477,211518.0,90869.0,5323,252,2036,1973,1578,395,1973,74,85,2810.0,1420000.0,2664,1670,113,38,0,754,63115.0,2955,2746,209,3670,1408,650,148,73,1520,5335,06,013,345103,06013345103,Contra Costa,159,8.06,2615,49.02,50.98,3.17,35.0,4.73,20.02,79.98,4.24,62.69,1.43,0.0,28.3,23.69,7.07,2279,62.1,28.49
Census Tract 3451.05; Contra Costa County; California,6373,41.1,6373,4157,51,1,1298,0,117,749,212819.0,81223.0,6364,245,2169,2132,1631,501,2132,9,0,3501.0,1471800.0,3099,1712,77,18,26,1129,71280.0,3287,3113,174,4149,1560,900,168,50,901,6373,06,013,345105,06013345105,Contra Costa,9,0.42,2216,34.77,65.23,0.8,20.37,3.85,23.5,76.5,2.48,55.24,0.58,0.84,36.43,23.0,5.29,2678,64.55,14.14
Census Tract 3451.11; Contra Costa County; California,5861,37.5,5861,2110,13,25,2793,0,313,607,145446.0,75271.0,5838,222,2174,2107,1109,998,2107,26,136,2645.0,1581800.0,3083,1739,103,29,133,831,80135.0,3222,3090,132,3862,1359,933,291,105,2452,5861,06,013,345111,06013345111,Contra Costa,162,7.69,3751,64.0,36.0,0.22,47.65,3.8,47.37,52.63,3.34,56.41,0.94,4.31,26.95,25.99,4.1,2688,69.6,41.84
Census Tract 3451.12; Contra Costa County; California,8221,37.8,8221,2522,205,110,4758,0,58,568,216774.0,98357.0,8221,269,2826,2826,1872,954,2826,41,87,2915.0,1961800.0,3683,1866,144,0,103,1421,,4024,3896,128,5275,2399,1370,236,290,3504,8221,06,013,345112,06013345112,Contra Costa,128,4.53,5699,69.32,30.68,2.49,57.88,3.27,33.76,66.24,3.91,50.67,0.0,2.8,38.58,,3.18,4295,81.42,42.62
Census Tract 3451.13; Contra Costa County; California,4859,43.6,4859,2131,0,0,1708,0,294,726,225625.0,90704.0,4859,321,1766,1739,1514,225,1739,31,0,3501.0,1501400.0,2294,1245,68,35,53,778,52930.0,2435,2303,132,3341,1622,520,319,201,1601,4859,06,013,345113,06013345113,Contra Costa,31,1.78,2728,56.14,43.86,0.0,35.15,6.61,12.94,87.06,2.96,54.27,1.53,2.31,33.91,23.07,5.42,2662,79.68,32.95
Census Tract 3451.14; Contra Costa County; California,6672,49.9,6672,4811,17,0,1282,0,88,474,204924.0,103267.0,6672,182,2480,2480,2241,239,2480,0,0,3501.0,1575400.0,2815,1767,83,0,58,889,,3035,2970,65,4923,2100,1027,364,69,1219,6672,06,013,345114,06013345114,Contra Costa,0,0.0,1861,27.89,72.11,0.25,19.21,2.73,9.64,90.36,2.95,62.77,0.0,2.06,31.58,,2.14,3560,72.31,18.27
Census Tract 3451.15; Contra Costa County; California,6220,44.2,6220,2760,98,19,2607,0,13,723,226595.0,94637.0,6220,181,2247,2118,1731,387,2118,0,13,3501.0,1643900.0,2889,1457,42,0,93,1142,59300.0,3186,2942,244,4278,1735,787,261,209,2093,6220,06,013,345115,06013345115,Contra Costa,13,0.61,3460,55.63,44.37,1.58,41.91,2.91,18.27,81.73,1.45,50.43,0.0,3.22,39.53,20.53,7.66,2992,69.94,33.65
Census Tract 3451.16; Contra Costa County; California,2794,42.9,2794,1505,48,1,826,0,122,292,236406.0,86800.0,2789,62,905,886,756,130,886,12,0,3501.0,1393900.0,1377,893,31,0,0,396,30520.0,1426,1391,35,1827,740,332,95,70,590,2794,06,013,345116,06013345116,Contra Costa,12,1.35,1289,46.13,53.87,1.72,29.56,2.22,14.67,85.33,2.25,64.85,0.0,0.0,28.76,22.16,2.45,1237,67.71,21.12
Census Tract 3451.17; Contra Costa County; California,4752,41.9,4752,2171,77,0,1854,0,93,557,209013.0,105822.0,4752,18,1963,1927,1492,435,1927,15,14,2711.0,1302800.0,2443,1402,108,0,0,764,,2540,2493,47,3178,1509,771,135,84,1519,4752,06,013,345117,06013345117,Contra Costa,29,1.5,2581,54.31,45.69,1.62,39.02,0.38,22.57,77.43,4.42,57.39,0.0,0.0,31.27,,1.85,2499,78.63,31.97
Census Tract 3451.18; Contra Costa County; California,3551,49.0,3551,1825,238,0,1102,0,105,281,157738.0,92813.0,3551,173,1731,1618,1152,466,1618,62,27,3243.0,1340000.0,1778,1024,63,0,0,516,41590.0,1913,1790,123,2742,1026,646,209,72,1034,3551,06,013,345118,06013345118,Contra Costa,89,5.5,1726,48.61,51.39,6.7,31.03,4.87,28.8,71.2,3.54,57.59,0.0,0.0,29.02,23.39,6.43,1953,71.23,29.12
Census Tract 3452.03; Contra Costa County; California,7686,42.6,7686,5501,34,3,993,0,229,926,203304.0,119029.0,7639,485,3257,3043,2405,638,3043,25,35,2793.0,2000001.0,3892,1768,46,20,141,1783,51955.0,4143,3958,185,5173,2381,1107,166,204,879,7686,06,013,345203,06013345203,Contra Costa,60,1.97,2185,28.43,71.57,0.44,12.92,6.35,20.97,79.03,1.18,45.43,0.51,3.62,45.81,13.35,4.47,3858,74.58,11.44
Census Tract 3452.04; Contra Costa County; California,3212,44.0,3212,2411,95,8,201,0,155,342,250001.0,154098.0,3186,27,1167,1045,1004,41,1045,17,0,,2000001.0,1412,840,0,19,83,405,32440.0,1452,1412,40,2148,1006,382,287,106,415,3212,06,013,345204,06013345204,Contra Costa,17,1.63,801,24.94,75.06,2.96,6.26,0.85,3.92,96.08,0.0,59.49,1.35,5.88,28.68,22.97,2.75,1781,82.91,12.92
Census Tract 3452.05; Contra Costa County; California,5741,37.3,5741,2447,222,8,2029,6,517,512,176727.0,72367.0,5741,252,2452,2305,1187,1118,2305,21,16,3206.0,1207600.0,3275,1759,88,0,0,1214,58450.0,3686,3447,239,4034,1599,992,75,101,1536,5741,06,013,345205,06013345205,Contra Costa,37,1.61,3294,57.38,42.62,3.87,35.34,4.39,48.5,51.5,2.69,53.71,0.0,0.0,37.07,17.85,6.48,2767,68.59,26.75
Census Tract 3452.06; Contra Costa County; California,3687,47.3,3687,2379,48,0,782,0,10,468,175259.0,76927.0,3687,94,1316,1304,1135,169,1304,0,0,3501.0,1365300.0,1928,1229,21,17,58,517,53825.0,1994,1943,51,2550,826,541,46,53,677,3687,06,013,345206,06013345206,Contra Costa,0,0.0,1308,35.48,64.52,1.3,21.21,2.55,12.96,87.04,1.09,63.74,0.88,3.01,26.82,27.92,2.56,1466,57.49,18.36
Census Tract 3461.01; Contra Costa County; California,3281,50.4,3281,2265,0,0,674,0,26,316,250001.0,117050.0,3260,100,1326,1315,1224,91,1315,9,0,3501.0,1592700.0,1463,639,34,0,8,762,19490.0,1548,1487,61,2397,1118,480,202,141,715,3281,06,013,346101,06013346101,Contra Costa,9,0.68,1016,30.97,69.03,0.0,20.54,3.07,6.92,93.08,2.32,43.68,0.0,0.55,52.08,13.32,3.94,1941,80.98,21.79
Census Tract 3461.02; Contra Costa County; California,5478,49.0,5478,3990,18,1,760,0,144,565,250001.0,154390.0,5464,227,1907,1798,1720,78,1798,48,0,3501.0,2000001.0,2483,1323,85,0,45,794,48960.0,2637,2574,63,4026,1951,532,577,55,810,5478,06,013,346102,06013346102,Contra Costa,48,2.67,1488,27.16,72.84,0.33,13.87,4.15,4.34,95.66,3.42,53.28,0.0,1.81,31.98,19.72,2.39,3115,77.37,14.79
Census Tract 3462.03; Contra Costa County; California,4072,46.3,4072,2936,25,0,477,0,16,618,203750.0,92776.0,4072,178,1429,1419,1299,120,1419,0,0,3501.0,1660500.0,1613,874,124,18,10,575,30530.0,1750,1631,119,2722,1151,415,168,87,378,4072,06,013,346203,06013346203,Contra Costa,0,0.0,1136,27.9,72.1,0.61,11.71,4.37,8.46,91.54,7.69,54.18,1.12,0.62,35.65,18.93,6.8,1821,66.9,9.28
Census Tract 3462.04; Contra Costa County; California,7702,46.5,7702,5027,33,0,1888,0,68,686,250001.0,132333.0,7702,80,2768,2663,2351,312,2663,17,0,3501.0,1868900.0,3506,1677,104,0,58,1487,72510.0,3870,3536,334,5402,2724,1205,327,209,1905,7702,06,013,346204,06013346204,Contra Costa,17,0.64,2675,34.73,65.27,0.43,24.51,1.04,11.72,88.28,2.97,47.83,0.0,1.65,42.41,20.68,8.63,4465,82.65,24.73
Census Tract 3462.05; Contra Costa County; California,3769,48.1,3769,2822,23,0,390,0,338,196,233333.0,118758.0,3759,185,1537,1498,1387,111,1498,112,0,3501.0,2000001.0,1339,722,71,0,57,380,,1422,1358,64,2678,921,702,304,188,552,3769,06,013,346205,06013346205,Contra Costa,112,7.48,947,25.13,74.87,0.61,10.35,4.92,7.41,92.59,5.3,53.92,0.0,4.26,28.38,,4.5,2115,78.98,14.65
Census Tract 3462.06; Contra Costa County; California,3304,51.4,3304,2337,84,0,439,0,35,409,250001.0,132602.0,3304,134,1187,1134,1068,66,1134,11,0,,2000001.0,1290,787,59,0,0,410,,1371,1330,41,2376,1115,368,172,68,551,3304,06,013,346206,06013346206,Contra Costa,11,0.97,967,29.27,70.73,2.54,13.29,4.06,5.82,94.18,4.57,61.01,0.0,0.0,31.78,,2.99,1723,72.52,16.68
Census Tract 3470; Contra Costa County; California,6971,47.8,6971,4626,61,10,1272,0,37,965,250001.0,110310.0,6971,118,2319,2283,2131,152,2283,41,0,3398.0,2000001.0,3175,1561,457,0,22,840,84155.0,3322,3209,113,4744,1783,994,783,130,1258,6971,06,013,347000,06013347000,Contra Costa,41,1.8,2345,33.64,66.36,0.88,18.25,1.69,6.66,93.34,14.39,49.17,0.0,0.69,26.46,26.51,3.4,3690,77.78,18.05
Census Tract 3480; Contra Costa County; California,4888,43.4,4888,3823,0,0,368,1,11,685,250001.0,146307.0,4880,74,1704,1605,1477,128,1605,18,0,3501.0,2000001.0,1968,861,141,0,88,734,38410.0,2068,1994,74,3141,1431,765,375,130,427,4888,06,013,348000,06013348000,Contra Costa,18,1.12,1065,21.79,78.21,0.0,7.53,1.52,7.98,92.02,7.16,43.75,0.0,4.47,37.3,19.52,3.58,2701,85.99,8.74
Census Tract 3490; Contra Costa County; California,5022,46.6,5022,3544,54,0,724,18,66,616,150719.0,100003.0,4996,180,2251,2251,1293,958,2251,14,80,2894.0,1826300.0,2343,888,257,84,34,1080,,2464,2345,119,3588,1496,641,206,349,886,5022,06,013,349000,06013349000,Contra Costa,94,4.18,1478,29.43,70.57,1.08,14.42,3.6,42.56,57.44,10.97,37.9,3.59,1.45,46.09,,4.83,2692,75.03,17.64
Census Tract 3500; Contra Costa County; California,5826,43.1,5826,3994,77,0,847,0,32,876,192961.0,113379.0,5823,245,2592,2376,1515,861,2376,49,21,2837.0,1620600.0,3029,1389,275,0,142,1142,56520.0,3170,3063,107,4303,1645,1249,482,196,1320,5826,06,013,350000,06013350000,Contra Costa,70,2.95,1832,31.45,68.55,1.32,14.54,4.21,36.24,63.76,9.08,45.86,0.0,4.69,37.7,18.66,3.38,3572,83.01,22.66
Census Tract 3511.01; Contra Costa County; California,2768,77.4,2768,2391,0,0,277,0,44,56,81921.0,75627.0,2768,87,2046,1948,1891,57,1948,35,7,1411.0,779100.0,314,162,15,0,0,137,,321,314,7,2768,893,676,156,185,404,2768,06,013,351101,06013351101,Contra Costa,42,2.16,377,13.62,86.38,0.0,10.01,3.14,2.93,97.07,4.78,51.59,0.0,0.0,43.63,,2.18,1910,69.0,14.6
Census Tract 3511.03; Contra Costa County; California,1993,80.1,1993,1518,11,0,373,0,8,83,97417.0,78719.0,1989,103,1307,1279,1220,59,1279,110,0,2182.0,849700.0,281,175,0,0,2,71,,290,281,9,1980,784,411,143,129,476,1993,06,013,351103,06013351103,Contra Costa,110,8.6,475,23.83,76.17,0.55,18.72,5.18,4.61,95.39,0.0,62.28,0.0,0.71,25.27,,3.1,1467,74.09,23.88
Census Tract 3511.04; Contra Costa County; California,1599,75.6,1599,1311,27,0,138,23,23,77,66500.0,65287.0,1599,52,1338,1218,1119,99,1218,64,0,1720.0,556000.0,241,148,0,0,0,72,,278,251,27,1599,534,305,112,91,216,1599,06,013,351104,06013351104,Contra Costa,64,5.25,288,18.01,81.99,1.69,8.63,3.25,8.13,91.87,0.0,61.41,0.0,0.0,29.88,,9.71,1042,65.17,13.51
Census Tract 3511.05; Contra Costa County; California,1721,79.0,1721,1415,27,7,177,0,28,67,69375.0,58696.0,1645,67,1345,1221,1094,127,1221,113,88,1865.0,481700.0,266,177,0,0,0,89,,275,275,0,1721,615,379,69,107,411,1721,06,013,351105,06013351105,Contra Costa,201,16.46,306,17.78,82.22,1.57,10.28,4.07,10.4,89.6,0.0,66.54,0.0,0.0,33.46,,0.0,1170,67.98,23.88
Census Tract 3512; Contra Costa County; California,5531,47.3,5531,4245,29,0,420,0,86,751,250001.0,136118.0,5522,207,2031,1988,1956,32,1988,0,0,,2000001.0,2678,1027,254,0,10,1340,,2832,2719,113,3968,1580,861,402,173,273,5531,06,013,351200,06013351200,Contra Costa,0,0.0,1286,23.25,76.75,0.52,7.59,3.75,1.61,98.39,9.48,38.35,0.0,0.37,50.04,,3.99,3016,76.01,4.94
Census Tract 3521.01; Contra Costa County; California,3579,33.5,3579,2055,105,6,808,38,137,430,223281.0,71545.0,2625,165,911,872,726,146,872,5,8,3501.0,1881500.0,1292,538,85,4,184,367,27875.0,1518,1331,187,1970,842,447,186,76,565,3579,06,013,352101,06013352101,Contra Costa,13,1.49,1524,42.58,57.42,2.93,22.58,6.29,16.74,83.26,6.58,41.64,0.31,14.24,28.41,21.58,12.32,1551,78.73,15.79
Census Tract 3521.02; Contra Costa County; California,5146,42.5,5146,3264,45,0,870,0,134,833,250001.0,107689.0,4572,189,1725,1655,1505,150,1655,10,0,3501.0,1754900.0,2260,1022,69,8,122,951,44600.0,2491,2354,137,3141,1291,826,349,228,1000,5146,06,013,352102,06013352102,Contra Costa,10,0.6,1882,36.57,63.43,0.87,16.91,4.13,9.06,90.94,3.05,45.22,0.35,5.4,42.08,19.73,5.5,2694,85.77,19.43
Census Tract 3522.01; Contra Costa County; California,6128,42.0,6128,4004,90,24,1363,0,208,439,182760.0,86513.0,6088,684,2363,2293,1656,637,2293,22,31,2666.0,1636900.0,2966,1229,396,0,63,1067,56200.0,3153,2978,175,4034,1545,899,438,355,1399,6128,06,013,352201,06013352201,Contra Costa,53,2.31,2124,34.66,65.34,1.47,22.24,11.24,27.78,72.22,13.35,41.44,0.0,2.12,35.97,18.95,5.55,3237,80.24,22.83
Census Tract 3522.02; Contra Costa County; California,2575,42.8,2575,1700,0,10,563,3,21,278,196250.0,104932.0,2575,99,1102,1054,974,80,1054,0,0,3091.0,1234100.0,1169,501,49,0,9,539,18305.0,1196,1169,27,1834,921,351,134,98,485,2575,06,013,352202,06013352202,Contra Costa,0,0.0,875,33.98,66.02,0.0,21.86,3.84,7.59,92.41,4.19,42.86,0.0,0.77,46.11,15.66,2.26,1504,82.01,18.83
Census Tract 3530.01; Contra Costa County; California,4718,41.1,4718,2581,13,7,1256,0,11,850,250001.0,120106.0,4718,106,1583,1528,1446,82,1528,9,0,3501.0,1777600.0,2221,1036,181,15,0,806,48490.0,2310,2221,89,3080,1125,646,609,218,1277,4718,06,013,353001,06013353001,Contra Costa,9,0.59,2137,45.29,54.71,0.28,26.62,2.25,5.37,94.63,8.15,46.65,0.68,0.0,36.29,21.83,3.85,2598,84.35,27.07
Census Tract 3530.02; Contra Costa County; California,4375,47.3,4375,3281,79,8,380,0,40,587,250001.0,130983.0,4364,51,1536,1503,1403,100,1503,41,0,3501.0,1875000.0,1923,869,189,9,0,785,38080.0,2001,1976,25,2998,1058,700,480,249,518,4375,06,013,353002,06013353002,Contra Costa,41,2.73,1094,25.01,74.99,1.81,8.69,1.17,6.65,93.35,9.83,45.19,0.47,0.0,40.82,19.8,1.25,2487,82.96,11.84
Census Tract 3540.01; Contra Costa County; California,2255,46.7,2255,1560,0,0,364,0,71,260,231108.0,100762.0,2255,37,831,819,712,107,819,0,0,3501.0,1560400.0,989,510,123,0,14,293,,1029,994,35,1552,545,311,279,149,415,2255,06,013,354001,06013354001,Contra Costa,0,0.0,695,30.82,69.18,0.0,16.14,1.64,13.06,86.94,12.44,51.57,0.0,1.42,29.63,,3.4,1284,82.73,18.4
Census Tract 3540.02; Contra Costa County; California,6858,51.7,6858,4840,0,20,832,0,108,1058,250001.0,179476.0,6820,226,2906,2860,2557,303,2860,49,184,465.0,2000001.0,2799,1140,293,0,51,1242,59260.0,2995,2834,161,5085,2067,1225,683,472,1152,6858,06,013,354002,06013354002,Contra Costa,233,8.15,2018,29.43,70.57,0.0,12.13,3.31,10.59,89.41,10.47,40.73,0.0,1.82,44.37,21.17,5.38,4447,87.45,16.8
Census Tract 3551.07; Contra Costa County; California,5885,40.8,5885,1654,1096,10,926,13,833,1353,151845.0,51371.0,5869,782,1869,1833,1597,236,1833,24,0,2868.0,650000.0,2947,1892,167,0,5,248,,3218,3030,188,3895,1159,277,27,27,1258,5885,06,013,355107,06013355107,Contra Costa,24,1.31,4231,71.89,28.11,18.62,15.73,13.32,12.88,87.12,5.67,64.2,0.0,0.17,8.42,,5.84,1490,38.25,21.38
Census Tract 3551.09; Contra Costa County; California,7037,38.4,7037,1492,1204,118,1649,778,771,1025,120842.0,38685.0,6831,931,2186,2014,1452,562,2014,10,19,3036.0,683800.0,3033,2240,293,0,0,287,125035.0,3428,3069,359,4682,1027,340,114,62,1879,7037,06,013,355109,06013355109,Contra Costa,29,1.44,5545,78.8,21.2,17.11,23.43,13.63,27.9,72.1,9.66,73.85,0.0,0.0,9.46,41.22,10.47,1543,32.96,26.7
Census Tract 3551.10; Contra Costa County; California,3996,38.5,3996,1291,996,0,717,35,346,611,138269.0,49011.0,3996,407,1246,1140,859,281,1140,40,0,3501.0,639200.0,2227,1691,34,0,0,306,90040.0,2356,2200,108,2743,576,283,0,16,959,3996,06,013,355110,06013355110,Contra Costa,40,3.51,2705,67.69,32.31,24.92,17.94,10.19,24.65,75.35,1.53,75.93,0.0,0.0,13.74,40.43,4.58,875,31.9,24.0
Census Tract 3551.11; Contra Costa County; California,6581,40.7,6581,1654,1400,0,1576,12,853,1086,99543.0,42042.0,6568,763,2136,2095,1403,692,2095,7,0,2735.0,662300.0,3058,2128,51,0,0,447,,3288,3164,124,4696,781,353,28,54,1432,6581,06,013,355111,06013355111,Contra Costa,7,0.33,4927,74.87,25.13,21.27,23.95,11.62,33.03,66.97,1.67,69.59,0.0,0.0,14.62,,3.77,1216,25.89,21.76
Census Tract 3551.12; Contra Costa County; California,5544,51.9,5544,3853,126,2,883,0,175,505,206932.0,147752.0,5496,311,2230,2141,1941,200,2141,6,0,3501.0,2000001.0,2403,1077,81,0,262,859,53875.0,2480,2410,70,4275,1682,743,244,120,1244,5544,06,013,355112,06013355112,Contra Costa,6,0.28,1691,30.5,69.5,2.27,15.93,5.66,9.34,90.66,3.37,44.82,0.0,10.9,35.75,22.42,2.82,2789,65.24,22.44
Census Tract 3551.13; Contra Costa County; California,5453,42.9,5453,2894,579,8,1417,25,38,492,250001.0,100895.0,5453,494,1860,1807,1635,172,1807,12,0,3501.0,1925100.0,2334,1197,102,0,93,790,59645.0,2638,2558,80,3807,1419,836,226,141,1050,5453,06,013,355113,06013355113,Contra Costa,12,0.66,2559,46.93,53.07,10.62,25.99,9.06,9.52,90.48,4.37,51.29,0.0,3.98,33.85,25.55,3.03,2622,68.87,19.26
Census Tract 3551.15; Contra Costa County; California,10460,40.8,10460,2852,863,30,5595,0,265,855,150781.0,71142.0,10429,979,4042,4027,1736,2291,4027,38,225,2727.0,1413100.0,4901,2649,137,0,127,1673,90740.0,5544,5178,349,7355,2509,2354,238,159,5290,10460,06,013,355115,06013355115,Contra Costa,263,6.53,7608,72.73,27.27,8.25,53.49,9.39,56.89,43.11,2.8,54.05,0.0,2.59,34.14,18.51,6.3,5260,71.52,50.57
Census Tract 3551.18; Contra Costa County; California,3741,41.9,3741,833,546,235,976,0,721,430,113194.0,52700.0,3697,80,1275,1263,998,265,1263,0,55,3201.0,738600.0,2166,1422,166,0,0,396,77775.0,2243,2177,66,2744,704,158,33,2,1209,3741,06,013,355118,06013355118,Contra Costa,55,4.35,2908,77.73,22.27,14.6,26.09,2.16,20.98,79.02,7.66,65.65,0.0,0.0,18.28,35.91,2.94,897,32.69,32.32
Census Tract 3551.19; Contra Costa County; California,5063,37.2,5063,1313,1653,0,1217,0,302,578,166528.0,43778.0,4904,560,1215,1215,793,422,1215,40,90,3300.0,835800.0,2229,1237,103,0,0,512,88620.0,2397,2316,81,3196,856,170,47,66,1240,5063,06,013,355119,06013355119,Contra Costa,130,10.7,3750,74.07,25.93,32.65,24.04,11.42,34.73,65.27,4.62,55.5,0.0,0.0,22.97,39.76,3.38,1139,35.64,24.49
Census Tract 3551.20; Contra Costa County; California,4193,42.2,4193,1178,1021,6,634,0,759,595,102485.0,47370.0,4175,557,1368,1368,957,411,1368,0,10,3501.0,661500.0,1914,1128,73,0,27,447,52365.0,2270,1967,303,3037,684,474,35,0,875,4193,06,013,355120,06013355120,Contra Costa,10,0.73,3015,71.91,28.09,24.35,15.12,13.34,30.04,69.96,3.81,58.93,0.0,1.41,23.35,27.36,13.35,1193,39.28,20.87
Census Tract 3551.21; Contra Costa County; California,6121,42.0,6121,1496,252,10,3855,0,78,430,250001.0,89041.0,6121,157,2098,2045,1860,185,2045,0,0,3501.0,1654500.0,3101,1461,100,0,0,971,90315.0,3223,3133,90,4113,1311,1532,203,221,3150,6121,06,013,355121,06013355121,Contra Costa,0,0.0,4625,75.56,24.44,4.12,62.98,2.56,9.05,90.95,3.22,47.11,0.0,0.0,31.31,29.12,2.79,3267,79.43,51.46
Census Tract 3551.22; Contra Costa County; California,5410,41.2,5410,1708,134,0,3092,0,85,391,246979.0,85775.0,5287,147,1509,1509,1272,237,1509,0,37,2755.0,1843500.0,2170,1056,88,0,0,900,,2351,2209,142,3441,1343,883,162,202,2112,5410,06,013,355122,06013355122,Contra Costa,37,2.45,3702,68.43,31.57,2.48,57.15,2.78,15.71,84.29,4.06,48.66,0.0,0.0,41.47,,6.04,2590,75.27,39.04
Census Tract 3551.23; Contra Costa County; California,3046,42.9,3046,211,107,4,2291,185,4,244,250001.0,96517.0,3046,439,958,907,881,26,907,0,0,3501.0,1840400.0,1369,556,40,3,11,685,,1619,1465,154,2008,711,535,87,144,1677,3046,06,013,355123,06013355123,Contra Costa,0,0.0,2835,93.07,6.93,3.51,75.21,14.41,2.87,97.13,2.92,40.61,0.22,0.8,50.04,,9.51,1477,73.56,55.06
Census Tract 3551.24; Contra Costa County; California,4480,44.1,4480,452,0,0,3817,0,25,186,250001.0,103100.0,4480,145,1329,1304,1181,123,1304,12,0,3501.0,1786000.0,2332,967,93,0,0,1142,56185.0,2524,2349,175,2806,1235,945,133,101,2333,4480,06,013,355124,06013355124,Contra Costa,12,0.92,4028,89.91,10.09,0.0,85.2,3.24,9.43,90.57,3.99,41.47,0.0,0.0,48.97,24.09,6.93,2414,86.03,52.08
Census Tract 3551.25; Contra Costa County; California,3980,40.6,3980,317,145,12,2924,0,51,531,250001.0,80810.0,3980,89,1206,1162,788,374,1162,9,11,3163.0,1667200.0,2093,1067,132,0,27,778,,2139,2115,24,2528,1064,857,27,61,1903,3980,06,013,355125,06013355125,Contra Costa,20,1.72,3663,92.04,7.96,3.64,73.47,2.24,32.19,67.81,6.31,50.98,0.0,1.29,37.17,,1.12,2009,79.47,47.81
Census Tract 3551.26; Contra Costa County; California,5636,45.1,5636,1195,208,0,3820,0,185,228,250001.0,124900.0,5636,281,1588,1588,1320,268,1588,0,13,2750.0,2000001.0,2551,926,82,0,12,1293,,2700,2586,114,3650,1191,1195,215,170,2671,5636,06,013,355126,06013355126,Contra Costa,13,0.82,4441,78.8,21.2,3.69,67.78,4.99,16.88,83.12,3.21,36.3,0.0,0.47,50.69,,4.22,2771,75.92,47.39
Census Tract 3552.01; Contra Costa County; California,8798,38.2,8798,585,659,17,4297,596,1310,1334,173611.0,55124.0,8786,431,2681,2650,2168,482,2650,100,111,2885.0,743900.0,4928,3015,460,0,0,590,158090.0,5360,4950,410,6342,2075,673,127,92,3794,8798,06,013,355201,06013355201,Contra Costa,211,7.96,8213,93.35,6.65,7.49,48.84,4.91,18.19,81.81,9.33,61.18,0.0,0.0,11.97,32.08,7.65,2967,46.78,43.12
Census Tract 3552.02; Contra Costa County; California,3803,35.6,3803,370,692,105,2149,40,155,292,136354.0,44354.0,3803,296,1187,1015,603,412,1015,35,0,2768.0,868200.0,1795,1265,100,0,0,174,,2035,1875,160,2497,518,253,32,79,1341,3803,06,013,355202,06013355202,Contra Costa,35,3.45,3433,90.27,9.73,18.2,56.51,7.78,40.59,59.41,5.57,70.47,0.0,0.0,9.69,,7.86,882,35.32,35.26
Census Tract 3553.02; Contra Costa County; California,3299,45.5,3299,1881,87,34,1011,0,40,246,250001.0,105824.0,3273,77,1206,1196,1130,66,1196,10,0,3501.0,1616900.0,1389,619,84,19,27,611,,1416,1389,19,2378,1014,503,164,128,959,3299,06,013,355302,06013355302,Contra Costa,10,0.84,1418,42.98,57.02,2.64,30.65,2.35,5.52,94.48,6.05,44.56,1.37,1.94,43.99,,1.34,1809,76.07,29.07
Census Tract 3553.06; Contra Costa County; California,4562,43.6,4562,3396,45,32,269,0,71,749,162019.0,83129.0,4562,142,1625,1625,1470,155,1625,91,0,2333.0,1088500.0,2189,1431,32,0,26,447,64495.0,2484,2293,191,3195,1347,402,89,56,389,4562,06,013,355306,06013355306,Contra Costa,91,5.6,1166,25.56,74.44,0.99,5.9,3.11,9.54,90.46,1.46,65.37,0.0,1.19,20.42,29.46,7.69,1894,59.28,8.53
Census Tract 3553.07; Contra Costa County; California,4526,43.9,4526,2552,0,0,791,0,293,890,129617.0,68777.0,4526,115,1731,1683,1331,352,1683,31,11,1952.0,987400.0,1971,1472,19,0,45,317,,2266,2100,166,3022,889,471,92,7,619,4526,06,013,355307,06013355307,Contra Costa,42,2.5,1974,43.61,56.39,0.0,17.48,2.54,20.92,79.08,0.96,74.68,0.0,2.28,16.08,,7.33,1459,48.28,13.68
Census Tract 3553.08; Contra Costa County; California,3521,44.6,3521,2229,24,7,352,0,170,739,175391.0,64107.0,3521,62,1351,1351,1142,209,1351,11,25,3501.0,997600.0,1624,984,30,17,27,464,,1720,1708,12,2336,994,236,57,40,682,3521,06,013,355308,06013355308,Contra Costa,36,2.66,1292,36.69,63.31,0.68,10.0,1.76,15.47,84.53,1.85,60.59,1.05,1.66,28.57,,0.7,1327,56.81,19.37
Census Tract 3553.09; Contra Costa County; California,4603,47.2,4603,2730,46,0,666,83,99,979,190882.0,78683.0,4603,103,1615,1532,1437,95,1532,11,0,3243.0,1163900.0,2128,1247,15,11,16,638,,2276,2164,101,3373,1476,324,133,31,771,4603,06,013,355309,06013355309,Contra Costa,11,0.72,1873,40.69,59.31,1.0,14.47,2.24,6.2,93.8,0.7,58.6,0.52,0.75,29.98,,4.44,1964,58.23,16.75
Census Tract 3553.10; Contra Costa County; California,2837,40.2,2837,1634,132,10,412,6,141,502,100417.0,46912.0,2809,107,1224,1175,879,296,1175,0,0,2885.0,785100.0,1456,950,89,0,0,256,,1602,1519,71,2083,538,121,63,0,402,2837,06,013,355310,06013355310,Contra Costa,0,0.0,1203,42.4,57.6,4.65,14.52,3.81,25.19,74.81,6.11,65.25,0.0,0.0,17.58,,4.43,722,34.66,14.17
Census Tract 3560.01; Contra Costa County; California,3698,43.6,3698,945,290,0,1239,86,679,459,115938.0,45952.0,3693,106,1173,1138,822,316,1138,42,0,2589.0,699700.0,1678,1092,192,0,2,237,56155.0,1886,1709,177,2617,549,98,23,6,1152,3698,06,013,356001,06013356001,Contra Costa,42,3.69,2753,74.45,25.55,7.84,33.5,2.87,27.77,72.23,11.44,65.08,0.0,0.12,14.12,33.47,9.38,676,25.83,31.15
Census Tract 3560.02; Contra Costa County; California,5612,48.3,5612,1601,871,0,1916,0,78,1146,121275.0,60321.0,5612,517,2174,2152,1953,199,2152,74,0,2950.0,884500.0,2526,1357,173,0,0,757,,2848,2578,270,4112,1220,481,108,37,1430,5612,06,013,356002,06013356002,Contra Costa,74,3.44,4011,71.47,28.53,15.52,34.14,9.21,9.25,90.75,6.85,53.72,0.0,0.0,29.97,,9.48,1846,44.89,25.48
Census Tract 3570; Contra Costa County; California,3212,49.3,3212,2144,312,0,209,0,207,340,103333.0,60390.0,3209,197,1678,1526,880,646,1526,26,54,2344.0,776500.0,1446,812,15,18,52,394,35455.0,1579,1457,122,2525,535,241,77,0,314,3212,06,013,357000,06013357000,Contra Costa,80,5.24,1068,33.25,66.75,9.71,6.51,6.14,42.33,57.67,1.04,56.15,1.24,3.6,27.25,24.52,7.73,853,33.78,9.78
Census Tract 3580; Contra Costa County; California,5818,40.2,5818,1793,1037,38,733,34,1471,712,80255.0,39553.0,5818,829,2299,2137,1063,1074,2137,24,116,2045.0,602700.0,2742,1760,95,55,50,361,93135.0,3071,2742,329,4180,1082,307,60,11,1007,5818,06,013,358000,06013358000,Contra Costa,140,6.55,4025,69.18,30.82,17.82,12.6,14.25,50.26,49.74,3.46,64.19,2.01,1.82,13.17,33.97,10.71,1460,34.93,17.31
Census Tract 3591.02; Contra Costa County; California,5676,44.6,5676,1677,415,245,2131,0,562,646,137647.0,44005.0,5614,389,1861,1760,1304,456,1760,57,0,2696.0,656500.0,2701,1758,245,0,48,307,84065.0,2997,2828,169,4452,1290,305,20,36,2351,5676,06,013,359102,06013359102,Contra Costa,57,3.24,3999,70.45,29.55,7.31,37.54,6.93,25.91,74.09,9.07,65.09,0.0,1.78,11.37,31.12,5.64,1651,37.08,41.42
Census Tract 3591.03; Contra Costa County; California,5168,42.5,5168,1332,879,0,1583,9,457,908,108413.0,51555.0,5168,494,2175,1962,1422,540,1962,46,47,2310.0,657300.0,2786,1591,20,0,1,721,,2879,2809,70,3891,1185,280,51,15,1599,5168,06,013,359103,06013359103,Contra Costa,93,4.74,3836,74.23,25.77,17.01,30.63,9.56,27.52,72.48,0.72,57.11,0.0,0.04,25.88,,2.43,1531,39.35,30.94
Census Tract 3591.04; Contra Costa County; California,2648,42.2,2648,461,876,0,666,0,197,448,99796.0,62730.0,2619,298,1310,1303,1097,206,1303,44,26,2646.0,533600.0,1508,795,386,7,0,242,54970.0,1656,1526,130,1957,618,214,24,37,833,2648,06,013,359104,06013359104,Contra Costa,70,5.37,2187,82.59,17.41,33.08,25.15,11.38,15.81,84.19,25.6,52.72,0.46,0.0,16.05,36.45,7.85,893,45.63,31.46
Census Tract 3591.05; Contra Costa County; California,5183,41.1,5183,591,1203,0,2135,0,522,732,139565.0,64519.0,5181,119,1966,1896,1316,580,1896,18,19,3478.0,786500.0,2638,1651,235,6,17,646,86045.0,2955,2758,188,3780,1342,485,80,64,1668,5183,06,013,359105,06013359105,Contra Costa,37,1.95,4592,88.6,11.4,23.21,41.19,2.3,30.59,69.41,8.91,62.59,0.23,0.64,24.49,32.62,6.36,1971,52.14,32.18
Census Tract 3592.02; Contra Costa County; California,6427,48.0,6427,2237,391,196,1140,4,1155,1304,148021.0,59683.0,6420,292,2377,2289,2064,225,2289,228,55,3389.0,801900.0,3010,2064,191,37,13,458,94720.0,3102,3010,92,4834,927,789,65,105,1907,6427,06,013,359202,06013359202,Contra Costa,283,12.36,4190,65.19,34.81,6.08,17.74,4.55,9.83,90.17,6.35,68.57,1.23,0.43,15.22,31.47,2.97,1886,39.02,29.67
Census Tract 3592.03; Contra Costa County; California,7058,45.5,7058,1351,1091,77,3034,0,605,900,146435.0,51135.0,7056,510,2409,2361,1921,440,2361,56,40,3481.0,707600.0,3360,2156,191,0,14,558,94835.0,3742,3419,312,5450,1571,480,32,76,2681,7058,06,013,359203,06013359203,Contra Costa,96,4.07,5707,80.86,19.14,15.46,42.99,7.23,18.64,81.36,5.68,64.17,0.0,0.42,16.61,28.22,8.34,2159,39.61,37.99
Census Tract 3592.04; Contra Costa County; California,4489,48.9,4489,902,633,17,1839,157,340,601,134800.0,55396.0,4484,227,1533,1476,1247,229,1476,15,74,2108.0,879200.0,2097,1448,175,8,9,343,59320.0,2268,2147,121,3433,1154,254,35,107,1417,4489,06,013,359204,06013359204,Contra Costa,89,6.03,3587,79.91,20.09,14.1,40.97,5.06,15.51,84.49,8.35,69.05,0.38,0.43,16.36,28.29,5.34,1550,45.15,31.57
Census Tract 3601.01; Contra Costa County; California,4194,41.8,4194,1591,369,58,1067,0,703,406,129607.0,71041.0,4157,301,1657,1547,1138,409,1547,30,61,3040.0,824500.0,1868,1263,87,7,39,215,,2138,1902,236,3167,983,282,32,109,1148,4194,06,013,360101,06013360101,Contra Costa,91,5.88,2603,62.06,37.94,8.8,25.44,7.24,26.44,73.56,4.66,67.61,0.37,2.09,11.51,,11.04,1406,44.4,27.37
Census Tract 3601.02; Contra Costa County; California,5339,46.4,5339,1941,570,3,1229,8,854,734,160305.0,51501.0,5338,350,1628,1593,1488,105,1593,46,0,2897.0,872700.0,2437,1462,118,11,19,577,68175.0,2690,2469,221,4064,1399,425,192,96,1644,5339,06,013,360102,06013360102,Contra Costa,46,2.89,3398,63.64,36.36,10.68,23.02,6.56,6.59,93.41,4.84,59.99,0.45,0.78,23.68,27.97,8.22,2112,51.97,30.79
Census Tract 3602; Contra Costa County; California,5362,35.9,5362,1476,579,0,1093,206,554,1454,117452.0,45502.0,5261,600,1950,1857,1000,857,1857,8,23,2133.0,765000.0,2664,1829,140,6,0,276,,2836,2737,99,4127,847,229,51,20,1863,5362,06,013,360200,06013360200,Contra Costa,31,1.67,3886,72.47,27.53,10.8,20.38,11.4,46.15,53.85,5.26,68.66,0.23,0.0,10.36,,3.49,1147,27.79,34.74
Census Tract 3610; Contra Costa County; California,5019,39.7,5019,1391,604,24,1154,50,1064,732,113727.0,53761.0,4982,568,1893,1794,1218,576,1794,22,14,2169.0,729300.0,2824,1776,187,0,0,420,75680.0,2937,2838,99,3506,1136,427,79,71,1634,5019,06,013,361000,06013361000,Contra Costa,36,2.01,3628,72.29,27.71,12.03,22.99,11.4,32.11,67.89,6.62,62.89,0.0,0.0,14.87,26.8,3.37,1713,48.86,32.56
Census Tract 3620; Contra Costa County; California,2788,46.1,2788,1581,124,6,319,0,29,729,138333.0,65543.0,2783,157,1277,1130,982,148,1130,25,25,2000.0,915100.0,1603,865,140,12,15,513,39800.0,1765,1628,137,2170,778,397,68,90,362,2788,06,013,362000,06013362000,Contra Costa,50,4.42,1207,43.29,56.71,4.45,11.44,5.64,13.1,86.9,8.73,53.96,0.75,0.94,32.0,24.83,7.76,1333,61.43,12.98
Census Tract 3630; Contra Costa County; California,7228,46.2,7228,1977,1282,46,2051,0,582,1290,98733.0,45912.0,7184,728,2962,2701,2092,609,2701,11,68,2520.0,694700.0,3270,2196,88,0,0,504,,3591,3483,108,5819,1488,856,23,61,2031,7228,06,013,363000,06013363000,Contra Costa,79,2.92,5251,72.65,27.35,17.74,28.38,10.13,22.55,77.45,2.69,67.16,0.0,0.0,15.41,,3.01,2428,41.73,28.1
Census Tract 3640.02; Contra Costa County; California,5253,38.8,5253,1227,830,0,979,41,1337,839,100531.0,46278.0,5250,415,1923,1923,1317,606,1923,95,183,2386.0,672000.0,2188,1502,104,0,7,232,68550.0,2601,2397,204,3531,850,197,44,11,1620,5253,06,013,364002,06013364002,Contra Costa,278,14.46,4026,76.64,23.36,15.8,18.64,7.9,31.51,68.49,4.75,68.65,0.0,0.32,10.6,31.33,7.84,1102,31.21,30.84
Census Tract 3650.02; Contra Costa County; California,5114,31.8,5114,639,558,94,590,228,1710,1295,83587.0,29005.0,5114,579,1454,1310,783,527,1310,114,55,2041.0,572200.0,2539,1575,81,11,0,255,69715.0,2763,2596,167,3135,436,86,12,5,2011,5114,06,013,365002,06013365002,Contra Costa,169,12.9,4475,87.5,12.5,10.91,11.54,11.32,40.23,59.77,3.19,62.03,0.43,0.0,10.04,27.46,6.04,539,17.19,39.32
Census Tract 3650.03; Contra Costa County; California,5589,40.3,5589,1119,1732,0,764,28,1069,877,85229.0,48982.0,5589,1021,2638,2539,501,2038,2539,0,287,2467.0,610400.0,2873,1335,190,0,0,573,,3304,2900,404,4238,1317,591,41,76,1619,5589,06,013,365003,06013365003,Contra Costa,287,11.3,4470,79.98,20.02,30.99,13.67,18.27,80.27,19.73,6.61,46.47,0.0,0.0,19.94,,12.23,2025,47.78,28.97
Census Tract 3660.01; Contra Costa County; California,4016,39.9,4016,471,406,25,618,0,2066,430,84028.0,33541.0,3798,412,1299,1299,835,464,1299,5,13,2130.0,567700.0,1885,1163,103,0,0,258,,2198,2010,188,2737,251,119,38,0,1728,4016,06,013,366001,06013366001,Contra Costa,18,1.39,3545,88.27,11.73,10.11,15.39,10.85,35.72,64.28,5.46,61.7,0.0,0.0,13.69,,8.55,408,14.91,43.03
Census Tract 3660.02; Contra Costa County; California,6252,33.8,6252,608,473,149,502,11,2634,1875,79355.0,29450.0,6252,992,1833,1808,846,962,1808,96,273,1778.0,556500.0,2788,1683,206,14,83,226,79065.0,3244,3025,219,3887,446,62,16,25,2448,6252,06,013,366002,06013366002,Contra Costa,369,20.41,5644,90.28,9.72,7.57,8.03,15.87,53.21,46.79,7.39,60.37,0.5,2.98,8.11,28.36,6.75,549,14.12,39.16
Census Tract 3671; Contra Costa County; California,5780,36.0,5780,666,1760,0,887,86,1063,1318,72005.0,36077.0,5771,670,2144,2000,1012,988,2000,0,147,1800.0,648900.0,2985,2131,219,0,138,82,94560.0,3419,3029,390,3941,630,140,6,8,1555,5780,06,013,367100,06013367100,Contra Costa,147,7.35,5114,88.48,11.52,30.45,15.35,11.61,49.4,50.6,7.34,71.39,0.0,4.62,2.75,31.68,11.41,784,19.89,26.9
Census Tract 3672; Contra Costa County; California,5617,38.7,5617,733,651,45,1253,0,2091,844,95278.0,37675.0,5590,762,1798,1734,1066,668,1734,63,96,2152.0,602800.0,2558,1758,147,0,0,235,83030.0,2962,2683,279,3998,501,222,64,83,2408,5617,06,013,367200,06013367200,Contra Costa,159,9.17,4884,86.95,13.05,11.59,22.31,13.63,38.52,61.48,5.75,68.73,0.0,0.0,9.19,32.46,9.42,870,21.76,42.87
Census Tract 3680.01; Contra Costa County; California,5498,31.6,5498,276,758,252,320,0,3099,793,102666.0,27161.0,5498,571,1410,1391,729,662,1391,49,33,1931.0,567500.0,2206,1518,60,0,51,162,,2703,2289,414,3278,317,48,0,9,2224,5498,06,013,368001,06013368001,Contra Costa,82,5.9,5222,94.98,5.02,13.79,5.82,10.39,47.59,52.41,2.72,68.81,0.0,2.31,7.34,,15.32,374,11.41,40.45
Census Tract 3680.02; Contra Costa County; California,4306,31.6,4306,510,239,115,394,0,2218,830,67266.0,22476.0,4306,370,1214,1174,421,753,1174,38,42,1700.0,489500.0,1846,1301,95,51,60,56,52555.0,2093,1935,158,2591,280,34,0,0,2022,4306,06,013,368002,06013368002,Contra Costa,80,6.81,3796,88.16,11.84,5.55,9.15,8.59,64.14,35.86,5.15,70.48,2.76,3.25,3.03,28.47,7.55,314,12.12,46.96
Census Tract 3690.01; Contra Costa County; California,7676,36.9,7676,1152,516,113,2285,0,2450,1160,76969.0,31349.0,7277,971,2656,2621,728,1893,2621,0,164,2146.0,517900.0,3189,2044,121,0,128,300,82790.0,3394,3270,124,5090,832,178,0,12,4230,7676,06,013,369001,06013369001,Contra Costa,164,6.26,6524,84.99,15.01,6.72,29.77,13.34,72.22,27.78,3.79,64.1,0.0,4.01,9.41,25.96,3.65,1022,20.08,55.11
Census Tract 3690.02; Contra Costa County; California,2805,35.7,2805,1259,248,0,128,0,536,634,69640.0,41246.0,2805,522,1097,1040,529,511,1040,0,0,2022.0,794600.0,1333,726,104,0,16,181,30765.0,1600,1356,244,2004,508,170,31,46,719,2805,06,013,369002,06013369002,Contra Costa,0,0.0,1546,55.12,44.88,8.84,4.56,18.61,49.13,50.87,7.8,54.46,0.0,1.2,13.58,23.08,15.25,755,37.67,25.63
Census Tract 3700; Contra Costa County; California,2920,43.7,2920,1465,185,7,556,0,370,337,158438.0,68602.0,2920,68,1139,1099,854,245,1099,36,0,2285.0,912200.0,1468,682,123,8,11,421,31505.0,1520,1475,45,2157,624,444,66,116,873,2920,06,013,370000,06013370000,Contra Costa,36,3.28,1455,49.83,50.17,6.34,19.04,2.33,22.29,77.71,8.38,46.46,0.54,0.75,28.68,21.46,2.96,1250,57.95,29.9
Census Tract 3710; Contra Costa County; California,5782,41.4,5782,1769,755,328,865,19,892,1154,100491.0,49541.0,5782,460,2246,2120,1194,926,2120,60,0,2468.0,632700.0,3241,2291,139,28,14,421,95185.0,3636,3306,330,4166,687,480,40,40,1933,5782,06,013,371000,06013371000,Contra Costa,60,2.83,4013,69.41,30.59,13.06,14.96,7.96,43.68,56.32,4.29,70.69,0.86,0.43,12.99,29.37,9.08,1247,29.93,33.43
Census Tract 3720; Contra Costa County; California,7270,38.4,7270,1039,312,778,1368,40,2708,1025,98059.0,39939.0,7270,517,2654,2485,1747,738,2485,278,0,2151.0,635200.0,4116,2536,466,0,86,236,110695.0,4632,4281,306,5260,1129,404,15,57,3126,7270,06,013,372000,06013372000,Contra Costa,278,11.19,6231,85.71,14.29,4.29,18.82,7.11,29.7,70.3,11.32,61.61,0.0,2.09,5.73,26.89,6.61,1605,30.51,43.0
Census Tract 3730; Contra Costa County; California,4798,35.2,4798,208,277,410,121,0,2786,996,99808.0,34086.0,4744,572,1402,1402,755,647,1402,15,0,2250.0,576700.0,2339,1513,451,14,11,175,,2510,2353,157,3235,138,168,0,0,2301,4798,06,013,373000,06013373000,Contra Costa,15,1.07,4590,95.66,4.34,5.77,2.52,12.06,46.15,53.85,19.28,64.69,0.6,0.47,7.48,,6.25,306,9.46,47.96
Census Tract 3740; Contra Costa County; California,5110,37.9,5110,1273,529,34,480,0,2309,485,93750.0,41889.0,5110,917,1949,1909,1007,902,1909,70,125,1673.0,631700.0,2541,1820,99,22,0,314,79930.0,2859,2639,220,3697,881,334,50,21,1779,5110,06,013,374000,06013374000,Contra Costa,195,10.21,3837,75.09,24.91,10.35,9.39,17.95,47.25,52.75,3.9,71.63,0.87,0.0,12.36,31.46,7.69,1286,34.78,34.81
Census Tract 3750; Contra Costa County; California,5367,25.7,5367,473,234,459,244,0,2257,1700,77667.0,24006.0,5362,791,1494,1456,573,883,1456,26,118,1619.0,622500.0,2505,1701,97,0,70,156,85745.0,2846,2538,293,2806,130,40,9,0,2612,5367,06,013,375000,06013375000,Contra Costa,144,9.89,4894,91.19,8.81,4.36,4.55,14.75,60.65,39.35,3.87,67.9,0.0,2.79,6.23,34.23,10.3,179,6.38,48.67
Census Tract 3760; Contra Costa County; California,6816,31.8,6816,585,1081,30,322,19,3282,1497,73730.0,26649.0,6810,1097,2113,1923,779,1144,1923,61,143,1534.0,465100.0,2902,1449,206,8,33,198,102145.0,3520,3264,256,4216,103,214,0,28,3075,6816,06,013,376000,06013376000,Contra Costa,204,10.61,6231,91.42,8.58,15.86,4.72,16.11,59.49,40.51,7.1,49.93,0.28,1.14,6.82,35.2,7.27,345,8.18,45.11
Census Tract 3770; Contra Costa County; California,7870,36.6,7870,433,1246,249,372,0,4809,761,49837.0,22928.0,7819,1786,2666,2629,1111,1518,2629,97,520,1379.0,525600.0,2715,1329,322,0,114,293,95105.0,3777,3049,728,5217,324,140,89,0,3745,7870,06,013,377000,06013377000,Contra Costa,617,23.47,7437,94.5,5.5,15.83,4.73,22.84,57.74,42.26,11.86,48.95,0.0,4.2,10.79,35.03,19.27,553,10.6,47.59
Census Tract 3780; Contra Costa County; California,4342,50.1,4342,2765,50,0,448,12,389,678,137043.0,85730.0,4336,160,2120,2064,1227,837,2064,59,62,1996.0,1015800.0,2224,1087,84,34,107,772,41465.0,2566,2431,135,3530,1140,749,238,225,719,4342,06,013,378000,06013378000,Contra Costa,121,5.86,1577,36.32,63.68,1.15,10.32,3.69,40.55,59.45,3.78,48.88,1.53,4.81,34.71,18.64,5.26,2352,66.63,16.56
Census Tract 3790; Contra Costa County; California,7828,30.7,7828,397,1274,102,96,112,4040,1807,68963.0,22680.0,7685,2686,2174,2029,864,1165,2029,2,148,1683.0,499100.0,3069,2131,265,0,35,271,86460.0,3519,3228,276,4437,324,122,49,17,2845,7828,06,013,379000,06013379000,Contra Costa,150,7.39,7431,94.93,5.07,16.27,1.23,34.95,57.42,42.58,8.63,69.44,0.0,1.14,8.83,28.17,7.84,512,11.54,36.34
Census Tract 3800.01; Contra Costa County; California,3104,46.0,3104,1431,297,15,672,0,288,401,143491.0,104684.0,3104,115,1923,1829,1334,495,1829,12,5,2796.0,613800.0,2047,1177,190,6,0,523,51205.0,2106,2067,39,2759,887,755,133,231,686,3104,06,013,380001,06013380001,Contra Costa,17,0.93,1673,53.9,46.1,9.57,21.65,3.7,27.06,72.94,9.28,57.5,0.29,0.0,25.55,25.01,1.85,2006,72.71,22.1
Census Tract 3800.02; Contra Costa County; California,3438,41.1,3438,802,777,0,449,0,481,929,82632.0,56563.0,3438,244,1519,1506,962,544,1506,16,87,2170.0,636100.0,1621,754,154,17,18,397,,1944,1780,164,2674,937,496,0,38,825,3438,06,013,380002,06013380002,Contra Costa,103,6.84,2636,76.67,23.33,22.6,13.06,7.1,36.12,63.88,9.5,46.51,1.05,1.11,24.49,,8.44,1471,55.01,24.0
Census Tract 3810; Contra Costa County; California,6838,35.9,6838,1556,2107,73,464,0,1260,1378,87603.0,34872.0,6812,1409,2422,2265,1133,1132,2265,71,179,1576.0,569100.0,2701,1727,367,21,52,130,90320.0,3232,3037,195,4532,813,145,20,52,2025,6838,06,013,381000,06013381000,Contra Costa,250,11.04,5282,77.24,22.76,30.81,6.79,20.68,49.98,50.02,13.59,63.94,0.78,1.93,4.81,33.44,6.03,1030,22.73,29.61
Census Tract 3820; Contra Costa County; California,8541,34.6,8541,1592,2818,0,999,233,2116,783,61862.0,28576.0,8501,875,3095,2982,1220,1762,2982,64,278,1236.0,652100.0,3828,2400,294,0,0,292,109280.0,4350,4030,320,5519,404,310,0,26,2740,8541,06,013,382000,06013382000,Contra Costa,342,11.47,6949,81.36,18.64,32.99,11.7,10.29,59.09,40.91,7.68,62.7,0.0,0.0,7.63,28.55,7.36,740,13.41,32.08
Census Tract 3830; Contra Costa County; California,5243,39.7,5243,2406,206,0,1155,20,355,1101,133804.0,60620.0,5238,343,2236,2136,1044,1092,2136,19,84,2027.0,915100.0,3118,1668,329,22,48,899,65480.0,3452,3147,291,4048,1220,652,206,113,1460,5243,06,013,383000,06013383000,Contra Costa,103,4.82,2837,54.11,45.89,3.93,22.03,6.55,51.12,48.88,10.55,53.5,0.71,1.54,28.83,21.0,8.43,2191,54.13,27.85
Census Tract 3840; Contra Costa County; California,4185,41.7,4185,2170,189,123,858,0,78,767,179770.0,94175.0,4166,81,1719,1705,1455,250,1705,80,26,3501.0,1092000.0,2298,834,285,14,7,900,49320.0,2519,2362,157,3189,1147,675,320,189,792,4185,06,013,384000,06013384000,Contra Costa,106,6.22,2015,48.15,51.85,4.52,20.5,1.94,14.66,85.34,12.4,36.29,0.61,0.3,39.16,21.46,6.23,2331,73.1,18.92
Census Tract 3851; Contra Costa County; California,2735,56.9,2735,1406,81,0,780,0,39,429,152635.0,96885.0,2705,204,1254,1200,954,246,1200,22,6,3501.0,1310100.0,1255,554,102,9,15,467,,1339,1270,69,2234,693,423,225,221,733,2735,06,013,385100,06013385100,Contra Costa,28,2.33,1329,48.59,51.41,2.96,28.52,7.54,20.5,79.5,8.13,44.14,0.72,1.2,37.21,,5.15,1562,69.92,26.8
Census Tract 3852; Contra Costa County; California,1411,49.1,1411,609,181,0,482,6,11,122,160893.0,78572.0,1411,90,563,558,450,108,558,10,0,3501.0,1185600.0,597,215,62,16,9,208,12120.0,617,604,13,1095,331,185,94,147,509,1411,06,013,385200,06013385200,Contra Costa,10,1.79,802,56.84,43.16,12.83,34.16,6.38,19.35,80.65,10.39,36.01,2.68,1.51,34.84,20.3,2.11,757,69.13,36.07
Census Tract 3860; Contra Costa County; California,3793,33.0,3793,1167,427,6,1464,0,264,465,83162.0,44570.0,3793,661,1605,1539,395,1144,1539,20,227,2595.0,897300.0,1931,730,596,21,63,404,,2210,2010,200,2762,1058,398,44,172,1773,3793,06,013,386000,06013386000,Contra Costa,247,16.05,2626,69.23,30.77,11.26,38.6,17.43,74.33,25.67,30.86,37.8,1.09,3.26,20.92,,9.05,1672,60.54,46.74
Census Tract 3870; Contra Costa County; California,3165,37.6,3165,1372,193,66,768,0,126,640,126250.0,61368.0,3164,86,1293,1293,669,624,1293,12,26,2432.0,970400.0,1767,851,166,23,113,549,37500.0,1863,1792,71,2275,908,328,58,170,1109,3165,06,013,387000,06013387000,Contra Costa,38,2.94,1793,56.65,43.35,6.1,24.27,2.72,48.26,51.74,9.39,48.16,1.3,6.4,31.07,21.22,3.81,1464,64.35,35.04
Census Tract 3880; Contra Costa County; California,2778,43.4,2778,1516,30,0,661,39,91,441,115313.0,65009.0,2778,188,1204,1129,649,480,1129,10,26,2542.0,944100.0,1425,518,281,23,35,394,30025.0,1527,1449,78,2170,731,616,53,89,788,2778,06,013,388000,06013388000,Contra Costa,36,3.19,1262,45.43,54.57,1.08,23.79,6.77,42.52,57.48,19.72,36.35,1.61,2.46,27.65,21.07,5.11,1489,68.62,28.37
Census Tract 3891; Contra Costa County; California,2316,38.6,2316,749,166,15,837,0,125,424,85045.0,57879.0,2316,125,1167,1120,322,798,1120,30,157,2390.0,1046400.0,1295,558,208,10,43,433,25750.0,1388,1310,78,1775,553,355,109,24,681,2316,06,013,389100,06013389100,Contra Costa,187,16.7,1567,67.66,32.34,7.17,36.14,5.4,71.25,28.75,16.06,43.09,0.77,3.32,33.44,19.88,5.62,1041,58.65,29.4
Census Tract 3892; Contra Costa County; California,1777,35.8,1777,373,147,60,829,0,245,123,89519.0,44958.0,1752,219,736,717,52,665,717,0,61,2242.0,921100.0,994,510,137,37,44,188,27215.0,1086,1029,57,1371,500,151,10,94,861,1777,06,013,389200,06013389200,Contra Costa,61,8.51,1404,79.01,20.99,8.27,46.65,12.5,92.75,7.25,13.78,51.31,3.72,4.43,18.91,27.38,5.25,755,55.07,48.45
Census Tract 3901; Contra Costa County; California,2348,48.6,2348,1586,23,11,411,0,61,256,187750.0,90831.0,2342,122,1063,960,840,120,960,24,37,2763.0,1228000.0,1111,449,63,12,0,466,23115.0,1231,1112,115,1837,665,422,131,209,541,2348,06,013,390100,06013390100,Contra Costa,61,6.35,762,32.45,67.55,0.98,17.5,5.21,12.5,87.5,5.67,40.41,1.08,0.0,41.94,20.81,9.34,1427,77.68,23.04
Census Tract 3902; Contra Costa County; California,1830,47.0,1830,1188,1,0,340,0,91,210,192667.0,99105.0,1799,27,803,770,695,75,770,28,5,3212.0,1203500.0,909,309,164,42,38,317,19925.0,981,934,47,1420,538,364,75,126,405,1830,06,013,390200,06013390200,Contra Costa,33,4.29,642,35.08,64.92,0.05,18.58,1.5,9.74,90.26,18.04,33.99,4.62,4.18,34.87,21.92,4.79,1103,77.68,22.13
Census Tract 3910; Contra Costa County; California,2636,46.5,2636,1814,64,0,312,0,44,402,195250.0,104205.0,2636,66,1101,1094,923,171,1094,43,0,3501.0,1518500.0,1220,270,80,29,31,692,,1373,1252,121,1925,640,517,129,306,303,2636,06,013,391000,06013391000,Contra Costa,43,3.93,822,31.18,68.82,2.43,11.84,2.5,15.63,84.37,6.56,22.13,2.38,2.54,56.72,,8.81,1592,82.7,11.49
Census Tract 3920; Contra Costa County; California,2474,47.4,2474,1703,52,9,275,0,25,410,250001.0,123525.0,2466,98,1083,1027,921,106,1027,28,0,3501.0,1550900.0,1291,435,97,18,32,652,,1451,1355,96,1905,546,503,254,324,419,2474,06,013,392000,06013392000,Contra Costa,28,2.73,771,31.16,68.84,2.1,11.12,3.97,10.32,89.68,7.51,33.69,1.39,2.48,50.5,,6.62,1627,85.41,16.94
Census Tract 3922.01; Contra Costa County; California,5257,35.5,5257,801,947,146,1842,0,671,850,118412.0,48833.0,5145,614,1828,1819,1240,579,1819,144,0,2863.0,739600.0,2707,1558,183,0,0,451,80170.0,2870,2738,132,3619,1084,288,84,243,1965,5257,06,013,392201,06013392201,Contra Costa,144,7.92,4456,84.76,15.24,18.01,35.04,11.93,31.83,68.17,6.76,57.55,0.0,0.0,16.66,29.62,4.6,1699,46.95,37.38
Census Tract 3922.02; Contra Costa County; California,4814,45.5,4814,1191,231,129,631,25,1528,1079,116765.0,42305.0,4814,441,1590,1486,1048,438,1486,8,0,2629.0,564900.0,2506,1593,82,0,14,182,72290.0,2759,2546,213,3638,514,148,63,19,2166,4814,06,013,392202,06013392202,Contra Costa,8,0.54,3623,75.26,24.74,4.8,13.11,9.16,29.48,70.52,3.27,63.57,0.0,0.56,7.26,28.85,7.72,744,20.45,44.99
Census Tract 3923; Contra Costa County; California,4040,39.9,4040,152,627,0,2559,159,146,397,172000.0,55544.0,4040,209,1174,1152,847,305,1152,13,5,1776.0,985400.0,2025,1317,144,0,11,292,60135.0,2201,2114,87,2712,884,425,128,47,2044,4040,06,013,392300,06013392300,Contra Costa,18,1.56,3888,96.24,3.76,15.52,63.34,5.17,26.48,73.52,7.11,65.04,0.0,0.54,14.42,29.7,3.95,1484,54.72,50.59
Census Tract 9800; Contra Costa County; California,475,35.5,475,181,91,0,1,0,107,95,,17253.0,0,0,0,0,0,0,0,0,0,,,0,0,0,0,0,0,,0,0,0,380,38,1,0,0,78,475,06,013,980000,06013980000,Contra Costa,0,,294,61.89,38.11,19.16,0.21,,,,,,,,,,,39,10.26,16.42
Census Tract 9900; Contra Costa County; California,0,,0,0,0,0,0,0,0,0,,,0,0,0,0,0,0,0,0,0,,,0,0,0,0,0,0,,0,0,0,0,0,0,0,0,0,0,06,013,990000,06013990000,Contra Costa,0,,0,,,,,,,,,,,,,,,0,,
Census Tract 1011; Marin County; California,2428,53.6,2428,1776,0,0,507,0,8,137,208958.0,112380.0,2428,78,1137,1087,982,105,1087,13,0,3131.0,1535500.0,1140,623,34,0,41,386,,1252,1185,67,1964,737,266,136,90,416,2428,06,041,101100,06041101100,Marin,13,1.2,652,26.85,73.15,0.0,20.88,3.21,9.66,90.34,2.98,54.65,0.0,3.6,33.86,,5.35,1229,62.58,17.13
Census Tract 1012; Marin County; California,2808,49.6,2808,2192,131,13,114,12,114,232,114646.0,63878.0,2775,227,1087,1031,848,183,1031,0,0,2273.0,1097900.0,1397,919,15,37,9,288,,1481,1417,64,2035,805,154,57,59,466,2808,06,041,101200,06041101200,Marin,0,0.0,616,21.94,78.06,4.67,4.06,8.18,17.75,82.25,1.07,65.78,2.65,0.64,20.62,,4.32,1075,52.83,16.6
Census Tract 1021; Marin County; California,2209,57.0,2209,1454,15,0,249,2,143,346,127500.0,71310.0,2209,76,1055,1012,832,180,1012,24,0,2391.0,1084400.0,856,475,44,5,5,258,16535.0,979,929,50,1707,558,211,255,75,239,2209,06,041,102100,06041102100,Marin,24,2.37,755,34.18,65.82,0.68,11.27,3.44,17.79,82.21,5.14,55.49,0.58,0.58,30.14,19.32,5.11,1099,64.38,10.82
Census Tract 1022.02; Marin County; California,5345,50.4,5345,3267,379,26,352,0,707,614,104432.0,58262.0,5345,593,2086,1973,1575,398,1973,28,12,3109.0,1103600.0,2521,1681,16,20,114,585,57950.0,2785,2534,251,3861,1181,389,184,71,1199,5345,06,041,102202,06041102202,Marin,40,2.03,2078,38.88,61.12,7.09,6.59,11.09,20.17,79.83,0.63,66.68,0.79,4.52,23.21,22.99,9.01,1825,47.27,22.43
Census Tract 1022.03; Marin County; California,5684,41.3,5684,2785,6,214,372,0,1914,393,83629.0,53585.0,5684,575,2294,2294,977,1317,2294,19,203,2120.0,947700.0,2644,1626,116,0,121,325,61885.0,2994,2755,239,4003,1248,347,57,63,1965,5684,06,041,102203,06041102203,Marin,222,9.68,2899,51.0,49.0,0.11,6.54,10.12,57.41,42.59,4.39,61.5,0.0,4.58,12.29,23.41,7.98,1715,42.84,34.57
Census Tract 1031; Marin County; California,7321,50.2,7321,5625,24,0,190,0,460,1022,179097.0,81731.0,7313,272,2721,2613,2252,361,2613,54,40,3501.0,1258000.0,3552,2260,31,0,63,801,79390.0,3684,3612,72,5429,1917,677,153,245,993,7321,06,041,103100,06041103100,Marin,94,3.6,1696,23.17,76.83,0.33,2.6,3.72,13.82,86.18,0.87,63.63,0.0,1.77,22.55,22.35,1.95,2992,55.11,13.56
Census Tract 1032; Marin County; California,6288,55.8,6288,3858,122,23,508,0,676,1101,93173.0,58020.0,6137,558,2729,2425,1602,823,2425,16,210,2628.0,905200.0,2222,1480,149,0,73,250,,2791,2392,399,4989,1494,523,105,31,1620,6288,06,041,103200,06041103200,Marin,226,9.32,2430,38.65,61.35,1.94,8.08,9.09,33.94,66.06,6.71,66.61,0.0,3.29,11.25,,14.3,2153,43.15,25.76
Census Tract 1041.02; Marin County; California,5480,35.6,5480,2260,357,0,505,0,1344,1014,92616.0,47211.0,5480,1008,2116,2049,937,1112,2049,13,153,2446.0,702700.0,2974,2303,82,0,93,314,69120.0,3069,2961,95,3526,838,212,76,105,1717,5480,06,041,104102,06041104102,Marin,166,8.1,3220,58.76,41.24,6.51,9.22,18.39,54.27,45.73,2.76,77.44,0.0,3.13,10.56,23.24,3.1,1231,34.91,31.33
Census Tract 1041.03; Marin County; California,2788,48.5,2788,1801,36,0,109,0,96,746,166042.0,75833.0,2788,111,1052,1016,834,182,1016,0,0,2492.0,1090000.0,1375,720,81,58,21,469,,1565,1466,99,2184,732,418,149,27,375,2788,06,041,104103,06041104103,Marin,0,0.0,987,35.4,64.6,1.29,3.91,3.98,17.91,82.09,5.89,52.36,4.22,1.53,34.11,,6.33,1326,60.71,13.45
Census Tract 1041.04; Marin County; California,4793,47.4,4793,2467,0,0,223,0,675,1428,156681.0,78191.0,4793,567,1880,1846,1261,585,1846,17,75,2677.0,1182100.0,2487,1607,37,10,23,439,52575.0,2669,2533,118,3457,1007,526,275,110,1210,4793,06,041,104104,06041104104,Marin,92,4.98,2326,48.53,51.47,0.0,4.65,11.83,31.69,68.31,1.49,64.62,0.4,0.92,17.65,21.14,4.42,1918,55.48,25.25
Census Tract 1042; Marin County; California,5809,46.2,5809,3385,111,46,131,0,1234,902,112134.0,69797.0,5809,431,2339,2214,1368,846,2214,60,0,3149.0,1048700.0,2606,1764,43,0,0,652,53115.0,2892,2715,177,4162,1171,351,154,64,1373,5809,06,041,104200,06041104200,Marin,60,2.71,2424,41.73,58.27,1.91,2.26,7.42,38.21,61.79,1.65,67.69,0.0,0.0,25.02,20.38,6.12,1740,41.81,23.64
Census Tract 1043; Marin County; California,1621,58.0,1621,1184,6,5,82,0,9,335,167039.0,104860.0,1621,105,764,711,623,88,711,0,0,2625.0,1512200.0,910,600,8,0,0,266,17250.0,954,910,44,1295,399,151,92,52,332,1621,06,041,104300,06041104300,Marin,0,0.0,437,26.96,73.04,0.37,5.06,6.48,12.38,87.62,0.88,65.93,0.0,0.0,29.23,18.96,4.61,694,53.59,20.48
Census Tract 1050.01; Marin County; California,4037,45.2,4037,1804,188,194,495,0,945,411,98375.0,38814.0,4035,847,1419,1350,667,683,1350,11,66,2209.0,470700.0,1648,1041,249,26,4,123,45960.0,1848,1708,140,2693,693,327,114,130,801,4037,06,041,105001,06041105001,Marin,77,5.7,2233,55.31,44.69,4.66,12.26,20.99,50.59,49.41,15.11,63.17,1.58,0.24,7.46,27.89,7.58,1264,46.94,19.84
Census Tract 1050.02; Marin County; California,2911,50.9,2911,1862,0,0,510,0,49,490,136153.0,90486.0,2911,50,1392,1269,860,409,1269,13,30,3501.0,1241400.0,1366,636,83,42,15,535,29375.0,1411,1307,45,2191,722,333,159,112,758,2911,06,041,105002,06041105002,Marin,43,3.39,1049,36.04,63.96,0.0,17.52,1.72,32.23,67.77,6.08,46.56,3.07,1.1,39.17,21.5,3.19,1326,60.52,26.04
Census Tract 1060.01; Marin County; California,5258,42.0,5258,2916,534,7,295,0,847,659,125667.0,50363.0,4864,477,2165,1948,916,1032,1948,72,20,3390.0,611900.0,3020,1346,307,0,45,772,,3091,3020,71,3938,872,650,182,38,1277,5258,06,041,106001,06041106001,Marin,92,4.72,2342,44.54,55.46,10.16,5.61,9.81,52.98,47.02,10.17,44.57,0.0,1.49,25.56,,2.3,1742,44.24,24.29
Census Tract 1060.02; Marin County; California,5350,52.1,5350,3420,345,4,353,5,339,884,129561.0,75784.0,4984,450,2268,2242,1490,752,2242,22,94,3068.0,993900.0,2480,1350,42,0,90,857,43850.0,2743,2493,182,4469,1552,492,132,163,849,5350,06,041,106002,06041106002,Marin,116,5.17,1930,36.07,63.93,6.45,6.6,9.03,33.54,66.46,1.69,54.44,0.0,3.63,34.56,17.68,6.64,2339,52.34,15.87
Census Tract 1070; Marin County; California,6477,49.8,6477,5263,63,0,474,0,98,579,200761.0,103747.0,6467,272,2592,2472,2058,414,2472,0,62,3501.0,1445600.0,2978,1632,46,47,52,910,,3127,3053,74,4980,2270,746,392,78,889,6477,06,041,107000,06041107000,Marin,62,2.51,1214,18.74,81.26,0.97,7.32,4.21,16.75,83.25,1.54,54.8,1.58,1.75,30.56,,2.37,3486,70.0,13.73
Census Tract 1081; Marin County; California,6508,51.8,6508,4997,75,11,398,15,309,703,174444.0,91724.0,6504,118,2629,2508,2140,368,2508,89,0,3501.0,1415500.0,3119,1552,103,15,61,1269,,3491,3139,352,4882,2018,743,375,76,1207,6508,06,041,108100,06041108100,Marin,89,3.55,1511,23.22,76.78,1.15,6.12,1.81,14.67,85.33,3.3,49.76,0.48,1.96,40.69,,10.08,3212,65.79,18.55
Census Tract 1082.01; Marin County; California,2369,51.1,2369,1273,1,8,127,0,240,720,78889.0,51547.0,2324,273,1034,1034,293,741,1034,10,260,2238.0,1058100.0,1051,708,49,0,78,150,25070.0,1213,1064,149,1844,353,272,91,37,892,2369,06,041,108201,06041108201,Marin,270,26.11,1096,46.26,53.74,0.04,5.36,11.75,71.66,28.34,4.66,67.36,0.0,7.42,14.27,23.85,12.28,753,40.84,37.65
Census Tract 1082.02; Marin County; California,4711,47.9,4711,2644,123,41,209,0,1271,423,108056.0,65945.0,4616,458,2002,1834,1008,826,1834,130,234,,1331400.0,1947,996,46,79,344,292,,2157,1989,168,3308,983,244,91,167,1232,4711,06,041,108202,06041108202,Marin,364,19.85,2067,43.88,56.12,2.61,4.44,9.92,45.04,54.96,2.36,51.16,4.06,17.67,15.0,,7.79,1485,44.89,26.15
Census Tract 1090.01; Marin County; California,3976,44.2,3976,1944,87,0,190,184,884,687,151023.0,85041.0,3976,620,1799,1767,914,853,1767,22,100,2241.0,1241200.0,1939,1337,93,32,14,301,32315.0,2095,1980,115,3074,884,394,97,92,1252,3976,06,041,109001,06041109001,Marin,122,6.9,2032,51.11,48.89,2.19,4.78,15.59,48.27,51.73,4.8,68.95,1.65,0.72,15.52,16.67,5.49,1467,47.72,31.49
Census Tract 1090.02; Marin County; California,4512,46.1,4512,3833,2,74,92,0,177,334,155718.0,91745.0,4481,147,2065,2030,1441,589,2030,37,114,1675.0,1575600.0,2428,1099,115,0,157,1000,33850.0,2550,2464,86,3538,1425,723,206,51,503,4512,06,041,109002,06041109002,Marin,151,7.44,679,15.05,84.95,0.04,2.04,3.28,29.01,70.99,4.74,45.26,0.0,6.47,41.19,13.94,3.37,2405,67.98,11.15
Census Tract 1101; Marin County; California,5657,50.7,5657,3852,131,17,552,6,554,545,104066.0,81917.0,5101,590,2625,2396,1347,1049,2396,15,90,2326.0,1555300.0,2560,1237,81,15,160,808,,2866,2628,238,4186,1261,861,273,149,817,5657,06,041,110100,06041110100,Marin,105,4.38,1805,31.91,68.09,2.32,9.76,11.57,43.78,56.22,3.16,48.32,0.59,6.25,31.56,,8.3,2544,60.77,14.44
Census Tract 1102; Marin County; California,5056,54.8,5056,4194,0,5,238,0,114,505,204931.0,134837.0,5056,140,2254,2113,2113,0,2113,8,0,,1841700.0,2175,1348,16,0,0,724,40090.0,2351,2222,129,3957,1395,686,389,98,931,5056,06,041,110200,06041110200,Marin,8,0.38,862,17.05,82.95,0.0,4.71,2.77,0.0,100.0,0.74,61.98,0.0,0.0,33.29,18.43,5.49,2568,64.9,18.41
Census Tract 1110.01; Marin County; California,788,45.9,788,528,47,7,114,0,71,21,85972.0,70726.0,788,142,605,557,65,492,557,0,185,2531.0,1151800.0,555,201,124,8,30,136,,586,565,21,689,169,213,10,0,165,788,06,041,111001,06041111001,Marin,185,33.21,260,32.99,67.01,5.96,14.47,18.02,88.33,11.67,22.34,36.22,1.44,5.41,24.5,,3.58,392,56.89,20.94
Census Tract 1110.02; Marin County; California,4440,45.9,4440,2802,5,21,167,0,770,675,93756.0,77835.0,4384,330,2184,2115,863,1252,2115,37,154,2252.0,1368400.0,2623,1233,60,21,121,878,,2798,2645,153,3401,1146,844,124,57,646,4440,06,041,111002,06041111002,Marin,191,9.03,1638,36.89,63.11,0.11,3.76,7.53,59.2,40.8,2.29,47.01,0.8,4.61,33.47,,5.47,2171,63.83,14.55
Census Tract 1121; Marin County; California,4397,39.9,4397,2704,0,83,196,0,705,709,99450.0,79781.0,4397,954,1947,1911,901,1010,1911,17,82,2392.0,1233000.0,2359,1173,94,7,143,788,,2585,2410,175,3097,800,324,241,167,918,4397,06,041,112100,06041112100,Marin,99,5.18,1693,38.5,61.5,0.0,4.46,21.7,52.85,47.15,3.98,49.72,0.3,6.06,33.4,,6.77,1532,49.47,20.88
Census Tract 1122.02; Marin County; California,6247,32.3,6247,720,51,536,356,0,3772,812,110515.0,32130.0,6214,1100,1386,1368,362,1006,1368,0,64,2372.0,918600.0,2829,1642,126,0,83,475,,2931,2931,0,3602,400,317,204,40,3117,6247,06,041,112202,06041112202,Marin,64,4.68,5527,88.47,11.53,0.82,5.7,17.7,73.54,26.46,4.45,58.04,0.0,2.93,16.79,,0.0,961,26.68,49.9
Census Tract 1122.03; Marin County; California,2179,31.6,2179,10,0,3,30,0,1345,791,68893.0,16966.0,2116,440,417,417,32,385,417,0,108,2386.0,595200.0,1067,162,256,70,55,2,,1100,1067,33,1182,43,21,15,0,1409,2179,06,041,112203,06041112203,Marin,108,25.9,2169,99.54,0.46,0.0,1.38,20.79,92.33,7.67,23.99,15.18,6.56,5.15,0.19,,3.0,79,6.68,64.66
Census Tract 1122.04; Marin County; California,4283,28.5,4283,348,0,108,34,0,3356,437,90811.0,23644.0,4283,1243,1038,1032,36,996,1032,0,112,1945.0,2000001.0,2033,401,203,0,46,169,49320.0,2173,2131,42,2296,41,37,43,0,2654,4283,06,041,112204,06041112204,Marin,112,10.85,3935,91.87,8.13,0.0,0.79,29.02,96.51,3.49,9.99,19.72,0.0,2.26,8.31,24.26,1.93,121,5.27,61.97
Census Tract 1130; Marin County; California,3898,55.4,3898,3092,59,31,89,0,92,535,147062.0,83517.0,3895,232,1814,1671,1404,267,1671,59,19,2307.0,1009000.0,2399,1449,0,26,75,727,46925.0,2512,2454,58,3115,787,894,120,195,425,3898,06,041,113000,06041113000,Marin,78,4.67,806,20.68,79.32,1.51,2.28,5.96,15.98,84.02,0.0,60.4,1.08,3.13,30.3,19.56,2.31,1996,64.08,10.9
Census Tract 1141; Marin County; California,4987,48.5,4987,4226,72,0,163,0,135,391,164706.0,80134.0,4987,660,2220,2132,1580,552,2132,14,0,2498.0,1191200.0,2606,1276,66,118,112,944,49975.0,2931,2617,314,3845,1479,755,283,106,479,4987,06,041,114100,06041114100,Marin,14,0.66,761,15.26,84.74,1.44,3.27,13.23,25.89,74.11,2.53,48.96,4.53,4.3,36.22,19.18,10.71,2623,68.22,9.6
Census Tract 1142; Marin County; California,2915,49.4,2915,2317,78,6,80,90,36,308,133750.0,87587.0,2901,255,1353,1277,801,476,1277,0,22,2257.0,1126300.0,1505,641,57,111,37,643,21725.0,1719,1539,180,2248,1085,403,150,38,337,2915,06,041,114200,06041114200,Marin,22,1.72,598,20.51,79.49,2.68,2.74,8.79,37.27,62.73,3.79,42.59,7.38,2.46,42.72,14.44,10.47,1676,74.56,11.56
Census Tract 1150; Marin County; California,7742,49.6,7742,5794,196,39,421,0,316,976,198036.0,123071.0,7706,317,3115,3034,2536,498,3034,47,41,3501.0,1716200.0,3577,1793,72,135,42,1382,76840.0,4160,3703,457,5479,2424,1023,544,133,761,7742,06,041,115000,06041115000,Marin,88,2.9,1948,25.16,74.84,2.53,5.44,4.11,16.41,83.59,2.01,50.13,3.77,1.17,38.64,21.48,10.99,4124,75.27,9.83
Census Tract 1160; Marin County; California,3167,48.3,3167,2746,6,0,121,9,36,249,182381.0,111396.0,3150,142,1371,1316,937,379,1316,6,20,2400.0,1604000.0,1705,794,89,78,48,621,29505.0,1886,1816,70,2308,939,573,150,62,348,3167,06,041,116000,06041116000,Marin,26,1.98,421,13.29,86.71,0.19,3.82,4.51,28.8,71.2,5.22,46.57,4.57,2.82,36.42,17.3,3.71,1724,74.7,10.99
Census Tract 1170; Marin County; California,4903,42.7,4903,3802,49,144,248,0,63,597,154458.0,98817.0,4901,512,2244,2044,1135,909,2044,18,111,2727.0,1591000.0,2270,1062,47,17,149,801,,2498,2342,156,3480,1396,687,97,99,416,4903,06,041,117000,06041117000,Marin,129,6.31,1101,22.46,77.54,1.0,5.06,10.45,44.47,55.53,2.07,46.78,0.75,6.56,35.29,,6.24,2279,65.49,8.48
Census Tract 1181; Marin County; California,2606,42.3,2606,2100,32,0,49,0,52,373,250001.0,173984.0,2606,124,912,838,728,110,838,0,6,3501.0,2000001.0,1137,460,38,0,88,545,,1147,1139,8,1599,665,457,200,9,191,2606,06,041,118100,06041118100,Marin,6,0.72,506,19.42,80.58,1.23,1.88,4.76,13.13,86.87,3.34,40.46,0.0,7.74,47.93,,0.7,1331,83.24,7.33
Census Tract 1191; Marin County; California,4839,47.8,4839,4066,55,4,176,0,159,379,244702.0,152653.0,4839,190,2110,1833,1393,440,1833,46,85,2732.0,2000001.0,1954,835,76,9,41,896,25530.0,2101,1954,147,3311,1156,997,504,76,554,4839,06,041,119100,06041119100,Marin,131,7.15,773,15.97,84.03,1.14,3.64,3.93,24.0,76.0,3.89,42.73,0.46,2.1,45.85,13.07,7.0,2733,82.54,11.45
Census Tract 1192.01; Marin County; California,3655,55.9,3655,2446,0,18,369,0,449,373,92381.0,74032.0,3559,175,2025,1992,561,1431,1992,56,147,2677.0,1025700.0,1741,1085,131,0,79,432,36490.0,1883,1763,120,2973,1028,474,121,228,726,3655,06,041,119201,06041119201,Marin,203,10.19,1209,33.08,66.92,0.0,10.1,4.92,71.84,28.16,7.52,62.32,0.0,4.54,24.81,20.96,6.37,1851,62.26,19.86
Census Tract 1192.02; Marin County; California,3759,49.0,3759,2998,0,1,307,0,27,426,250001.0,150442.0,3753,304,1484,1450,1307,143,1450,28,0,3501.0,2000001.0,1994,869,121,42,0,916,,2039,2016,23,2678,1064,446,453,192,497,3759,06,041,119202,06041119202,Marin,28,1.93,761,20.24,79.76,0.0,8.17,8.1,9.86,90.14,6.07,43.58,2.11,0.0,45.94,,1.13,2155,80.47,13.22
Census Tract 1200.01; Marin County; California,1592,45.0,1592,1266,0,0,108,0,162,56,152167.0,90149.0,1592,66,730,708,250,458,708,0,0,3091.0,2000001.0,930,632,8,5,57,163,,963,930,33,1107,283,273,88,93,352,1592,06,041,120001,06041120001,Marin,0,0.0,326,20.48,79.52,0.0,6.78,4.15,64.69,35.31,0.86,67.96,0.54,6.13,17.53,,3.43,737,66.58,22.11
Census Tract 1200.02; Marin County; California,4804,47.8,4804,3847,91,0,85,0,64,717,235313.0,123358.0,4804,391,2277,2035,1427,608,2035,57,127,2878.0,2000001.0,2340,959,70,79,109,932,40815.0,2520,2393,127,3544,1412,832,363,136,466,4804,06,041,120002,06041120002,Marin,184,9.04,957,19.92,80.08,1.89,1.77,8.14,29.88,70.12,2.99,40.98,3.38,4.66,39.83,17.44,5.04,2743,77.4,9.7
Census Tract 1211; Marin County; California,5573,46.2,5573,4218,94,0,193,0,280,788,215798.0,121854.0,5573,357,2524,2394,1604,790,2394,48,26,3501.0,1749200.0,2472,1087,130,66,37,995,,2823,2658,165,3930,1773,757,481,157,512,5573,06,041,121100,06041121100,Marin,74,3.09,1355,24.31,75.69,1.69,3.46,6.41,33.0,67.0,5.26,43.97,2.67,1.5,40.25,,5.84,3168,80.61,9.19
Census Tract 1212; Marin County; California,6374,48.6,6374,4228,150,10,751,0,518,717,216731.0,116300.0,5978,211,2762,2586,1369,1217,2586,0,0,3501.0,1642400.0,2959,1261,39,18,21,1306,47615.0,3090,3024,63,4759,1428,711,517,247,1078,6374,06,041,121200,06041121200,Marin,0,0.0,2146,33.67,66.33,2.35,11.78,3.53,47.06,52.94,1.32,42.62,0.61,0.71,44.14,16.09,2.04,2903,61.0,16.91
Census Tract 1220; Marin County; California,1694,46.6,1694,436,461,59,77,16,364,281,,8350.0,118,0,18,18,0,18,18,0,0,,,18,0,0,0,18,0,,18,18,0,1570,22,31,0,0,259,1694,06,041,122000,06041122000,Marin,0,0.0,1258,74.26,25.74,27.21,4.55,0.0,100.0,0.0,0.0,0.0,0.0,100.0,0.0,,0.0,53,3.38,15.29
Census Tract 1230; Marin County; California,2354,48.9,2354,2054,14,0,132,0,9,145,250001.0,183563.0,2344,138,1086,891,607,284,891,9,19,3501.0,2000001.0,970,291,37,14,40,576,,1077,1053,24,1689,712,467,204,94,366,2354,06,041,123000,06041123000,Marin,28,3.14,300,12.74,87.26,0.59,5.61,5.89,31.87,68.13,3.81,30.0,1.44,4.12,59.38,,2.23,1477,87.45,15.55
Census Tract 1241; Marin County; California,5152,50.0,5152,3858,55,0,443,0,36,760,245986.0,144976.0,5117,162,2496,2052,1368,684,2052,18,21,3501.0,2000001.0,2664,1424,56,26,21,897,51645.0,2758,2712,46,3823,1379,854,479,111,1066,5152,06,041,124100,06041124100,Marin,39,1.9,1294,25.12,74.88,1.07,8.6,3.17,33.33,66.67,2.1,53.45,0.98,0.79,33.67,19.39,1.67,2823,73.84,20.69
Census Tract 1242; Marin County; California,5573,54.4,5573,4534,44,44,456,0,53,442,235161.0,150830.0,5545,61,2611,2200,1714,486,2200,0,0,3501.0,2000001.0,2026,693,99,24,119,1091,,2439,2026,413,4219,1661,1083,584,297,1255,5573,06,041,124200,06041124200,Marin,0,0.0,1039,18.64,81.36,0.79,8.18,1.1,22.09,77.91,4.89,34.21,1.18,5.87,53.85,,16.93,3625,85.92,22.52
Census Tract 1250; Marin County; California,4893,43.0,4893,3765,61,0,343,17,362,345,148646.0,98487.0,4751,362,2104,1943,814,1129,1943,6,45,2896.0,2000001.0,2305,1462,42,12,35,619,,2408,2315,82,3196,1112,666,321,153,968,4893,06,041,125000,06041125000,Marin,51,2.62,1128,23.05,76.95,1.25,7.01,7.62,58.11,41.89,1.82,63.43,0.52,1.52,26.85,,3.41,2252,70.46,19.78
Census Tract 1261; Marin County; California,6171,45.2,6171,5441,0,0,215,0,201,314,227566.0,122062.0,6171,230,2632,2385,1632,753,2385,0,0,3501.0,2000001.0,3029,1371,29,33,244,1219,40705.0,3297,3029,268,4306,2002,940,437,98,931,6171,06,041,126100,06041126100,Marin,0,0.0,730,11.83,88.17,0.0,3.48,3.73,31.57,68.43,0.96,45.26,1.09,8.06,40.24,13.44,8.13,3477,80.75,15.09
Census Tract 1262; Marin County; California,4292,50.1,4292,2829,115,0,796,0,95,457,147089.0,85883.0,4250,545,2123,1910,1149,761,1910,0,139,2834.0,1461500.0,2031,1459,0,32,23,517,,2235,2059,176,3460,1237,497,433,60,1110,4292,06,041,126200,06041126200,Marin,139,7.28,1463,34.09,65.91,2.68,18.55,12.82,39.84,60.16,0.0,71.84,1.58,1.13,25.46,,7.87,2227,64.36,25.86
Census Tract 1270; Marin County; California,4573,49.4,4573,3937,12,24,223,0,54,323,200978.0,135631.0,4573,317,2126,1844,1198,646,1844,38,20,2769.0,2000001.0,2071,856,75,6,55,975,37835.0,2336,2122,214,3361,1134,942,451,147,670,4573,06,041,127000,06041127000,Marin,58,3.15,636,13.91,86.09,0.26,4.88,6.93,35.03,64.97,3.62,41.33,0.29,2.66,47.08,18.27,9.16,2674,79.56,14.65
Census Tract 1281; Marin County; California,7172,46.9,7172,5499,64,0,459,29,84,1037,229813.0,120804.0,7172,189,2896,2785,2402,383,2785,83,50,2588.0,1808100.0,3382,1282,86,20,36,1631,,3706,3526,180,4995,1914,1239,520,214,1117,7172,06,041,128100,06041128100,Marin,133,4.78,1673,23.33,76.67,0.89,6.4,2.64,13.75,86.25,2.54,37.91,0.59,1.06,48.23,,4.86,3887,77.82,15.57
Census Tract 1282; Marin County; California,5174,44.1,5174,4068,92,0,432,31,71,480,250001.0,134826.0,5174,198,2141,1929,1575,354,1929,14,5,3501.0,1903800.0,2335,929,27,0,43,1135,31785.0,2525,2365,160,3470,1358,738,538,180,535,5174,06,041,128200,06041128200,Marin,19,0.98,1106,21.38,78.62,1.78,8.35,3.83,18.35,81.65,1.16,39.79,0.0,1.84,48.61,13.61,6.34,2814,81.1,10.34
Census Tract 1290; Marin County; California,2979,40.8,2979,818,993,0,585,0,170,413,58901.0,84255.0,2979,513,1401,1321,437,884,1321,5,117,1323.0,1208700.0,1421,707,0,0,227,377,,1640,1437,203,2164,261,293,105,57,1027,2979,06,041,129000,06041129000,Marin,122,9.24,2161,72.54,27.46,33.33,19.64,17.22,66.92,33.08,0.0,49.75,0.0,15.97,26.53,,12.38,716,33.09,34.47
Census Tract 1302.01; Marin County; California,3367,57.9,3367,2949,7,3,160,0,59,189,205259.0,147349.0,3357,275,2089,1818,1160,658,1818,28,40,3501.0,2000001.0,1707,770,138,45,30,702,31510.0,1882,1804,78,3131,977,871,484,102,472,3367,06,041,130201,06041130201,Marin,68,3.74,418,12.41,87.59,0.21,4.75,8.19,36.19,63.81,8.08,45.11,2.64,1.76,41.12,18.46,4.14,2434,77.74,14.02
Census Tract 1302.03; Marin County; California,2177,43.3,2177,1533,20,21,176,19,44,364,182658.0,112101.0,2171,196,1313,1214,732,482,1214,26,64,3501.0,747700.0,1302,399,79,14,40,719,,1521,1322,199,1757,922,301,90,12,301,2177,06,041,130203,06041130203,Marin,90,7.41,644,29.58,70.42,0.92,8.08,9.03,39.7,60.3,6.07,30.65,1.08,3.07,55.22,,13.08,1325,75.41,13.83
Census Tract 1302.04; Marin County; California,2396,55.7,2396,2092,0,16,146,0,19,123,167330.0,143642.0,2396,159,1518,1332,763,569,1332,20,51,3365.0,1414400.0,1433,588,38,62,43,585,25865.0,1557,1439,118,2059,692,520,144,160,420,2396,06,041,130204,06041130204,Marin,71,5.33,304,12.69,87.31,0.0,6.09,6.64,42.72,57.28,2.65,41.03,4.33,3.0,40.82,18.05,7.58,1516,73.63,17.53
Census Tract 1311; Marin County; California,1380,40.5,1380,1222,1,0,22,0,46,89,185104.0,104333.0,1293,112,515,461,325,136,461,0,0,3501.0,1770800.0,631,335,0,5,82,190,,683,628,52,904,380,202,65,33,128,1380,06,041,131100,06041131100,Marin,0,0.0,158,11.45,88.55,0.07,1.59,8.66,29.5,70.5,0.0,53.09,0.79,13.0,30.11,,7.61,680,75.22,9.28
Census Tract 1321; Marin County; California,1627,64.2,1627,1335,0,2,10,0,40,240,101736.0,88776.0,1627,158,1761,797,633,164,797,19,0,1947.0,2000001.0,709,433,39,0,43,173,,734,717,17,1497,524,247,67,93,185,1627,06,041,132100,06041132100,Marin,19,2.38,292,17.95,82.05,0.0,0.61,9.71,20.58,79.42,5.5,61.07,0.0,6.06,24.4,,2.32,931,62.19,11.37
Census Tract 1322; Marin County; California,1634,62.5,1634,1497,0,0,0,0,69,68,81602.0,105226.0,1634,68,1418,978,696,282,978,0,40,1811.0,1791700.0,852,511,0,0,3,302,,931,853,78,1537,487,245,103,92,121,1634,06,041,132200,06041132200,Marin,40,4.09,137,8.38,91.62,0.0,0.0,4.16,28.83,71.17,0.0,59.98,0.0,0.35,35.45,,8.38,927,60.31,7.41
Census Tract 1330; Marin County; California,2817,56.7,2817,2434,10,3,24,0,214,132,114167.0,94464.0,2800,197,1846,1196,782,414,1196,2,0,1903.0,1602900.0,1537,746,5,12,246,428,29535.0,1606,1530,69,2300,838,263,100,64,316,2817,06,041,133000,06041133000,Marin,2,0.17,383,13.6,86.4,0.35,0.85,7.04,34.62,65.38,0.33,48.54,0.78,16.01,27.85,19.22,4.3,1265,55.0,11.22
Census Tract 9901; Marin County; California,0,,0,0,0,0,0,0,0,0,,,0,0,0,0,0,0,0,0,0,,,0,0,0,0,0,0,,0,0,0,0,0,0,0,0,0,0,06,041,990100,06041990100,Marin,0,,0,,,,,,,,,,,,,,,0,,
Census Tract 2002.01; Napa County; California,3565,43.9,3565,2340,45,0,37,0,617,526,87927.0,50042.0,3558,382,1462,1356,730,626,1356,0,15,2055.0,956600.0,1667,1160,0,55,73,288,,1862,1699,163,2626,749,180,52,80,632,3565,06,055,200201,06055200201,Napa,15,1.11,1225,34.36,65.64,1.26,1.04,10.74,46.17,53.83,0.0,69.59,3.3,4.38,17.28,,8.75,1061,40.4,17.73
Census Tract 2002.02; Napa County; California,2084,36.0,2084,1153,49,16,31,0,561,274,80278.0,59482.0,1917,272,1182,1004,303,701,1004,8,135,1793.0,893900.0,1063,648,25,37,55,126,,1238,1072,157,1665,310,86,57,21,250,2084,06,055,200202,06055200202,Napa,143,14.24,931,44.67,55.33,2.35,1.49,14.19,69.82,30.18,2.35,60.96,3.48,5.17,11.85,,12.68,474,28.47,12.0
Census Tract 2002.03; Napa County; California,2003,38.3,2003,1229,110,0,6,0,317,341,76625.0,38994.0,2003,256,865,789,398,391,789,4,144,1723.0,802500.0,842,642,6,28,37,94,18100.0,1079,896,183,1323,228,101,9,0,477,2003,06,055,200203,06055200203,Napa,148,18.76,774,38.64,61.36,5.49,0.3,12.78,49.56,50.44,0.71,76.25,3.33,4.39,11.16,21.5,16.96,338,25.55,23.81
Census Tract 2003.01; Napa County; California,6339,36.6,6339,3607,235,99,210,24,1132,1032,101114.0,43575.0,6339,485,2398,2347,1051,1296,2347,72,61,2222.0,785900.0,3647,2998,16,47,38,342,78820.0,3915,3700,215,4434,853,523,125,0,1564,6339,06,055,200301,06055200301,Napa,133,5.67,2732,43.1,56.9,3.71,3.31,7.65,55.22,44.78,0.44,82.2,1.29,1.04,9.38,21.61,5.49,1501,33.85,24.67
Census Tract 2003.02; Napa County; California,2602,43.5,2602,1492,26,36,99,0,584,365,130341.0,51976.0,2602,241,930,845,658,187,845,0,0,2461.0,840600.0,1250,925,27,0,25,141,30305.0,1394,1270,124,1814,375,192,13,5,529,2602,06,055,200302,06055200302,Napa,0,0.0,1110,42.66,57.34,1.0,3.8,9.26,22.13,77.87,2.16,74.0,0.0,2.0,11.28,24.24,8.9,585,32.25,20.33
Census Tract 2004; Napa County; California,3360,53.9,3360,2646,73,27,187,0,78,349,129844.0,101476.0,3360,169,1692,1545,1069,476,1545,0,0,2843.0,1110300.0,1620,967,2,0,11,500,26875.0,1738,1620,118,2763,881,453,141,119,298,3360,06,055,200400,06055200400,Napa,0,0.0,714,21.25,78.75,2.17,5.57,5.03,30.81,69.19,0.12,59.69,0.0,0.68,30.86,16.59,6.79,1594,57.69,8.87
Census Tract 2005.01; Napa County; California,5441,34.0,5441,2279,50,70,58,0,2171,813,97663.0,38420.0,5388,352,1841,1711,807,904,1711,0,9,2371.0,637800.0,2610,1928,32,0,127,266,65405.0,2862,2673,189,3349,566,168,7,32,1504,5441,06,055,200501,06055200501,Napa,9,0.53,3162,58.11,41.89,0.92,1.07,6.53,52.83,47.17,1.23,73.87,0.0,4.87,10.19,25.06,6.6,773,23.08,27.64
Census Tract 2005.03; Napa County; California,1444,40.7,1444,861,0,41,254,0,62,226,119833.0,96809.0,1444,125,838,722,292,430,722,10,0,2165.0,963800.0,927,542,0,33,27,225,,1024,963,61,1204,508,163,14,7,396,1444,06,055,200503,06055200503,Napa,10,1.39,583,40.37,59.63,0.0,17.59,8.66,59.56,40.44,0.0,58.47,3.56,2.91,24.27,,5.96,692,57.48,27.42
Census Tract 2005.04; Napa County; California,6617,38.8,6617,3220,73,14,242,0,1477,1591,82193.0,47475.0,6383,1206,2533,2411,1301,1110,2411,77,26,2563.0,711500.0,3347,2480,35,0,129,524,73335.0,3434,3434,0,4721,1125,264,74,52,1769,6617,06,055,200504,06055200504,Napa,103,4.27,3397,51.34,48.66,1.1,3.66,18.89,46.04,53.96,1.05,74.1,0.0,3.85,15.66,21.91,0.0,1515,32.09,26.73
Census Tract 2005.05; Napa County; California,2800,38.8,2800,1360,69,0,64,0,803,504,88566.0,52239.0,2800,293,1223,1166,255,911,1166,0,18,2459.0,867000.0,1725,1320,26,15,34,188,,1840,1725,115,1818,453,158,119,0,655,2800,06,055,200505,06055200505,Napa,18,1.54,1440,51.43,48.57,2.46,2.29,10.46,78.13,21.87,1.51,76.52,0.87,1.97,10.9,,6.25,730,40.15,23.39
Census Tract 2006.01; Napa County; California,4554,43.0,4554,2718,34,68,130,0,479,1125,125625.0,55589.0,4549,154,1680,1636,1251,385,1636,60,23,2858.0,800100.0,2533,1852,0,0,23,381,50715.0,2777,2625,152,3276,754,299,68,28,1082,4554,06,055,200601,06055200601,Napa,83,5.07,1836,40.32,59.68,0.75,2.85,3.39,23.53,76.47,0.0,73.11,0.0,0.91,15.04,20.02,5.47,1149,35.07,23.76
Census Tract 2006.02; Napa County; California,4918,43.2,4918,2815,80,513,115,20,531,844,121691.0,61244.0,4861,633,2106,1934,1150,784,1934,15,100,2405.0,897700.0,2185,1517,31,10,0,387,46110.0,2357,2224,133,3577,895,316,116,86,1042,4918,06,055,200602,06055200602,Napa,115,5.95,2103,42.76,57.24,1.63,2.34,13.02,40.54,59.46,1.42,69.43,0.46,0.0,17.71,21.1,5.64,1413,39.5,21.19
Census Tract 2007.03; Napa County; California,2987,51.8,2987,2527,23,0,56,0,132,249,151250.0,71094.0,2987,127,1141,1133,957,176,1133,37,0,3236.0,1069300.0,1419,916,0,19,24,364,25305.0,1480,1435,45,2316,847,248,115,27,263,2987,06,055,200703,06055200703,Napa,37,3.27,460,15.4,84.6,0.77,1.87,4.25,15.53,84.47,0.0,64.55,1.34,1.69,25.65,17.83,3.04,1237,53.41,8.8
Census Tract 2007.04; Napa County; California,4225,40.6,4225,2854,30,12,128,0,567,634,76500.0,47936.0,4168,248,1743,1674,983,691,1674,22,167,1081.0,723000.0,2061,1477,0,27,118,155,,2166,2074,92,3028,704,237,23,6,889,4225,06,055,200704,06055200704,Napa,189,11.29,1371,32.45,67.55,0.71,3.03,5.95,41.28,58.72,0.0,71.66,1.31,5.73,7.52,,4.25,970,32.03,21.04
Census Tract 2007.05; Napa County; California,2822,39.0,2822,1860,0,0,44,24,390,504,103191.0,54408.0,2822,180,1186,1157,597,560,1157,13,11,2256.0,989800.0,1542,1058,0,11,37,158,32995.0,1586,1542,44,2042,635,145,47,0,508,2822,06,055,200705,06055200705,Napa,24,2.07,962,34.09,65.91,0.0,1.56,6.38,48.4,51.6,0.0,68.61,0.71,2.4,10.25,21.4,2.77,827,40.5,18.0
Census Tract 2007.06; Napa County; California,2955,49.4,2955,1936,1,15,76,2,280,645,170556.0,74440.0,2932,88,1205,1124,996,128,1124,10,0,3409.0,915200.0,1461,986,2,0,1,213,29635.0,1523,1478,45,2235,543,251,148,46,348,2955,06,055,200706,06055200706,Napa,10,0.89,1019,34.48,65.52,0.03,2.57,3.0,11.39,88.61,0.14,67.49,0.0,0.07,14.58,20.28,2.95,988,44.21,11.78
Census Tract 2007.07; Napa County; California,3223,48.2,3223,2177,51,22,207,0,227,539,112174.0,59766.0,3188,212,1575,1458,954,504,1458,119,117,2328.0,884400.0,1443,1064,6,7,32,81,,1560,1501,59,2502,851,307,47,36,452,3223,06,055,200707,06055200707,Napa,236,16.19,1046,32.45,67.55,1.58,6.42,6.65,34.57,65.43,0.42,73.74,0.49,2.22,5.61,,3.78,1241,49.6,14.02
Census Tract 2008.02; Napa County; California,6071,41.6,6071,3322,27,0,68,0,1169,1485,113654.0,62698.0,5855,137,2523,2254,1169,1085,2254,10,79,2250.0,867200.0,3082,2384,0,0,52,307,,3252,3187,65,4305,1136,532,107,44,1418,6071,06,055,200802,06055200802,Napa,89,3.95,2749,45.28,54.72,0.44,1.12,2.34,48.14,51.86,0.0,77.35,0.0,1.69,9.96,,2.0,1819,42.25,23.36
Census Tract 2008.03; Napa County; California,2193,45.6,2193,1588,8,7,79,0,265,246,144500.0,71842.0,2193,195,943,874,606,268,874,27,16,2286.0,1034800.0,920,517,5,0,24,291,12180.0,1031,947,84,1596,503,249,68,16,143,2193,06,055,200803,06055200803,Napa,43,4.92,605,27.59,72.41,0.36,3.6,8.89,30.66,69.34,0.54,56.2,0.0,2.61,31.63,13.24,8.15,836,52.38,6.52
Census Tract 2008.04; Napa County; California,5633,31.6,5633,1842,29,4,42,0,1748,1968,100093.0,36576.0,5633,480,1703,1608,787,821,1608,52,91,2225.0,687100.0,2968,1823,40,73,26,251,68270.0,3212,3072,135,3580,580,202,178,1,1676,5633,06,055,200804,06055200804,Napa,143,8.89,3791,67.3,32.7,0.51,0.75,8.52,51.06,48.94,1.35,61.42,2.46,0.88,8.46,23.0,4.2,961,26.84,29.75
Census Tract 2009; Napa County; California,216,46.9,216,128,53,28,0,0,7,0,,7909.0,84,39,37,22,0,22,22,0,17,,,46,29,17,0,0,0,,51,46,5,177,0,0,0,0,47,216,06,055,200900,06055200900,Napa,17,77.27,88,40.74,59.26,24.54,0.0,46.43,100.0,0.0,36.96,63.04,0.0,0.0,0.0,,9.8,0,0.0,21.76
Census Tract 2010.03; Napa County; California,5182,32.9,5182,1405,274,15,2368,0,566,554,143646.0,71733.0,5182,509,1549,1482,865,617,1482,13,26,2613.0,931600.0,2569,1891,23,0,13,411,72815.0,2722,2620,102,3235,1034,234,124,35,1415,5182,06,055,201003,06055201003,Napa,39,2.63,3777,72.89,27.11,5.29,45.7,9.82,41.63,58.37,0.9,73.61,0.0,0.51,16.0,28.34,3.75,1427,44.11,27.31
Census Tract 2010.04; Napa County; California,6899,40.2,6899,1404,292,113,2471,7,1536,1076,100859.0,40919.0,6889,567,2065,2056,1756,300,2056,11,38,,540500.0,3205,2359,43,0,54,443,75825.0,3541,3308,233,4468,1053,284,22,41,2708,6899,06,055,201004,06055201004,Napa,49,2.38,5495,79.65,20.35,4.23,35.82,8.23,14.59,85.41,1.34,73.6,0.0,1.68,13.82,23.66,6.58,1400,31.33,39.25
Census Tract 2010.05; Napa County; California,2650,35.4,2650,883,91,53,588,0,637,398,103056.0,36780.0,2573,442,696,668,478,190,668,0,14,1230.0,813700.0,1198,893,26,0,12,141,32680.0,1302,1212,80,1666,397,96,26,0,790,2650,06,055,201005,06055201005,Napa,14,2.1,1767,66.68,33.32,3.43,22.19,17.18,28.44,71.56,2.17,74.54,0.0,1.0,11.77,27.28,6.14,519,31.15,29.81
Census Tract 2010.06; Napa County; California,3444,36.5,3444,1530,237,24,564,35,324,730,150417.0,41357.0,3430,103,931,867,710,157,867,20,4,2612.0,670300.0,1828,1263,91,0,3,175,46210.0,1935,1843,92,2121,466,79,25,26,550,3444,06,055,201006,06055201006,Napa,24,2.77,1914,55.57,44.43,6.88,16.38,3.0,18.11,81.89,4.98,69.09,0.0,0.16,9.57,25.28,4.75,596,28.1,15.97
Census Tract 2010.07; Napa County; California,4039,41.2,4039,1244,237,72,1371,327,479,309,140547.0,41954.0,4022,403,1155,1155,853,302,1155,47,0,3029.0,663100.0,2006,1568,13,0,0,166,54885.0,2264,2131,133,2897,637,193,30,29,1067,4039,06,055,201007,06055201007,Napa,47,4.07,2795,69.2,30.8,5.87,33.94,10.02,26.15,73.85,0.65,78.17,0.0,0.0,8.28,27.36,5.87,889,30.69,26.42
Census Tract 2011.01; Napa County; California,1958,52.5,1958,1365,10,14,69,0,143,357,140667.0,81502.0,1957,63,837,766,734,32,766,29,0,,1015000.0,901,608,10,7,0,159,18680.0,983,960,11,1494,492,151,118,27,300,1958,06,055,201101,06055201101,Napa,29,3.79,593,30.29,69.71,0.51,3.52,3.22,4.18,95.82,1.11,67.48,0.78,0.0,17.65,20.73,1.12,788,52.74,15.32
Census Tract 2011.02; Napa County; California,1838,56.7,1838,1242,29,0,153,0,153,261,116696.0,54318.0,1815,165,965,689,510,179,689,24,7,2467.0,1216100.0,787,452,30,0,9,113,14610.0,866,807,59,1586,341,142,100,24,429,1838,06,055,201102,06055201102,Napa,31,4.5,596,32.43,67.57,1.58,8.32,9.09,25.98,74.02,3.81,57.43,0.0,1.14,14.36,18.56,6.81,607,38.27,23.34
Census Tract 2012; Napa County; California,4566,54.4,4566,3478,0,17,206,0,525,340,77500.0,58685.0,4528,499,2145,1956,1625,331,1956,64,24,2854.0,593800.0,1729,1217,25,11,0,296,39355.0,1990,1729,261,3614,656,396,99,36,958,4566,06,055,201200,06055201200,Napa,88,4.5,1088,23.83,76.17,0.0,4.51,11.02,16.92,83.08,1.45,70.39,0.64,0.0,17.12,22.76,13.12,1187,32.84,20.98
Census Tract 2013; Napa County; California,3348,65.3,3348,2667,143,10,91,29,125,283,80342.0,65199.0,2914,428,1822,1489,996,493,1489,111,44,2399.0,802200.0,1310,727,0,5,247,274,,1410,1331,79,3177,928,229,107,58,462,3348,06,055,201300,06055201300,Napa,155,10.41,681,20.34,79.66,4.27,2.72,14.69,33.11,66.89,0.0,55.5,0.38,18.85,20.92,,5.6,1322,41.61,13.8
Census Tract 2014.01; Napa County; California,2534,61.2,2534,1538,18,71,307,0,202,398,172694.0,109742.0,2534,194,1994,1103,987,116,1103,32,0,3501.0,1520600.0,977,624,0,0,12,303,,1017,991,26,2112,843,264,132,60,358,2534,06,055,201401,06055201401,Napa,32,2.9,996,39.31,60.69,0.71,12.12,7.66,10.52,89.48,0.0,63.87,0.0,1.23,31.01,,2.56,1299,61.51,14.13
Census Tract 2014.02; Napa County; California,2555,57.6,2555,2233,16,6,61,0,34,205,188207.0,129588.0,2531,55,1207,1071,929,142,1071,0,0,2474.0,1901500.0,1080,769,6,0,0,180,,1148,1121,27,2004,555,296,295,0,203,2555,06,055,201402,06055201402,Napa,0,0.0,322,12.6,87.4,0.63,2.39,2.17,13.26,86.74,0.56,71.2,0.0,0.0,16.67,,2.35,1146,57.19,7.95
Census Tract 2014.03; Napa County; California,565,58.6,565,435,0,5,0,0,0,125,144063.0,108204.0,565,14,318,254,191,63,254,0,33,1166.0,2000001.0,302,162,0,0,7,87,,305,302,3,485,170,79,0,0,16,565,06,055,201403,06055201403,Napa,33,12.99,130,23.01,76.99,0.0,0.0,2.48,24.8,75.2,0.0,53.64,0.0,2.32,28.81,,0.98,249,51.34,2.83
Census Tract 2015; Napa County; California,1470,56.9,1470,1015,2,0,4,15,329,105,121681.0,127962.0,1468,50,1060,673,430,243,673,46,0,1890.0,2000001.0,789,315,80,5,77,217,,844,787,50,1181,425,114,64,26,205,1470,06,055,201500,06055201500,Napa,46,6.84,455,30.95,69.05,0.14,0.27,3.41,36.11,63.89,10.14,39.92,0.63,9.76,27.5,,5.92,629,53.26,13.95
Census Tract 2016.01; Napa County; California,2276,43.4,2276,1120,23,0,47,0,766,320,103214.0,75260.0,2253,88,1054,888,395,493,888,7,48,2463.0,1236700.0,911,602,23,14,50,155,,973,911,62,1579,417,178,63,38,701,2276,06,055,201601,06055201601,Napa,55,6.19,1156,50.79,49.21,1.01,2.07,3.91,55.52,44.48,2.52,66.08,1.54,5.49,17.01,,6.37,696,44.08,30.8
Census Tract 2016.02; Napa County; California,3042,56.4,3042,2457,0,38,46,0,225,276,171023.0,150559.0,2983,178,1777,1453,1160,293,1453,13,35,2631.0,1875000.0,1532,1054,24,13,104,322,,1634,1577,57,2480,1029,463,98,24,635,3042,06,055,201602,06055201602,Napa,48,3.3,585,19.23,80.77,0.0,1.51,5.97,20.17,79.83,1.57,68.8,0.85,6.79,21.02,,3.49,1614,65.08,20.87
Census Tract 2017; Napa County; California,4540,39.3,4540,2941,167,58,456,7,337,574,128859.0,62228.0,3631,370,1777,1449,971,478,1449,13,0,1610.0,930600.0,2417,1579,15,25,230,374,41290.0,2674,2519,134,2867,808,347,228,132,604,4540,06,055,201700,06055201700,Napa,13,0.9,1599,35.22,64.78,3.68,10.04,10.19,32.99,67.01,0.62,65.33,1.03,9.52,15.47,17.08,5.01,1515,52.84,13.3
Census Tract 2018; Napa County; California,1343,46.8,1343,900,1,19,39,0,206,178,104375.0,48846.0,1343,230,781,502,346,156,502,11,0,2194.0,451000.0,653,513,0,11,5,54,,720,681,39,1061,265,36,56,26,224,1343,06,055,201800,06055201800,Napa,11,2.19,443,32.99,67.01,0.07,2.9,17.13,31.08,68.92,0.0,78.56,1.68,0.77,8.27,,5.42,383,36.1,16.68
Census Tract 2019; Napa County; California,1457,43.2,1457,791,44,29,18,0,210,365,134375.0,58835.0,1457,265,712,466,302,164,466,6,0,2417.0,1250000.0,689,343,17,0,33,233,,796,733,63,1122,351,124,43,13,236,1457,06,055,201900,06055201900,Napa,6,1.29,666,45.71,54.29,3.02,1.24,18.19,35.19,64.81,2.47,49.78,0.0,4.79,33.82,,7.91,531,47.33,16.2
Census Tract 2020; Napa County; California,5111,49.7,5111,2418,34,30,85,0,1565,979,85446.0,54473.0,5101,287,2166,2006,1003,1003,2006,74,40,1767.0,,2554,2062,56,0,113,192,57195.0,2602,2602,0,4020,790,302,81,132,2123,5111,06,055,202000,06055202000,Napa,114,5.68,2693,52.69,47.31,0.67,1.66,5.63,50.0,50.0,2.19,80.74,0.0,4.42,7.52,22.39,0.0,1305,32.46,41.54
Census Tract 101.01; San Francisco County; California,1911,37.6,1911,768,113,62,561,58,183,166,89022.0,76257.0,1911,374,1433,1216,101,1115,1216,0,451,2348.0,1531300.0,1167,172,216,46,86,545,,1266,1266,0,1689,843,164,11,103,821,1911,06,075,010101,06075010101,San Francisco,451,37.09,1143,59.81,40.19,5.91,29.36,19.57,91.69,8.31,18.51,14.74,3.94,7.37,46.7,,0.0,1121,66.37,42.96
Census Tract 101.02; San Francisco County; California,1917,41.4,1917,630,385,0,770,12,79,41,102826.0,82551.0,1917,155,1077,930,264,666,930,26,321,1392.0,1300000.0,931,236,133,30,161,307,,1039,955,84,1529,382,274,113,15,502,1917,06,075,010102,06075010102,San Francisco,347,37.31,1287,67.14,32.86,20.08,40.17,8.09,71.61,28.39,14.29,25.35,3.22,17.29,32.98,,8.08,784,51.28,26.19
Census Tract 102.01; San Francisco County; California,2650,33.8,2650,1794,153,55,189,0,25,434,156017.0,115811.0,2650,181,1653,1399,406,993,1399,118,336,3114.0,1927600.0,1812,332,268,48,309,779,,1835,1764,23,2240,892,659,82,84,469,2650,06,075,010201,06075010201,San Francisco,454,32.45,856,32.3,67.7,5.77,7.13,6.83,70.98,29.02,14.79,18.32,2.65,17.05,42.99,,1.25,1717,76.65,17.7
Census Tract 102.02; San Francisco County; California,1839,38.9,1839,1240,30,0,277,18,72,202,176958.0,140102.0,1814,226,1471,1099,299,800,1099,14,136,2765.0,1417300.0,1284,295,119,73,302,456,,1396,1295,101,1567,749,504,115,1,234,1839,06,075,010202,06075010202,San Francisco,150,13.65,599,32.57,67.43,1.63,15.06,12.46,72.79,27.21,9.27,22.98,5.69,23.52,35.51,,7.23,1369,87.36,12.72
Census Tract 103; San Francisco County; California,3824,46.2,3824,2283,0,75,925,0,156,385,158144.0,93972.0,3824,361,2569,2060,440,1620,2060,32,423,2417.0,1202500.0,2655,642,188,58,234,1260,,2779,2655,124,3360,1526,670,232,239,715,3824,06,075,010300,06075010300,San Francisco,455,22.09,1541,40.3,59.7,0.0,24.19,9.44,78.64,21.36,7.08,24.18,2.18,8.81,47.46,,4.46,2667,79.38,18.7
Census Tract 104.01; San Francisco County; California,2427,36.8,2427,1270,7,5,585,0,72,488,181705.0,89037.0,2427,242,1284,953,233,720,953,18,337,3167.0,2000001.0,1299,402,108,53,235,365,25750.0,1479,1439,40,1756,553,388,213,169,442,2427,06,075,010401,06075010401,San Francisco,355,37.25,1157,47.67,52.33,0.29,24.1,9.97,75.55,24.45,8.31,30.95,4.08,18.09,28.1,19.82,2.7,1323,75.34,18.21
Census Tract 104.02; San Francisco County; California,1924,42.0,1924,1292,31,0,431,0,41,129,203354.0,188897.0,1924,22,1572,1233,391,842,1233,61,268,2759.0,1341500.0,1280,314,68,4,353,478,,1430,1351,51,1727,607,558,161,123,548,1924,06,075,010402,06075010402,San Francisco,329,26.68,632,32.85,67.15,1.61,22.4,1.14,68.29,31.71,5.31,24.53,0.31,27.58,37.34,,3.57,1449,83.9,28.48
Census Tract 105; San Francisco County; California,3473,43.9,3473,1475,31,0,1760,0,53,154,179896.0,120092.0,3473,223,2221,1848,411,1437,1848,99,537,2780.0,1215300.0,1869,226,300,50,460,661,39800.0,2015,1875,140,2895,875,806,267,85,1837,3473,06,075,010500,06075010500,San Francisco,636,34.42,1998,57.53,42.47,0.89,50.68,6.42,77.76,22.24,16.05,12.09,2.68,24.61,35.37,21.29,6.95,2033,70.22,52.89
Census Tract 106; San Francisco County; California,2957,42.0,2957,935,104,13,1480,0,27,398,75938.0,69902.0,2957,420,2108,1723,161,1562,1723,39,1178,2183.0,1560200.0,1779,282,616,0,425,446,,2082,1877,205,2513,578,345,96,61,998,2957,06,075,010600,06075010600,San Francisco,1217,70.63,2022,68.38,31.62,3.52,50.05,14.2,90.66,9.34,34.63,15.85,0.0,23.89,25.07,,9.85,1080,42.98,33.75
Census Tract 107.01; San Francisco County; California,3021,64.2,3021,149,0,0,2784,0,28,60,24854.0,22777.0,3021,993,2064,1792,110,1682,1792,55,1476,741.0,1120400.0,957,82,447,0,147,246,,1222,1130,92,2777,240,73,0,14,2349,3021,06,075,010701,06075010701,San Francisco,1531,85.44,2872,95.07,4.93,0.0,92.15,32.87,93.86,6.14,46.71,8.57,0.0,15.36,25.71,,7.53,327,11.78,77.76
Census Tract 107.02; San Francisco County; California,1398,49.2,1398,423,0,37,707,0,163,68,84904.0,98884.0,1398,351,793,660,129,531,660,11,335,1542.0,1716900.0,820,119,127,0,195,289,,909,825,84,1088,406,92,12,44,605,1398,06,075,010702,06075010702,San Francisco,346,52.42,975,69.74,30.26,0.0,50.57,25.11,80.45,19.55,15.49,14.51,0.0,23.78,35.24,,9.24,554,50.92,43.28
Census Tract 108; San Francisco County; California,4047,42.2,4047,1784,277,0,1446,0,238,302,123750.0,106709.0,4047,479,3047,2402,520,1882,2402,188,586,2151.0,996600.0,2826,617,370,60,569,1083,48590.0,3029,2914,115,3737,1820,822,140,90,1087,4047,06,075,010800,06075010800,San Francisco,774,32.22,2263,55.92,44.08,6.84,35.73,11.84,78.35,21.65,13.09,21.83,2.12,20.13,38.32,17.19,3.8,2872,76.85,26.86
Census Tract 109.01; San Francisco County; California,2067,32.0,2067,1466,13,16,205,0,34,333,183468.0,133585.0,2067,92,1307,1058,152,906,1058,16,321,2898.0,2000001.0,1560,307,268,42,482,350,,1623,1560,63,1644,861,403,178,42,379,2067,06,075,010901,06075010901,San Francisco,337,31.85,601,29.08,70.92,0.63,9.92,4.45,85.63,14.37,17.18,19.68,2.69,30.9,22.44,,3.88,1484,90.27,18.34
Census Tract 109.02; San Francisco County; California,2589,35.2,2589,1709,0,0,571,0,55,254,155234.0,116522.0,2589,345,1620,1461,184,1277,1461,44,844,3154.0,1319100.0,1909,200,265,78,193,1036,,1942,1909,33,2191,820,308,271,174,766,2589,06,075,010902,06075010902,San Francisco,888,60.78,880,33.99,66.01,0.0,22.05,13.33,87.41,12.59,13.88,10.48,4.09,10.11,54.27,,1.7,1573,71.79,29.59
Census Tract 110.01; San Francisco County; California,2402,35.3,2402,1428,90,0,696,0,47,141,129423.0,107568.0,2402,325,1630,1418,241,1177,1418,32,752,2500.0,1115800.0,1689,221,452,6,140,793,,1729,1700,29,2079,984,309,104,81,777,2402,06,075,011001,06075011001,San Francisco,784,55.29,974,40.55,59.45,3.75,28.98,13.53,83.0,17.0,26.76,13.08,0.36,8.29,46.95,,1.68,1478,71.09,32.35
Census Tract 110.02; San Francisco County; California,1992,43.0,1992,1001,0,0,620,0,91,280,157980.0,94193.0,1934,101,1477,1204,417,787,1204,21,378,2852.0,1177400.0,1466,386,193,53,347,291,,1567,1480,87,1661,584,270,55,0,613,1992,06,075,011002,06075011002,San Francisco,399,33.14,991,49.75,50.25,0.0,31.12,5.22,65.37,34.63,13.17,26.33,3.62,23.67,19.85,,5.55,909,54.73,30.77
Census Tract 111.01; San Francisco County; California,2477,44.4,2477,1115,76,0,1082,0,44,160,93056.0,81737.0,2477,257,1788,1448,159,1289,1448,27,704,1954.0,985200.0,1619,307,433,53,214,406,,1780,1619,161,2039,718,223,145,50,895,2477,06,075,011101,06075011101,San Francisco,731,50.48,1362,54.99,45.01,3.07,43.68,10.38,89.02,10.98,26.74,18.96,3.27,13.22,25.08,,9.04,1136,55.71,36.13
Census Tract 111.02; San Francisco County; California,2207,41.7,2207,803,231,0,729,0,271,173,104966.0,82923.0,2061,164,1835,1321,119,1202,1321,94,780,2312.0,975000.0,1454,161,251,22,640,280,34800.0,1548,1480,68,2010,518,397,41,10,950,2207,06,075,011102,06075011102,San Francisco,874,66.16,1404,63.62,36.38,10.47,33.03,7.96,90.99,9.01,17.26,11.07,1.51,44.02,19.26,23.93,4.39,966,48.06,43.04
Census Tract 112; San Francisco County; California,2676,46.3,2676,1339,68,0,1020,0,42,207,121855.0,116495.0,2676,365,2273,1660,352,1308,1660,99,905,2394.0,2000001.0,1734,333,275,0,514,521,,1778,1734,44,2248,688,538,267,73,1030,2676,06,075,011200,06075011200,San Francisco,1004,60.48,1337,49.96,50.04,2.54,38.12,13.64,78.8,21.2,15.86,19.2,0.0,29.64,30.05,,2.47,1566,69.66,38.49
Census Tract 113; San Francisco County; California,2589,46.2,2589,556,55,0,1859,0,43,76,32623.0,46635.0,2551,817,1587,1362,99,1263,1362,18,943,1023.0,1420500.0,1281,124,220,12,416,467,20825.0,1356,1281,75,2200,602,136,70,13,1577,2589,06,075,011300,06075011300,San Francisco,961,70.56,2033,78.52,21.48,2.12,71.8,32.03,92.73,7.27,17.17,9.68,0.94,32.47,36.46,16.26,5.53,821,37.32,60.91
Census Tract 117; San Francisco County; California,1914,48.6,1914,862,27,19,568,0,121,317,51464.0,75161.0,1878,368,1303,1105,194,911,1105,130,711,1533.0,1182500.0,935,115,149,0,425,196,,1182,940,242,1683,598,190,121,33,765,1914,06,075,011700,06075011700,San Francisco,841,76.11,1052,54.96,45.04,1.41,29.68,19.6,82.44,17.56,15.94,12.3,0.0,45.45,20.96,,20.47,942,55.97,39.97
Census Tract 118; San Francisco County; California,1376,54.5,1376,90,20,0,1098,0,30,138,43487.0,27412.0,1376,500,801,654,9,645,654,9,446,884.0,,638,79,162,2,180,121,,681,638,43,1168,261,34,34,0,960,1376,06,075,011800,06075011800,San Francisco,455,69.57,1286,93.46,6.54,1.45,79.8,36.34,98.62,1.38,25.39,12.38,0.31,28.21,18.97,,6.31,329,28.17,69.77
Census Tract 119.01; San Francisco County; California,2022,38.6,2022,838,38,0,690,0,257,199,96518.0,89698.0,1874,152,1807,1219,175,1044,1219,45,707,1936.0,889900.0,1462,212,332,10,435,407,29565.0,1590,1527,63,1615,699,181,53,28,743,2022,06,075,011901,06075011901,San Francisco,752,61.69,1184,58.56,41.44,1.88,34.12,8.11,85.64,14.36,22.71,14.5,0.68,29.75,27.84,20.22,3.96,961,59.5,36.75
Census Tract 119.02; San Francisco County; California,3032,38.1,3032,1129,54,16,1174,0,402,257,75625.0,69771.0,3020,390,2111,1745,120,1625,1745,65,1149,2025.0,778600.0,1649,270,189,0,565,546,,2015,1756,259,2608,897,340,34,110,1232,3032,06,075,011902,06075011902,San Francisco,1214,69.57,1903,62.76,37.24,1.78,38.72,12.91,93.12,6.88,11.46,16.37,0.0,34.26,33.11,,12.85,1381,52.95,40.63
Census Tract 120.01; San Francisco County; California,1746,35.5,1746,612,21,0,330,0,277,506,80300.0,62506.0,1722,226,1448,1002,47,955,1002,17,586,1920.0,1586800.0,1130,105,180,22,332,368,,1311,1145,166,1472,549,167,59,12,664,1746,06,075,012001,06075012001,San Francisco,603,60.18,1134,64.95,35.05,1.2,18.9,13.12,95.31,4.69,15.93,9.29,1.95,29.38,32.57,,12.66,787,53.46,38.03
Census Tract 120.02; San Francisco County; California,2126,35.2,2126,658,174,23,584,0,217,470,72549.0,66651.0,2126,271,1502,1363,168,1195,1363,7,854,2270.0,1888200.0,1185,101,346,187,280,254,,1412,1299,113,1726,784,203,69,19,622,2126,06,075,012002,06075012002,San Francisco,861,63.17,1468,69.05,30.95,8.18,27.47,12.75,87.67,12.33,29.2,8.52,15.78,23.63,21.43,,8.0,1075,62.28,29.26
Census Tract 121; San Francisco County; California,3203,36.4,3203,1552,72,4,890,0,217,468,108000.0,80058.0,2788,515,2553,1984,192,1792,1984,169,1206,1984.0,693500.0,2220,223,437,87,917,419,44215.0,2385,2244,141,2481,1023,470,49,90,1127,3203,06,075,012100,06075012100,San Francisco,1375,69.3,1651,51.55,48.45,2.25,27.79,18.47,90.32,9.68,19.68,10.05,3.92,41.31,18.87,19.92,5.91,1632,65.78,35.19
Census Tract 122.02; San Francisco County; California,2915,44.7,2915,1068,373,61,766,0,400,247,57897.0,58408.0,2915,773,1585,1374,149,1225,1374,12,943,1353.0,1849700.0,1371,51,328,0,446,330,,1752,1424,328,2711,710,195,42,19,969,2915,06,075,012202,06075012202,San Francisco,955,69.51,1847,63.36,36.64,12.8,26.28,26.52,89.16,10.84,23.92,3.72,0.0,32.53,24.07,,18.72,966,35.63,33.24
Census Tract 122.03; San Francisco County; California,1524,45.4,1524,636,98,103,371,0,101,215,23440.0,25743.0,1524,757,1208,1058,0,1058,1058,0,721,1418.0,,596,50,351,0,119,44,,852,625,227,1303,351,82,0,55,387,1524,06,075,012203,06075012203,San Francisco,721,68.15,888,58.27,41.73,6.43,24.34,49.67,100.0,0.0,58.89,8.39,0.0,19.97,7.38,,26.64,488,37.45,25.39
Census Tract 122.04; San Francisco County; California,2571,39.6,2571,1047,0,22,823,0,238,441,64707.0,59270.0,2571,362,1965,1519,119,1400,1519,62,1136,1643.0,383800.0,1652,93,439,130,374,545,,1766,1652,114,2288,673,353,103,104,853,2571,06,075,012204,06075012204,San Francisco,1198,78.87,1524,59.28,40.72,0.0,32.01,14.08,92.17,7.83,26.57,5.63,7.87,22.64,32.99,,6.46,1233,53.89,33.18
Census Tract 123.01; San Francisco County; California,1924,51.3,1924,548,167,13,483,0,624,89,23385.0,25530.0,1924,705,1521,1190,36,1154,1190,25,1007,1004.0,,724,64,144,90,327,86,,762,724,38,1689,274,24,0,0,1064,1924,06,075,012301,06075012301,San Francisco,1032,86.72,1376,71.52,28.48,8.68,25.1,36.64,96.97,3.03,19.89,8.84,12.43,45.17,11.88,,4.99,298,17.64,55.3
Census Tract 123.02; San Francisco County; California,2700,42.1,2700,1105,233,39,832,0,229,262,44954.0,57448.0,2676,628,2307,1889,0,1889,1889,0,1654,1517.0,,1623,96,494,46,571,346,,1750,1640,110,2402,579,250,46,138,1044,2700,06,075,012302,06075012302,San Francisco,1654,87.56,1595,59.07,40.93,8.63,30.81,23.47,100.0,0.0,30.44,5.91,2.83,35.18,21.32,,6.29,1013,42.17,38.67
Census Tract 124.03; San Francisco County; California,2481,47.2,2481,339,90,48,878,0,694,432,,33040.0,2449,697,1308,1222,17,1205,1222,0,985,1109.0,,919,135,354,36,122,100,,1190,966,224,1880,332,36,2,17,1288,2481,06,075,012403,06075012403,San Francisco,985,80.61,2142,86.34,13.66,3.63,35.39,28.46,98.61,1.39,38.52,14.69,3.92,13.28,10.88,,18.82,387,20.59,51.91
Census Tract 124.04; San Francisco County; California,2714,50.3,2714,784,174,70,633,17,807,229,,28460.0,2714,1019,1992,1541,17,1524,1541,0,1157,1122.0,,1367,280,595,120,202,21,,1497,1394,103,2530,425,29,89,19,1055,2714,06,075,012404,06075012404,San Francisco,1157,75.08,1930,71.11,28.89,6.41,23.32,37.55,98.9,1.1,43.53,20.48,8.78,14.78,1.54,,6.88,562,22.21,38.87
Census Tract 124.05; San Francisco County; California,3764,32.6,3764,1373,590,77,667,0,99,958,113665.0,110046.0,3587,464,2701,2579,37,2542,2579,20,1817,2227.0,,2770,293,881,69,473,1007,52765.0,3009,2918,91,3175,1747,536,43,74,1460,3764,06,075,012405,06075012405,San Francisco,1837,71.23,2391,63.52,36.48,15.67,17.72,12.94,98.57,1.43,31.81,10.58,2.49,17.08,36.35,19.05,3.02,2400,75.59,38.79
Census Tract 124.06; San Francisco County; California,1529,53.5,1529,455,87,0,648,0,233,106,,55305.0,1529,542,1078,951,119,832,951,44,629,1082.0,452100.0,818,83,194,14,309,119,,877,818,59,1436,279,76,66,47,983,1529,06,075,012406,06075012406,San Francisco,673,70.77,1074,70.24,29.76,5.69,42.38,35.45,87.49,12.51,23.72,10.15,1.71,37.78,14.55,,6.73,468,32.59,64.29
Census Tract 125.02; San Francisco County; California,4517,56.7,4517,957,619,224,1371,18,885,443,18217.0,21499.0,4475,1670,2506,2250,0,2250,2250,0,1923,534.0,,1190,76,473,0,417,206,,1564,1364,200,4029,251,166,93,0,2137,4517,06,075,012502,06075012502,San Francisco,1923,85.47,3560,78.81,21.19,13.7,30.35,37.32,100.0,0.0,39.75,6.39,0.0,35.04,17.31,,12.79,510,12.66,47.31
Census Tract 125.03; San Francisco County; California,4772,42.8,4772,730,416,74,1989,0,1074,489,50696.0,29369.0,4699,1337,2774,2224,45,2179,2224,27,1629,1070.0,,1890,241,751,118,554,194,,2512,2090,422,3977,610,149,0,22,2363,4772,06,075,012503,06075012503,San Francisco,1656,74.46,4042,84.7,15.3,8.72,41.68,28.45,97.98,2.02,39.74,12.75,6.24,29.31,10.26,,16.8,781,19.64,49.52
Census Tract 125.04; San Francisco County; California,693,60.1,693,121,58,16,239,0,28,231,19333.0,25286.0,693,181,566,342,42,300,342,0,259,567.0,,211,0,129,16,53,13,,231,192,20,659,34,45,0,0,411,693,06,075,012504,06075012504,San Francisco,259,75.73,572,82.54,17.46,8.37,34.49,26.12,87.72,12.28,61.14,0.0,7.58,25.12,6.16,,8.66,79,11.99,59.31
Census Tract 126.01; San Francisco County; California,2105,32.7,2105,1548,0,0,207,0,8,342,171058.0,137199.0,2105,49,1631,1282,286,996,1282,20,420,2781.0,2000001.0,1491,478,315,51,0,540,34100.0,1519,1479,28,1738,944,355,122,27,307,2105,06,075,012601,06075012601,San Francisco,440,34.32,557,26.46,73.54,0.0,9.83,2.33,77.69,22.31,21.13,32.06,3.42,0.0,36.22,22.87,1.84,1448,83.31,14.58
Census Tract 126.02; San Francisco County; California,3071,31.1,3071,2536,8,0,212,0,25,290,244000.0,149065.0,3071,233,1754,1470,454,1016,1470,86,317,3320.0,1945300.0,2016,482,334,44,37,912,,2212,2057,155,2421,1237,729,202,15,600,3071,06,075,012602,06075012602,San Francisco,403,27.41,535,17.42,82.58,0.26,6.9,7.59,69.12,30.88,16.57,23.91,2.18,1.84,45.24,,7.01,2183,90.17,19.54
Census Tract 127; San Francisco County; California,4027,32.8,4027,3342,35,0,251,0,0,399,234886.0,199303.0,4027,229,2430,1996,713,1283,1996,40,315,3501.0,2000001.0,2408,693,261,17,0,1052,,2528,2479,49,3105,1299,708,399,48,444,4027,06,075,012700,06075012700,San Francisco,355,17.79,685,17.01,82.99,0.87,6.23,5.69,64.28,35.72,10.84,28.78,0.71,0.0,43.69,,1.94,2454,79.03,11.03
Census Tract 128.01; San Francisco County; California,2568,35.0,2568,2013,20,0,113,16,68,338,215568.0,176565.0,2567,144,1385,1162,437,725,1162,36,297,3004.0,2000001.0,1492,517,54,19,64,571,,1531,1492,39,1810,753,467,116,30,689,2568,06,075,012801,06075012801,San Francisco,333,28.66,555,21.61,78.39,0.78,4.4,5.61,62.39,37.61,3.62,34.65,1.27,4.29,38.27,,2.55,1366,75.47,26.83
Census Tract 128.02; San Francisco County; California,1855,32.5,1855,1218,3,0,390,0,75,169,250001.0,189482.0,1855,55,1095,1001,296,705,1001,32,194,3501.0,2000001.0,1303,106,170,132,45,792,,1350,1314,36,1618,933,416,63,55,471,1855,06,075,012802,06075012802,San Francisco,226,22.58,637,34.34,65.66,0.16,21.02,2.96,70.43,29.57,13.05,8.14,10.13,3.45,60.78,,2.67,1467,90.67,25.39
Census Tract 129.01; San Francisco County; California,2830,31.7,2830,1980,3,1,464,0,28,354,219125.0,146014.0,2823,125,1674,1459,306,1153,1459,24,366,3302.0,1641100.0,2161,549,372,101,81,970,37680.0,2196,2161,35,2262,1303,403,258,62,519,2830,06,075,012901,06075012901,San Francisco,390,26.73,850,30.04,69.96,0.11,16.4,4.43,79.03,20.97,17.21,25.4,4.67,3.75,44.89,17.44,1.59,2026,89.57,18.34
Census Tract 129.02; San Francisco County; California,2589,31.8,2589,1810,18,0,436,90,82,153,189444.0,142574.0,2530,109,2097,1734,403,1331,1734,15,480,2754.0,1976600.0,1789,422,195,90,67,930,,1879,1789,90,2233,1160,294,160,43,399,2589,06,075,012902,06075012902,San Francisco,495,28.55,779,30.09,69.91,0.7,16.84,4.31,76.76,23.24,10.9,23.59,5.03,3.75,51.98,,4.79,1657,74.21,15.41
Census Tract 130.01; San Francisco County; California,1427,34.8,1427,1165,7,4,128,0,51,72,154659.0,150277.0,1427,139,1267,911,289,622,911,108,186,3483.0,2000001.0,902,237,220,138,102,179,,981,942,39,1274,735,244,80,26,256,1427,06,075,013001,06075013001,San Francisco,294,32.27,262,18.36,81.64,0.49,8.97,9.74,68.28,31.72,24.39,26.27,15.3,11.31,19.84,,3.98,1085,85.16,17.94
Census Tract 130.02; San Francisco County; California,2843,34.1,2843,2090,0,45,331,0,0,377,244215.0,189622.0,2843,112,1453,1285,324,961,1285,0,432,3501.0,2000001.0,1844,337,299,0,147,814,,1894,1844,50,2022,931,665,225,71,461,2843,06,075,013002,06075013002,San Francisco,432,33.62,753,26.49,73.51,0.0,11.64,3.94,74.79,25.21,16.21,18.28,0.0,7.97,44.14,,2.64,1892,93.57,16.22
Census Tract 131.01; San Francisco County; California,3768,33.9,3768,2069,48,0,1325,0,20,306,197014.0,144875.0,3707,203,2724,2233,508,1725,2233,113,382,3501.0,1301600.0,2586,593,228,82,400,935,46000.0,2837,2586,236,3296,1725,818,96,72,723,3768,06,075,013101,06075013101,San Francisco,495,22.17,1699,45.09,54.91,1.27,35.16,5.48,77.25,22.75,8.82,22.93,3.17,15.47,36.16,17.79,8.32,2711,82.25,19.19
Census Tract 131.02; San Francisco County; California,2550,37.4,2550,1704,101,0,317,0,98,330,250001.0,203354.0,2503,23,1980,1482,411,1071,1482,30,338,3501.0,2000001.0,1705,539,241,0,81,743,,1794,1713,81,2187,863,656,129,239,580,2550,06,075,013102,06075013102,San Francisco,368,24.83,846,33.18,66.82,3.96,12.43,0.92,72.27,27.73,14.13,31.61,0.0,4.75,43.58,,4.52,1887,86.28,22.75
Census Tract 132; San Francisco County; California,3481,50.4,3481,2493,1,0,540,0,18,429,164375.0,196142.0,3470,126,2674,2224,891,1333,2224,103,342,3408.0,2000001.0,2091,429,247,113,134,908,34850.0,2166,2111,55,3090,1386,806,231,156,979,3481,06,075,013200,06075013200,San Francisco,445,20.01,988,28.38,71.62,0.03,15.51,3.63,59.94,40.06,11.81,20.52,5.4,6.41,43.42,16.67,2.54,2579,83.46,28.12
Census Tract 133; San Francisco County; California,3952,42.9,3952,2623,64,0,901,0,40,324,176250.0,139420.0,3939,158,2247,1958,802,1156,1958,73,575,2884.0,2000001.0,1896,596,326,72,144,650,38730.0,1992,1913,79,3018,1297,740,272,112,796,3952,06,075,013300,06075013300,San Francisco,648,33.09,1329,33.63,66.37,1.62,22.8,4.01,59.04,40.96,17.19,31.43,3.8,7.59,34.28,20.43,3.97,2421,80.22,20.14
Census Tract 134.01; San Francisco County; California,1390,36.6,1390,915,3,3,159,0,34,276,212593.0,146733.0,1355,105,1081,874,234,640,874,55,180,2447.0,2000001.0,908,251,112,14,61,253,17955.0,953,908,45,1278,484,423,136,59,239,1390,06,075,013401,06075013401,San Francisco,235,26.89,475,34.17,65.83,0.22,11.44,7.75,73.23,26.77,12.33,27.64,1.54,6.72,27.86,19.77,4.72,1102,86.23,17.19
Census Tract 134.02; San Francisco County; California,2420,38.5,2420,1468,100,2,668,0,55,127,175201.0,130753.0,2420,24,1297,1201,275,926,1201,46,181,2635.0,2000001.0,1600,428,276,24,46,581,,1645,1613,32,2093,1066,369,230,65,610,2420,06,075,013402,06075013402,San Francisco,227,18.9,952,39.34,60.66,4.13,27.6,0.99,77.1,22.9,17.25,26.75,1.5,2.88,36.31,,1.95,1730,82.66,25.21
Census Tract 135; San Francisco County; California,2807,36.3,2807,2135,0,0,293,0,32,347,179194.0,147685.0,2807,116,2006,1718,514,1204,1718,58,558,2909.0,2000001.0,1919,618,232,48,152,633,36985.0,2009,1942,67,2319,1282,547,75,64,548,2807,06,075,013500,06075013500,San Francisco,616,35.86,672,23.94,76.06,0.0,10.44,4.13,70.08,29.92,12.09,32.2,2.5,7.92,32.99,19.27,3.33,1968,84.86,19.52
Census Tract 151; San Francisco County; California,2641,41.2,2641,1299,144,5,939,0,17,237,159921.0,115706.0,2610,330,2205,1566,548,1018,1566,96,558,3336.0,973400.0,1502,198,442,20,250,555,35430.0,1628,1518,110,2441,974,688,74,164,882,2641,06,075,015100,06075015100,San Francisco,654,41.76,1342,50.81,49.19,5.45,35.55,12.64,65.01,34.99,29.43,13.18,1.33,16.64,36.95,23.59,6.76,1900,77.84,33.4
Census Tract 152.01; San Francisco County; California,1615,36.5,1615,834,173,0,506,0,15,87,91420.0,91751.0,1612,246,1283,1063,151,912,1063,0,597,2102.0,1541700.0,1016,311,199,17,70,316,19360.0,1088,1016,72,1380,562,285,76,87,494,1615,06,075,015201,06075015201,San Francisco,597,56.16,781,48.36,51.64,10.71,31.33,15.26,85.79,14.21,19.59,30.61,1.67,6.89,31.1,19.06,6.62,1010,73.19,30.59
Census Tract 152.02; San Francisco County; California,2413,38.3,2413,1238,404,0,577,0,0,194,156713.0,137381.0,2332,144,1244,1123,523,600,1123,113,268,3036.0,1688700.0,1685,342,291,0,85,756,,1759,1685,74,1968,626,446,151,77,443,2413,06,075,015202,06075015202,San Francisco,381,33.93,1175,48.69,51.31,16.74,23.91,6.17,53.43,46.57,17.27,20.3,0.0,5.04,44.87,,4.21,1300,66.06,18.36
Census Tract 153; San Francisco County; California,2377,33.7,2377,1591,185,61,211,0,40,289,214688.0,136502.0,2269,202,1139,1062,433,629,1062,49,243,3028.0,1421500.0,1561,280,364,20,99,596,,1635,1597,38,2067,1106,476,133,8,359,2377,06,075,015300,06075015300,San Francisco,292,27.5,786,33.07,66.93,7.78,8.88,8.9,59.23,40.77,23.32,17.94,1.28,6.34,38.18,,2.32,1723,83.36,15.1
Census Tract 154.01; San Francisco County; California,3205,40.5,3205,1674,33,0,1098,0,84,316,165833.0,110192.0,3151,203,1968,1732,561,1171,1732,17,395,2852.0,1236600.0,2071,364,386,35,174,970,27655.0,2239,2076,163,2681,1516,549,141,99,947,3205,06,075,015401,06075015401,San Francisco,412,23.79,1531,47.77,52.23,1.03,34.26,6.44,67.61,32.39,18.64,17.58,1.69,8.4,46.84,13.35,7.28,2305,85.98,29.55
Census Tract 154.02; San Francisco County; California,2688,39.8,2688,1801,40,16,424,0,102,305,171960.0,170613.0,2688,0,1406,1359,325,1034,1359,0,156,2932.0,2000001.0,1716,430,184,31,25,848,,1890,1824,66,2145,1011,475,166,53,336,2688,06,075,015402,06075015402,San Francisco,156,11.48,887,33.0,67.0,1.49,15.77,0.0,76.09,23.91,10.72,25.06,1.81,1.46,49.42,,3.49,1705,79.49,12.5
Census Tract 155; San Francisco County; California,4011,50.4,4011,1815,137,0,1575,0,313,171,95841.0,80875.0,3867,778,2454,2209,192,2017,2209,54,1189,2114.0,1351900.0,1723,345,356,7,232,663,,1841,1763,78,3362,1302,578,237,124,1522,4011,06,075,015500,06075015500,San Francisco,1243,56.27,2196,54.75,45.25,3.42,39.27,20.12,91.31,8.69,20.66,20.02,0.41,13.46,38.48,,4.24,2241,66.66,37.95
Census Tract 156; San Francisco County; California,2964,42.7,2964,1262,151,5,1162,0,81,303,92963.0,63431.0,2964,541,1645,1418,388,1030,1418,60,351,2286.0,1127400.0,1605,408,326,26,113,564,35455.0,1676,1576,45,2145,832,435,79,63,928,2964,06,075,015600,06075015600,San Francisco,411,28.98,1702,57.42,42.58,5.09,39.2,18.25,72.64,27.36,20.31,25.42,1.62,7.04,35.14,22.09,2.68,1409,65.69,31.31
Census Tract 157.01; San Francisco County; California,4777,26.2,4777,2474,159,0,1444,0,167,533,182353.0,64134.0,2820,349,1297,1230,420,810,1230,39,200,2780.0,2000001.0,2487,615,573,11,540,614,53645.0,2744,2526,218,2517,1165,389,175,160,1001,4777,06,075,015701,06075015701,San Francisco,239,19.43,2303,48.21,51.79,3.33,30.23,12.38,65.85,34.15,23.04,24.73,0.44,21.71,24.69,21.57,7.94,1889,75.05,20.95
Census Tract 157.02; San Francisco County; California,3080,35.3,3080,1729,73,0,458,0,590,230,216071.0,122847.0,3071,263,1479,1386,588,798,1386,108,173,2865.0,1416700.0,2202,622,463,166,124,707,41975.0,2296,2202,94,2560,1001,926,126,35,607,3080,06,075,015702,06075015702,San Francisco,281,20.27,1351,43.86,56.14,2.37,14.87,8.56,57.58,42.42,21.03,28.25,7.54,5.63,32.11,19.06,4.09,2088,81.56,19.71
Census Tract 158.01; San Francisco County; California,3384,35.9,3384,1163,772,0,919,0,124,406,121563.0,91578.0,3384,410,1666,1527,443,1084,1527,63,334,2080.0,1170000.0,1818,535,436,81,109,567,,1958,1857,94,2555,1027,354,126,112,969,3384,06,075,015801,06075015801,San Francisco,397,26.0,2221,65.63,34.37,22.81,27.16,12.12,70.99,29.01,23.98,29.43,4.46,6.0,31.19,,4.8,1619,63.37,28.63
Census Tract 158.02; San Francisco County; California,3095,32.9,3095,1610,184,0,531,0,210,560,152917.0,117659.0,3095,525,1783,1570,333,1237,1570,24,467,2618.0,1517900.0,2165,369,468,165,112,814,,2454,2219,208,2689,1305,606,222,131,812,3095,06,075,015802,06075015802,San Francisco,491,31.27,1485,47.98,52.02,5.95,17.16,16.96,78.79,21.21,21.62,17.04,7.62,5.17,37.6,,8.48,2264,84.19,26.24
Census Tract 159; San Francisco County; California,4861,42.1,4861,1539,576,463,1519,0,408,356,83866.0,57167.0,4711,1029,2419,2081,427,1654,2081,68,1209,1499.0,915500.0,2177,387,503,17,186,855,36955.0,2299,2183,116,3641,1390,416,38,122,1683,4861,06,075,015900,06075015900,San Francisco,1277,61.36,3322,68.34,31.66,11.85,31.25,21.84,79.48,20.52,23.11,17.78,0.78,8.54,39.27,16.98,5.05,1966,54.0,34.62
Census Tract 160; San Francisco County; California,2892,47.8,2892,964,201,5,986,0,296,440,131771.0,103869.0,2892,603,2213,1766,444,1322,1766,105,863,2228.0,752400.0,1648,587,270,29,243,378,32165.0,1790,1708,82,2702,661,302,407,163,1201,2892,06,075,016000,06075016000,San Francisco,968,54.81,1928,66.67,33.33,6.95,34.09,20.85,74.86,25.14,16.38,35.62,1.76,14.75,22.94,19.52,4.58,1533,56.74,41.53
Census Tract 161.01; San Francisco County; California,2426,55.5,2426,957,193,0,984,0,0,292,31690.0,55475.0,2426,736,1731,1496,205,1291,1496,11,849,,735100.0,880,143,210,4,21,394,,1052,977,75,2191,846,207,89,138,1246,2426,06,075,016101,06075016101,San Francisco,860,57.49,1469,60.55,39.45,7.96,40.56,30.34,86.3,13.7,23.86,16.25,0.45,2.39,44.77,,7.13,1280,58.42,51.36
Census Tract 161.02; San Francisco County; California,2989,52.9,2989,202,1181,0,1041,296,0,269,34575.0,20514.0,2989,997,1294,1192,43,1149,1192,0,512,1033.0,,643,283,101,0,176,70,,916,685,231,2383,194,36,0,175,1316,2989,06,075,016102,06075016102,San Francisco,512,42.95,2787,93.24,6.76,39.51,34.83,33.36,96.39,3.61,15.71,44.01,0.0,27.37,10.89,,25.22,405,17.0,44.03
Census Tract 162; San Francisco County; California,3209,35.4,3209,1531,135,13,841,3,353,333,102035.0,120303.0,3209,424,2603,2010,344,1666,2010,60,1072,2676.0,,2439,405,460,396,195,836,,2548,2459,89,2704,885,776,49,110,934,3209,06,075,016200,06075016200,San Francisco,1132,56.32,1678,52.29,47.71,4.21,26.21,13.21,82.89,17.11,18.86,16.61,16.24,8.0,34.28,,3.49,1820,67.31,29.11
Census Tract 163; San Francisco County; California,3925,35.6,3925,2337,444,0,514,0,74,556,135658.0,94726.0,3901,482,2182,1994,344,1650,1994,24,700,2267.0,1161800.0,2380,495,782,170,142,725,,2847,2464,303,3211,1264,720,63,265,936,3925,06,075,016300,06075016300,San Francisco,724,36.31,1588,40.46,59.54,11.31,13.1,12.36,82.75,17.25,32.86,20.8,7.14,5.97,30.46,,10.64,2312,72.0,23.85
Census Tract 164; San Francisco County; California,3571,34.4,3571,2265,257,0,692,0,88,269,161612.0,124738.0,3413,367,2043,1753,281,1472,1753,43,648,3223.0,954400.0,2309,509,539,105,59,971,,2555,2433,122,3104,1534,689,185,158,522,3571,06,075,016400,06075016400,San Francisco,691,39.42,1306,36.57,63.43,7.2,19.38,10.75,83.97,16.03,23.34,22.04,4.55,2.56,42.05,,4.77,2566,82.67,14.62
Census Tract 165; San Francisco County; California,5206,35.6,5206,3443,241,221,358,0,140,803,153096.0,95739.0,5120,929,2497,2259,731,1528,2259,80,567,2830.0,1537400.0,3516,414,552,170,613,1451,65460.0,3770,3538,232,4626,1899,860,115,196,615,5206,06,075,016500,06075016500,San Francisco,647,28.64,1763,33.86,66.14,4.63,6.88,18.14,67.64,32.36,15.7,11.77,4.84,17.43,41.27,18.62,6.15,3070,66.36,11.81
Census Tract 166.01; San Francisco County; California,2836,37.6,2836,2036,110,0,403,0,54,233,134211.0,108190.0,2813,439,1546,1469,277,1192,1469,69,610,2568.0,1283700.0,1843,287,395,61,250,683,34550.0,1925,1854,71,2523,1456,474,92,72,529,2836,06,075,016601,06075016601,San Francisco,679,46.22,800,28.21,71.79,3.88,14.21,15.61,81.14,18.86,21.43,15.57,3.31,13.56,37.06,18.75,3.69,2094,83.0,18.65
Census Tract 166.02; San Francisco County; California,1912,33.7,1912,1333,176,47,89,0,10,257,223877.0,162652.0,1912,73,1246,1048,247,801,1048,0,237,3338.0,1905000.0,1528,273,255,123,30,758,28970.0,1580,1553,27,1687,868,291,120,217,250,1912,06,075,016602,06075016602,San Francisco,237,22.61,579,30.28,69.72,9.21,4.65,3.82,76.43,23.57,16.69,17.87,8.05,1.96,49.61,18.96,1.71,1496,88.68,13.08
Census Tract 167; San Francisco County; California,4852,34.8,4852,2967,42,44,952,0,43,804,239839.0,153082.0,4852,230,2694,2392,767,1625,2392,55,765,2934.0,1822100.0,3858,701,880,457,93,1528,66535.0,3921,3874,47,4145,1738,1096,180,308,782,4852,06,075,016700,06075016700,San Francisco,820,34.28,1885,38.85,61.15,0.87,19.62,4.74,67.93,32.07,22.81,18.17,11.85,2.41,39.61,17.25,1.2,3322,80.14,16.12
Census Tract 168.01; San Francisco County; California,4223,37.8,4223,1959,241,5,833,36,251,898,123147.0,103423.0,4205,312,2358,2061,364,1697,2061,139,1019,2647.0,1169400.0,2695,321,999,94,240,774,59310.0,2866,2755,111,3413,1436,524,146,223,1007,4223,06,075,016801,06075016801,San Francisco,1158,56.19,2264,53.61,46.39,5.71,19.73,7.42,82.34,17.66,37.07,11.91,3.49,8.91,28.72,22.01,3.87,2329,68.24,23.85
Census Tract 168.02; San Francisco County; California,3943,31.6,3943,2106,210,0,789,153,199,486,135588.0,81265.0,3925,820,2269,1924,300,1624,1924,103,951,2424.0,1322000.0,2860,398,676,64,619,1071,,2980,2860,120,3258,1101,561,59,121,655,3943,06,075,016802,06075016802,San Francisco,1054,54.78,1837,46.59,53.41,5.33,20.01,20.89,84.41,15.59,23.64,13.92,2.24,21.64,37.45,,4.03,1842,56.54,16.61
Census Tract 169; San Francisco County; California,2889,39.2,2889,2122,32,24,376,15,115,205,201827.0,129916.0,2880,234,1857,1507,511,996,1507,59,530,2475.0,1742500.0,1904,268,480,36,136,923,,2125,1922,203,2327,1008,465,152,135,750,2889,06,075,016900,06075016900,San Francisco,589,39.08,767,26.55,73.45,1.11,13.01,8.12,66.09,33.91,25.21,14.08,1.89,7.14,48.48,,9.55,1760,75.63,25.96
Census Tract 170; San Francisco County; California,4061,44.5,4061,2849,76,0,578,0,103,455,229013.0,150549.0,4061,319,2550,2201,1120,1081,2201,67,234,2487.0,1821400.0,2577,644,369,83,130,1103,,2844,2704,140,3599,1702,952,270,251,707,4061,06,075,017000,06075017000,San Francisco,301,13.68,1212,29.84,70.16,1.87,14.23,7.86,49.11,50.89,14.32,24.99,3.22,5.04,42.8,,4.92,3175,88.22,17.41
Census Tract 171.01; San Francisco County; California,4003,33.5,4003,2642,36,18,517,0,14,776,201944.0,128032.0,3800,231,2051,1710,552,1158,1710,83,377,3343.0,2000001.0,2307,603,421,164,56,955,43785.0,2451,2352,89,2957,1201,789,392,115,491,4003,06,075,017101,06075017101,San Francisco,460,26.9,1361,34.0,66.0,0.9,12.92,6.08,67.72,32.28,18.25,26.14,7.11,2.43,41.4,18.98,3.63,2497,84.44,12.27
Census Tract 171.02; San Francisco County; California,3165,34.2,3165,2296,47,14,309,0,147,352,173594.0,123727.0,3123,244,1750,1509,516,993,1509,112,399,3110.0,1614800.0,2030,515,328,91,197,753,,2133,2069,64,2465,1048,495,307,213,598,3165,06,075,017102,06075017102,San Francisco,511,33.86,869,27.46,72.54,1.48,9.76,7.81,65.81,34.19,16.16,25.37,4.48,9.7,37.09,,3.0,2063,83.69,18.89
Census Tract 176.02; San Francisco County; California,3560,42.0,3560,993,639,61,1480,0,109,278,,52958.0,3560,903,2117,1546,161,1385,1546,33,848,1810.0,864100.0,2032,304,401,83,381,579,,2088,2021,56,3011,804,129,77,22,1312,3560,06,075,017602,06075017602,San Francisco,881,56.99,2567,72.11,27.89,17.95,41.57,25.37,89.59,10.41,19.73,14.96,4.08,18.75,28.49,,2.68,1032,34.27,36.85
Census Tract 176.03; San Francisco County; California,4964,36.1,4964,1490,433,421,1935,90,144,451,124291.0,74433.0,4908,1240,2956,2517,540,1977,2517,219,1187,2489.0,677000.0,2730,258,848,56,531,786,48080.0,3142,2758,384,3950,1284,484,231,49,2022,4964,06,075,017603,06075017603,San Francisco,1406,55.86,3474,69.98,30.02,8.72,38.98,25.26,78.55,21.45,31.06,9.45,2.05,19.45,28.79,17.61,12.22,2048,51.85,40.73
Census Tract 176.04; San Francisco County; California,3965,32.4,3965,958,432,13,1544,59,761,198,101761.0,80565.0,3965,1007,2629,2301,209,2092,2301,151,1494,2286.0,,2408,199,838,166,363,623,,2837,2424,413,3382,1277,703,80,0,1668,3965,06,075,017604,06075017604,San Francisco,1645,71.49,3007,75.84,24.16,10.9,38.94,25.4,90.92,9.08,34.8,8.26,6.89,15.07,25.87,,14.56,2060,60.91,42.07
Census Tract 177; San Francisco County; California,2946,37.2,2946,1019,55,54,827,0,747,244,124679.0,89143.0,2946,430,1617,1296,287,1009,1296,84,325,2379.0,1206100.0,2036,486,616,42,103,549,,2106,2061,45,2376,621,262,126,100,1626,2946,06,075,017700,06075017700,San Francisco,409,31.56,1927,65.41,34.59,1.87,28.07,14.6,77.85,22.15,30.26,23.87,2.06,5.06,26.96,,2.14,1109,46.68,55.19
Census Tract 178.01; San Francisco County; California,3019,69.7,3019,494,34,23,2247,0,93,128,28408.0,66017.0,3019,682,2578,2247,447,1800,2247,83,1304,580.0,919600.0,1193,68,132,11,233,724,,1379,1193,186,2959,621,398,96,118,2326,3019,06,075,017801,06075017801,San Francisco,1387,61.73,2525,83.64,16.36,1.13,74.43,22.59,80.11,19.89,11.06,5.7,0.92,19.53,60.69,,13.49,1233,41.67,77.05
Census Tract 178.03; San Francisco County; California,2415,39.8,2415,704,348,0,969,6,176,212,85909.0,91779.0,2366,504,1373,1208,254,954,1208,60,580,1434.0,1046200.0,1121,140,244,30,196,346,,1487,1369,118,2090,608,226,63,21,1046,2415,06,075,017803,06075017803,San Francisco,640,52.98,1711,70.85,29.15,14.41,40.12,21.3,78.97,21.03,21.77,12.49,2.68,17.48,30.87,,7.94,918,43.92,43.31
Census Tract 178.04; San Francisco County; California,4380,37.8,4380,1587,359,40,1691,0,273,430,134264.0,91210.0,4355,954,2974,2322,854,1468,2322,202,891,2655.0,961900.0,2913,601,501,119,639,927,61905.0,3153,2913,240,3791,1785,639,128,90,1639,4380,06,075,017804,06075017804,San Francisco,1093,47.07,2793,63.77,36.23,8.2,38.61,21.91,63.22,36.78,17.2,20.63,4.09,21.94,31.82,21.25,7.61,2642,69.69,37.42
Census Tract 179.03; San Francisco County; California,2429,33.9,2429,839,443,39,150,0,342,616,93269.0,47730.0,2347,764,740,616,0,616,616,0,143,2415.0,,1255,403,349,38,104,229,38465.0,1423,1287,123,1689,480,92,8,0,826,2429,06,075,017903,06075017903,San Francisco,143,23.21,1590,65.46,34.54,18.24,6.18,32.55,100.0,0.0,27.81,32.11,3.03,8.29,18.25,30.65,8.64,580,34.34,34.01
Census Tract 180; San Francisco County; California,3492,35.1,3492,1283,235,11,1029,12,186,736,212439.0,132913.0,3305,611,2213,1648,320,1328,1648,51,769,3455.0,1085600.0,1906,378,296,103,161,736,,2091,2045,46,2831,976,646,52,79,1448,3492,06,075,018000,06075018000,San Francisco,820,49.76,2209,63.26,36.74,6.73,29.47,18.49,80.58,19.42,15.53,19.83,5.4,8.45,38.61,,2.2,1753,61.92,41.47
Census Tract 201.01; San Francisco County; California,3943,36.4,3943,1375,233,74,789,0,686,786,135759.0,85528.0,3943,584,2343,1901,480,1421,1901,147,655,2821.0,766800.0,2718,475,592,148,561,641,53065.0,2867,2746,121,3334,1360,409,52,92,1262,3943,06,075,020101,06075020101,San Francisco,802,42.19,2568,65.13,34.87,5.91,20.01,14.81,74.75,25.25,21.78,17.48,5.45,20.64,23.58,19.52,4.22,1913,57.38,32.01
Census Tract 201.02; San Francisco County; California,3463,45.0,3463,981,272,57,623,0,1009,521,100761.0,55597.0,3463,948,1861,1306,221,1085,1306,60,639,1764.0,1098000.0,1668,432,315,87,248,467,,2150,1684,466,2885,693,416,33,126,1126,3463,06,075,020102,06075020102,San Francisco,699,53.52,2482,71.67,28.33,7.85,17.99,27.38,83.08,16.92,18.88,25.9,5.22,14.87,28.0,,21.67,1268,43.95,32.52
Census Tract 202.01; San Francisco County; California,1905,41.9,1905,914,57,10,299,0,433,192,94265.0,97464.0,1905,282,1253,976,220,756,976,76,374,2310.0,1510200.0,1086,243,280,134,14,339,,1239,1116,123,1671,794,223,72,58,542,1905,06,075,020201,06075020201,San Francisco,450,46.11,991,52.02,47.98,2.99,15.7,14.8,77.46,22.54,25.78,22.38,12.34,1.29,31.22,,9.93,1147,68.64,28.45
Census Tract 202.02; San Francisco County; California,3979,35.0,3979,1591,457,13,803,0,348,767,166985.0,111229.0,3979,205,2396,2195,476,1719,2195,70,1050,2420.0,1325900.0,3027,495,599,184,338,1258,,3184,3122,62,3554,1518,584,150,161,1144,3979,06,075,020202,06075020202,San Francisco,1120,51.03,2388,60.02,39.98,11.49,20.18,5.15,78.31,21.69,19.79,16.35,6.08,11.17,41.56,,1.95,2413,67.9,28.75
Census Tract 203; San Francisco County; California,3419,41.0,3419,1985,79,25,690,0,155,485,182547.0,139953.0,3419,343,2415,2232,854,1378,2232,119,845,2817.0,1248400.0,2421,264,535,169,177,1135,41545.0,2633,2429,204,3152,1254,974,125,213,837,3419,06,075,020300,06075020300,San Francisco,964,43.19,1434,41.94,58.06,2.31,20.18,10.03,61.74,38.26,22.1,10.9,6.98,7.31,46.88,17.16,7.75,2566,81.41,24.48
Census Tract 204.01; San Francisco County; California,3400,39.1,3400,2256,69,48,529,11,27,460,196667.0,134470.0,3371,235,1871,1678,797,881,1678,71,207,3388.0,1662600.0,2405,397,584,100,59,1066,59500.0,2501,2401,66,2870,1254,645,183,249,768,3400,06,075,020401,06075020401,San Francisco,278,16.57,1144,33.65,66.35,2.03,15.56,6.97,52.5,47.5,24.28,16.51,4.16,2.45,44.32,24.74,2.64,2331,81.22,22.59
Census Tract 204.02; San Francisco County; California,4061,43.7,4061,2367,86,9,748,0,184,667,152097.0,124714.0,4061,344,2768,2442,816,1626,2442,138,192,2848.0,1215200.0,2894,1012,573,1,24,942,,3080,2894,186,3670,1567,720,346,230,1171,4061,06,075,020402,06075020402,San Francisco,330,13.51,1694,41.71,58.29,2.12,18.42,8.47,66.58,33.42,19.8,34.97,0.03,0.83,32.55,,6.04,2863,78.01,28.84
Census Tract 205; San Francisco County; California,2789,42.6,2789,2041,59,8,349,0,71,261,250001.0,169712.0,2753,106,1393,1246,583,663,1246,12,267,2984.0,1934100.0,1791,358,434,0,158,718,36745.0,1914,1832,82,2334,775,596,185,170,512,2789,06,075,020500,06075020500,San Francisco,279,22.39,748,26.82,73.18,2.12,12.51,3.85,53.21,46.79,24.23,19.99,0.0,8.82,40.09,20.52,4.28,1726,73.95,18.36
Census Tract 206.01; San Francisco County; California,3007,45.7,3007,1683,61,0,811,0,124,328,235568.0,135020.0,3007,207,1591,1435,598,837,1435,123,460,2457.0,1701800.0,2196,501,549,74,75,816,48245.0,2316,2249,67,2691,1230,486,199,165,524,3007,06,075,020601,06075020601,San Francisco,583,40.63,1324,44.03,55.97,2.03,26.97,6.88,58.33,41.67,25.0,22.81,3.37,3.42,37.16,21.97,2.89,2080,77.29,17.43
Census Tract 206.02; San Francisco County; California,2379,54.6,2379,1726,68,0,256,0,84,245,207958.0,145082.0,2379,156,1376,1317,633,684,1317,180,275,2865.0,1584800.0,1291,198,256,85,107,583,,1461,1400,61,2133,959,575,142,156,283,2379,06,075,020602,06075020602,San Francisco,455,34.55,653,27.45,72.55,2.86,10.76,6.56,51.94,48.06,19.83,15.34,6.58,8.29,45.16,,4.18,1832,85.89,11.9
Census Tract 207.01; San Francisco County; California,3357,40.2,3357,1987,146,0,524,0,105,595,223707.0,127625.0,3357,314,1639,1514,466,1048,1514,69,437,3482.0,1581300.0,2310,358,809,60,158,833,,2701,2340,361,2785,1335,775,149,182,742,3357,06,075,020701,06075020701,San Francisco,506,33.42,1370,40.81,59.19,4.35,15.61,9.35,69.22,30.78,35.02,15.5,2.6,6.84,36.06,,13.37,2441,87.65,22.1
Census Tract 207.02; San Francisco County; California,1995,37.7,1995,1275,25,7,349,0,127,212,160179.0,128822.0,1985,343,1320,1121,245,876,1121,57,441,2737.0,1697200.0,1359,329,271,49,84,592,,1397,1377,20,1754,741,404,94,70,623,1995,06,075,020702,06075020702,San Francisco,498,44.42,720,36.09,63.91,1.25,17.49,17.28,78.14,21.86,19.94,24.21,3.61,6.18,43.56,,1.43,1309,74.63,31.23
Census Tract 208.01; San Francisco County; California,3767,36.3,3767,1094,154,45,408,0,1008,1058,133953.0,68552.0,3745,254,1765,1418,318,1100,1418,20,487,1760.0,1125000.0,2130,561,495,267,139,569,42900.0,2412,2333,79,2714,957,388,62,75,1541,3767,06,075,020801,06075020801,San Francisco,507,35.75,2673,70.96,29.04,4.09,10.83,6.78,77.57,22.43,23.24,26.34,12.54,6.53,26.71,20.14,3.28,1482,54.61,40.91
Census Tract 208.02; San Francisco County; California,2188,37.8,2188,670,19,7,560,0,646,286,119667.0,74717.0,2147,276,1073,1018,149,869,1018,0,706,1983.0,,1352,119,536,35,99,525,30010.0,1576,1352,224,1734,392,216,126,61,922,2188,06,075,020802,06075020802,San Francisco,706,69.35,1518,69.38,30.62,0.87,25.59,12.86,85.36,14.64,39.64,8.8,2.59,7.32,38.83,22.2,14.21,795,45.85,42.14
Census Tract 209; San Francisco County; California,3746,38.4,3746,1222,38,33,612,0,1170,671,96250.0,67562.0,3733,387,1898,1607,223,1384,1607,50,480,2446.0,1296100.0,2157,438,715,114,101,730,43075.0,2478,2279,199,2979,1144,474,111,156,1180,3746,06,075,020900,06075020900,San Francisco,530,32.98,2524,67.38,32.62,1.01,16.34,10.37,86.12,13.88,33.15,20.31,5.29,4.68,33.84,19.97,8.03,1885,63.28,31.5
Census Tract 210; San Francisco County; California,3609,39.4,3609,2321,28,35,585,0,123,517,178558.0,147483.0,3609,295,2366,1793,736,1057,1793,115,426,2912.0,1622000.0,2140,549,187,110,99,927,,2391,2281,110,3039,1155,690,182,324,773,3609,06,075,021000,06075021000,San Francisco,541,30.17,1288,35.69,64.31,0.78,16.21,8.17,58.95,41.05,8.74,25.65,5.14,4.63,43.32,,4.6,2351,77.36,21.42
Census Tract 211; San Francisco County; California,4086,38.9,4086,2835,10,0,628,0,62,551,250001.0,172254.0,4086,77,2239,2006,984,1022,2006,26,375,3461.0,2000001.0,2749,597,580,135,192,1133,54430.0,2836,2749,87,3413,1170,1161,392,278,712,4086,06,075,021100,06075021100,San Francisco,401,19.99,1251,30.62,69.38,0.24,15.37,1.88,50.95,49.05,21.1,21.72,4.91,6.98,41.21,19.8,3.07,3001,87.93,17.43
Census Tract 212; San Francisco County; California,2917,38.8,2917,1733,7,33,363,0,36,745,201786.0,149875.0,2910,161,1596,1420,735,685,1420,93,171,3173.0,2000001.0,1628,426,336,52,13,626,32620.0,1828,1654,174,2299,792,825,179,152,697,2917,06,075,021200,06075021200,San Francisco,264,18.59,1184,40.59,59.41,0.24,12.44,5.53,48.24,51.76,20.64,26.17,3.19,0.8,38.45,20.04,9.52,1948,84.73,23.89
Census Tract 213; San Francisco County; California,2427,42.7,2427,1579,80,36,280,0,21,431,208641.0,158128.0,2427,97,1330,1134,568,566,1134,45,43,3340.0,1984100.0,1467,592,177,44,34,599,,1546,1480,66,1965,967,516,127,111,564,2427,06,075,021300,06075021300,San Francisco,88,7.76,848,34.94,65.06,3.3,11.54,4.0,49.91,50.09,12.07,40.35,3.0,2.32,40.83,,4.27,1721,87.58,23.24
Census Tract 214; San Francisco County; California,3460,40.5,3460,2385,21,46,502,0,117,389,213462.0,138039.0,3460,227,1862,1714,710,1004,1714,79,269,3297.0,1719100.0,2289,540,253,168,80,1089,37380.0,2341,2299,42,3005,1089,696,214,288,770,3460,06,075,021400,06075021400,San Francisco,348,20.3,1075,31.07,68.93,0.61,14.51,6.56,58.58,41.42,11.05,23.59,7.34,3.49,47.58,16.33,1.79,2287,76.11,22.25
Census Tract 215; San Francisco County; California,5181,39.0,5181,2673,125,0,1192,0,169,1022,178488.0,124505.0,5181,187,2786,2492,897,1595,2492,57,181,3207.0,1952200.0,3445,843,874,351,72,1114,,3471,3455,16,4244,1298,1798,283,172,1180,5181,06,075,021500,06075021500,San Francisco,238,9.55,2508,48.41,51.59,2.41,23.01,3.61,64.0,36.0,25.37,24.47,10.19,2.09,32.34,,0.46,3551,83.67,22.78
Census Tract 216; San Francisco County; California,4531,39.0,4531,2398,233,0,1036,11,302,551,237083.0,151096.0,4531,251,2337,2098,1259,839,2098,74,171,3416.0,2000001.0,2611,887,200,21,15,1424,35980.0,2654,2619,35,3618,1169,1018,400,155,1377,4531,06,075,021600,06075021600,San Francisco,245,11.68,2133,47.08,52.92,5.14,22.86,5.54,39.99,60.01,7.66,33.97,0.8,0.57,54.54,13.78,1.32,2742,75.79,30.39
Census Tract 217; San Francisco County; California,4432,40.8,4432,2099,355,28,827,0,384,739,133300.0,92086.0,4402,132,1938,1802,1239,563,1802,46,45,2250.0,1632700.0,1984,628,204,56,33,745,39010.0,2125,2030,95,3207,1161,795,241,109,1029,4432,06,075,021700,06075021700,San Francisco,91,5.05,2333,52.64,47.36,8.01,18.66,3.0,31.24,68.76,10.28,31.65,2.82,1.66,37.55,19.66,4.47,2306,71.91,23.22
Census Tract 218; San Francisco County; California,4208,39.5,4208,2748,46,27,605,0,144,638,250001.0,138963.0,4208,126,1937,1792,1065,727,1792,60,86,3501.0,1865200.0,2582,627,405,155,63,1177,45490.0,2691,2652,39,3431,1363,720,311,283,953,4208,06,075,021800,06075021800,San Francisco,146,8.15,1460,34.7,65.3,1.09,14.38,2.99,40.57,59.43,15.69,24.28,6.0,2.44,45.58,17.62,1.45,2677,78.02,22.65
Census Tract 226; San Francisco County; California,4452,32.4,4452,2042,74,0,1519,20,279,518,232036.0,157094.0,4034,99,2633,2257,508,1749,2257,0,531,3501.0,1350000.0,3706,676,600,259,811,1078,75250.0,3776,3741,35,3581,1351,997,381,435,1229,4452,06,075,022600,06075022600,San Francisco,531,23.53,2410,54.13,45.87,1.66,34.12,2.45,77.49,22.51,16.19,18.24,6.99,21.88,29.09,20.3,0.93,3164,88.36,27.61
Census Tract 227.02; San Francisco County; California,1960,34.1,1960,889,1,2,605,0,126,337,250001.0,126050.0,1952,153,1048,966,396,570,966,18,91,3484.0,1730100.0,1455,293,102,80,240,694,,1539,1471,68,1685,752,478,128,74,547,1960,06,075,022702,06075022702,San Francisco,109,11.28,1071,54.64,45.36,0.05,30.87,7.84,59.01,40.99,7.01,20.14,5.5,16.49,47.7,,4.42,1432,84.99,27.91
Census Tract 227.04; San Francisco County; California,4026,35.6,4026,1970,118,0,1037,0,348,553,250001.0,150852.0,4026,430,2113,1855,958,897,1855,19,152,3501.0,1675800.0,2556,816,227,177,125,1020,,2688,2584,104,3177,1076,1145,219,307,1093,4026,06,075,022704,06075022704,San Francisco,171,9.22,2056,51.07,48.93,2.93,25.76,10.68,48.36,51.64,8.88,31.92,6.92,4.89,39.91,,3.87,2747,86.47,27.15
Census Tract 228.01; San Francisco County; California,4765,39.1,4765,1913,780,325,538,28,630,551,160417.0,97643.0,4689,577,2183,2017,841,1176,2017,96,344,1977.0,1311900.0,2901,764,492,96,384,932,47400.0,3122,2901,221,3984,1437,645,65,63,1111,4765,06,075,022801,06075022801,San Francisco,440,21.81,2852,59.85,40.15,16.37,11.29,12.31,58.3,41.7,16.96,26.34,3.31,13.24,32.13,16.34,7.08,2210,55.47,23.32
Census Tract 228.02; San Francisco County; California,2103,40.9,2103,1028,106,21,267,1,270,410,107083.0,89393.0,1820,211,817,754,386,368,754,38,108,2792.0,1166200.0,1035,249,138,47,98,457,18245.0,1128,1052,76,1749,616,272,54,32,644,2103,06,075,022802,06075022802,San Francisco,146,19.36,1075,51.12,48.88,5.04,12.7,11.59,48.81,51.19,13.33,24.06,4.54,9.47,44.15,17.63,6.74,974,55.69,30.62
Census Tract 228.03; San Francisco County; California,4117,36.2,4117,1411,129,0,634,0,1409,534,164665.0,81868.0,4040,734,1644,1439,557,882,1439,70,323,2314.0,1696600.0,2353,777,446,181,69,696,49615.0,2539,2363,176,2901,802,456,99,182,1071,4117,06,075,022803,06075022803,San Francisco,393,27.31,2706,65.73,34.27,3.13,15.4,18.17,61.29,38.71,18.95,33.02,7.69,2.93,29.58,21.09,6.93,1539,53.05,26.01
Census Tract 229.01; San Francisco County; California,4542,34.9,4542,1195,86,182,429,0,1788,862,101617.0,54394.0,4518,392,1547,1479,347,1132,1479,14,305,2627.0,920500.0,2732,1047,612,92,91,542,55570.0,2871,2782,89,3447,1080,236,46,96,1956,4542,06,075,022901,06075022901,San Francisco,319,21.57,3347,73.69,26.31,1.89,9.45,8.68,76.54,23.46,22.4,38.32,3.37,3.33,19.84,20.34,3.1,1458,42.3,43.06
Census Tract 229.02; San Francisco County; California,1891,37.2,1891,709,139,20,322,0,351,350,205583.0,102181.0,1891,257,810,725,317,408,725,64,119,3078.0,1319400.0,1044,295,370,20,16,312,,1086,1044,42,1461,443,247,114,98,423,1891,06,075,022902,06075022902,San Francisco,183,25.24,1182,62.51,37.49,7.35,17.03,13.59,56.28,43.72,35.44,28.26,1.92,1.53,29.89,,3.87,902,61.74,22.37
Census Tract 229.03; San Francisco County; California,2798,38.0,2798,1388,85,54,408,0,291,572,189875.0,85025.0,2798,202,1239,1139,481,658,1139,45,194,3417.0,1260400.0,1877,191,555,180,193,648,,2087,1960,127,2267,767,287,83,35,582,2798,06,075,022903,06075022903,San Francisco,239,20.98,1410,50.39,49.61,3.04,14.58,7.22,57.77,42.23,29.57,10.18,9.59,10.28,34.52,,6.09,1172,51.7,20.8
Census Tract 230.01; San Francisco County; California,5108,42.1,5108,563,302,134,3341,0,482,286,129866.0,41381.0,5095,705,1271,1271,864,407,1271,10,15,3501.0,1115700.0,2644,1400,341,14,48,270,,3123,2726,387,3923,1022,153,10,28,2219,5108,06,075,023001,06075023001,San Francisco,25,1.97,4545,88.98,11.02,5.91,65.41,13.84,32.02,67.98,12.9,52.95,0.53,1.82,10.21,,12.39,1213,30.92,43.44
Census Tract 230.03; San Francisco County; California,3812,45.2,3812,439,324,0,2287,25,374,363,102137.0,58450.0,3764,186,1239,1195,976,219,1195,156,67,3281.0,1082500.0,1773,831,144,36,58,266,,2070,1876,194,3021,872,114,62,25,1689,3812,06,075,023003,06075023003,San Francisco,223,18.66,3373,88.48,11.52,8.5,59.99,4.94,18.33,81.67,8.12,46.87,2.03,3.27,15.0,,9.37,1073,35.52,44.31
Census Tract 231.02; San Francisco County; California,3231,36.5,3231,135,1570,0,378,0,638,510,43882.0,37668.0,3231,854,1164,1114,426,688,1114,7,239,1102.0,1122400.0,1074,527,216,0,0,191,,1376,1078,298,2050,157,111,74,25,542,3231,06,075,023102,06075023102,San Francisco,246,22.08,3096,95.82,4.18,48.59,11.7,26.43,61.76,38.24,20.11,49.07,0.0,0.0,17.78,,21.66,367,17.9,16.77
Census Tract 231.03; San Francisco County; California,4545,27.2,4545,56,2239,48,634,499,639,430,30486.0,15562.0,4545,1842,1665,1550,47,1503,1550,0,435,864.0,,1249,699,154,29,91,135,,1795,1290,505,2361,202,15,7,0,574,4545,06,075,023103,06075023103,San Francisco,435,28.06,4489,98.77,1.23,49.26,13.95,40.53,96.97,3.03,12.33,55.96,2.32,7.29,10.81,,28.13,224,9.49,12.63
Census Tract 232; San Francisco County; California,3570,39.6,3570,464,808,8,1168,8,887,227,82019.0,40065.0,3570,463,1322,1143,705,438,1143,31,79,,1058500.0,1575,533,266,60,53,338,,1848,1588,260,2443,284,161,38,89,1499,3570,06,075,023200,06075023200,San Francisco,110,9.62,3106,87.0,13.0,22.63,32.72,12.97,38.32,61.68,16.89,33.84,3.81,3.37,21.46,,14.07,572,23.41,41.99
Census Tract 233; San Francisco County; California,3818,46.2,3818,528,419,0,2095,0,464,312,89531.0,44303.0,3818,725,1340,1270,725,545,1270,133,191,1435.0,928800.0,1762,796,390,36,54,229,53210.0,1874,1776,98,2840,499,166,4,21,2107,3818,06,075,023300,06075023300,San Francisco,324,25.51,3290,86.17,13.83,10.97,54.87,18.99,42.91,57.09,22.13,45.18,2.04,3.06,13.0,30.2,5.23,690,24.3,55.19
Census Tract 234; San Francisco County; California,3536,38.5,3536,125,905,5,971,5,827,698,62647.0,32175.0,3497,868,1200,1136,514,622,1136,47,158,1399.0,986900.0,1433,998,284,14,0,77,,1547,1453,94,2280,155,69,5,20,984,3536,06,075,023400,06075023400,San Francisco,205,18.05,3411,96.46,3.54,25.59,27.46,24.82,54.75,45.25,19.82,69.64,0.98,0.0,5.37,,6.08,249,10.92,27.83
Census Tract 251; San Francisco County; California,3504,38.9,3504,2091,55,18,734,23,193,390,165759.0,95857.0,3484,327,1419,1319,791,528,1319,65,121,2920.0,1597200.0,1892,693,222,181,23,722,41640.0,2066,1936,130,2650,1046,371,226,107,743,3504,06,075,025100,06075025100,San Francisco,186,14.1,1413,40.33,59.67,1.57,20.95,9.39,40.03,59.97,11.73,36.63,9.57,1.22,38.16,22.01,6.29,1750,66.04,21.2
Census Tract 252; San Francisco County; California,5415,49.2,5415,3232,74,0,532,0,375,1202,197853.0,130321.0,5415,666,2676,2477,1804,673,2477,329,208,2520.0,1597500.0,2916,934,227,376,110,980,,3028,2992,36,4210,1376,1095,183,270,1339,5415,06,075,025200,06075025200,San Francisco,537,21.68,2183,40.31,59.69,1.37,9.82,12.3,27.17,72.83,7.78,32.03,12.89,3.77,33.61,,1.19,2924,69.45,24.73
Census Tract 253; San Francisco County; California,4302,37.8,4302,2166,55,45,378,0,1101,557,181578.0,113025.0,4296,284,2013,1753,889,864,1753,56,245,3030.0,1523400.0,2655,908,353,83,78,1011,49805.0,2780,2726,54,3592,1174,623,238,142,910,4302,06,075,025300,06075025300,San Francisco,301,17.17,2136,49.65,50.35,1.28,8.79,6.61,49.29,50.71,13.3,34.2,3.13,2.94,38.08,18.76,1.94,2177,60.61,21.15
Census Tract 254.01; San Francisco County; California,3567,37.6,3567,1820,147,9,296,0,250,1045,204844.0,92771.0,3567,157,1365,1329,762,567,1329,70,169,3113.0,1487900.0,1909,576,207,265,28,702,36280.0,1988,1909,79,2426,933,511,144,126,577,3567,06,075,025401,06075025401,San Francisco,239,17.98,1747,48.98,51.02,4.12,8.3,4.4,42.66,57.34,10.84,30.17,13.88,1.47,36.77,19.0,3.97,1714,70.65,16.18
Census Tract 254.02; San Francisco County; California,2901,47.3,2901,1305,69,11,455,0,789,272,190625.0,88214.0,2867,174,1095,1048,764,284,1048,39,41,3501.0,1366700.0,1629,848,189,83,18,382,,1798,1664,134,2343,909,382,180,70,858,2901,06,075,025402,06075025402,San Francisco,80,7.63,1596,55.02,44.98,2.38,15.68,6.07,27.1,72.9,11.6,52.06,5.1,1.1,23.45,,7.45,1541,65.77,29.58
Census Tract 254.03; San Francisco County; California,4410,41.4,4410,1191,246,33,1242,0,582,1116,147083.0,71143.0,4410,361,1469,1325,762,563,1325,107,104,2206.0,1550800.0,2140,724,402,95,34,566,43925.0,2302,2174,128,3141,757,455,165,150,1644,4410,06,075,025403,06075025403,San Francisco,211,15.92,3219,72.99,27.01,5.58,28.16,8.19,42.49,57.51,18.79,33.83,4.44,1.59,26.45,20.53,5.56,1527,48.62,37.28
Census Tract 255.01; San Francisco County; California,4235,36.0,4235,555,78,10,1498,11,1575,508,113920.0,50092.0,4105,641,1155,1028,752,276,1028,5,0,2230.0,1301000.0,1906,509,458,34,2,474,49495.0,2207,1915,292,2891,887,194,31,41,1987,4235,06,075,025501,06075025501,San Francisco,5,0.49,3680,86.89,13.11,1.84,35.37,15.62,26.85,73.15,24.03,26.71,1.78,0.1,24.87,25.97,13.23,1153,39.88,46.92
Census Tract 255.02; San Francisco County; California,3739,42.0,3739,1070,58,8,1314,58,556,675,180341.0,73398.0,3739,320,1320,1201,818,383,1201,82,95,2111.0,1203000.0,1996,744,474,56,36,473,,2231,2086,145,3023,901,380,15,75,1628,3739,06,075,025502,06075025502,San Francisco,177,14.74,2669,71.38,28.62,1.55,35.14,8.56,31.89,68.11,23.75,37.27,2.81,1.8,23.7,,6.5,1371,45.35,43.54
Census Tract 256; San Francisco County; California,5419,41.9,5419,1134,116,0,2939,39,891,300,144100.0,53595.0,5112,254,1705,1610,1110,500,1610,119,103,2667.0,1038100.0,2956,967,633,20,54,631,66535.0,3130,3027,103,3882,1143,283,108,0,2357,5419,06,075,025600,06075025600,San Francisco,222,13.79,4285,79.07,20.93,2.14,54.24,4.97,31.06,68.94,21.41,32.71,0.68,1.83,21.35,22.51,3.29,1534,39.52,43.5
Census Tract 257.01; San Francisco County; California,4604,41.6,4604,683,106,0,3235,0,379,201,130538.0,55189.0,4591,233,1568,1553,931,622,1553,57,43,2298.0,1192100.0,2326,903,483,91,79,380,62895.0,2571,2343,228,3493,883,168,100,89,2496,4604,06,075,025701,06075025701,San Francisco,100,6.44,3921,85.17,14.83,2.3,70.26,5.08,40.05,59.95,20.77,38.82,3.91,3.4,16.34,27.04,8.87,1240,35.5,54.21
Census Tract 257.02; San Francisco County; California,4545,43.3,4545,874,45,0,2941,0,345,340,125473.0,40027.0,4543,353,1233,1150,777,373,1150,94,156,1721.0,1113500.0,2019,710,461,0,13,300,55250.0,2132,2042,90,3365,764,187,67,55,2188,4545,06,075,025702,06075025702,San Francisco,250,21.74,3671,80.77,19.23,0.99,64.71,7.77,32.43,67.57,22.83,35.17,0.0,0.64,14.86,27.37,4.22,1073,31.89,48.14
Census Tract 258; San Francisco County; California,1603,51.5,1603,140,96,0,1201,0,11,155,82188.0,49021.0,1603,93,661,612,307,305,612,60,105,1140.0,1118100.0,725,296,143,6,0,137,,772,725,47,1381,258,72,16,0,961,1603,06,075,025800,06075025800,San Francisco,165,26.96,1463,91.27,8.73,5.99,74.92,5.8,49.84,50.16,19.72,40.83,0.83,0.0,18.9,,6.09,346,25.05,59.95
Census Tract 259; San Francisco County; California,4034,44.4,4034,783,112,0,2252,0,606,281,175524.0,76408.0,4034,333,1514,1422,1196,226,1422,49,37,3501.0,1161100.0,2247,1383,194,46,35,393,,2507,2340,167,3200,1171,303,83,67,1714,4034,06,075,025900,06075025900,San Francisco,86,6.05,3251,80.59,19.41,2.78,55.83,8.25,15.89,84.11,8.63,61.55,2.05,1.56,17.49,,6.66,1624,50.75,42.49
Census Tract 260.01; San Francisco County; California,5625,40.7,5625,891,234,156,2607,11,1049,677,120650.0,51192.0,5625,670,1860,1754,906,848,1754,145,215,2563.0,1178700.0,3042,1291,893,8,27,381,73155.0,3355,3051,304,4403,1071,216,57,67,2540,5625,06,075,026001,06075026001,San Francisco,360,20.52,4734,84.16,15.84,4.16,46.35,11.91,48.35,51.65,29.36,42.44,0.26,0.89,12.52,24.05,9.06,1411,32.05,45.16
Census Tract 260.02; San Francisco County; California,3641,46.4,3641,1074,183,40,1194,0,557,593,127768.0,53596.0,3247,390,1137,1069,798,271,1069,100,38,2442.0,1151400.0,1434,642,263,4,10,315,30675.0,1706,1581,125,2880,621,360,62,9,1195,3641,06,075,026002,06075026002,San Francisco,138,12.91,2567,70.5,29.5,5.03,32.79,12.01,25.35,74.65,18.34,44.77,0.28,0.7,21.97,21.39,7.33,1052,36.53,32.82
Census Tract 260.03; San Francisco County; California,4639,44.1,4639,674,77,66,2057,0,1019,746,105250.0,46008.0,4586,390,1445,1403,936,467,1403,48,81,2213.0,1169700.0,2251,964,385,41,55,414,,2512,2284,228,3377,819,240,12,62,1654,4639,06,075,026003,06075026003,San Francisco,129,9.19,3965,85.47,14.53,1.66,44.34,8.5,33.29,66.71,17.1,42.83,1.82,2.44,18.39,,9.08,1133,33.55,35.65
Census Tract 260.04; San Francisco County; California,3840,41.3,3840,797,367,77,1570,52,422,555,146136.0,63036.0,3799,327,1254,1112,757,355,1112,43,96,3501.0,1089300.0,2299,1052,441,0,13,504,,2396,2348,48,3078,916,213,30,20,1638,3840,06,075,026004,06075026004,San Francisco,139,12.5,3043,79.24,20.76,9.56,40.89,8.61,31.92,68.08,19.18,45.76,0.0,0.57,21.92,,2.0,1179,38.3,42.66
Census Tract 261; San Francisco County; California,6811,43.1,6811,538,0,118,4433,28,1129,565,122222.0,51736.0,6752,694,2220,2146,1401,745,2146,99,272,1950.0,1234000.0,3153,1142,867,53,126,648,76715.0,3541,3192,349,5083,1605,173,71,12,3229,6811,06,075,026100,06075026100,San Francisco,371,17.29,6273,92.1,7.9,0.0,65.09,10.28,34.72,65.28,27.5,36.22,1.68,4.0,20.55,24.33,9.86,1861,36.61,47.41
Census Tract 262.01; San Francisco County; California,3856,39.7,3856,366,8,0,2742,19,622,99,160417.0,49168.0,3819,257,1043,996,694,302,996,22,55,2070.0,1128300.0,2066,819,504,0,29,385,68805.0,2224,2076,148,2951,862,166,8,0,2231,3856,06,075,026201,06075026201,San Francisco,77,7.73,3490,90.51,9.49,0.21,71.11,6.73,30.32,69.68,24.39,39.64,0.0,1.4,18.64,33.3,6.65,1036,35.11,57.86
Census Tract 262.02; San Francisco County; California,3706,46.5,3706,482,46,63,2666,7,164,278,148429.0,44938.0,3684,256,1055,1040,717,323,1040,66,121,2117.0,1142100.0,1812,928,514,8,31,131,,2010,1867,143,2988,767,215,20,0,2452,3706,06,075,026202,06075026202,San Francisco,187,17.98,3224,86.99,13.01,1.24,71.94,6.95,31.06,68.94,28.37,51.21,0.44,1.71,7.23,,7.11,1002,33.53,66.16
Census Tract 263.01; San Francisco County; California,5019,44.8,5019,777,43,0,2958,46,693,502,115125.0,38252.0,5009,662,1380,1317,726,591,1317,95,181,1927.0,1093600.0,2202,1045,391,0,136,238,51635.0,2684,2220,464,3825,699,69,71,21,2394,5019,06,075,026301,06075026301,San Francisco,276,20.96,4242,84.52,15.48,0.86,58.94,13.22,44.87,55.13,17.76,47.46,0.0,6.18,10.81,23.45,17.29,860,22.48,47.7
Census Tract 263.02; San Francisco County; California,4302,49.3,4302,494,166,63,2229,9,917,424,92031.0,48520.0,4293,508,1567,1526,979,547,1526,61,97,1544.0,1121300.0,2137,1271,462,0,14,159,67975.0,2359,2171,188,3439,740,181,31,29,1828,4302,06,075,026302,06075026302,San Francisco,158,10.35,3808,88.52,11.48,3.86,51.81,11.83,35.85,64.15,21.62,59.48,0.0,0.66,7.44,31.81,7.97,981,28.53,42.49
Census Tract 263.03; San Francisco County; California,4600,46.4,4600,497,20,35,3275,14,270,489,96146.0,40510.0,4529,179,1382,1357,1029,328,1357,93,35,2186.0,1159300.0,2394,955,721,36,15,307,73230.0,2535,2408,127,3702,785,87,40,13,2072,4600,06,075,026303,06075026303,San Francisco,128,9.43,4103,89.2,10.8,0.43,71.2,3.95,24.17,75.83,30.12,39.89,1.5,0.63,12.82,30.59,5.01,925,24.99,45.04
Census Tract 264.01; San Francisco County; California,3194,43.0,3194,300,340,25,1873,94,305,257,82045.0,39784.0,3173,626,1028,1018,654,364,1018,184,90,1679.0,984800.0,1382,854,264,0,26,97,,1516,1415,101,2353,347,34,49,0,1388,3194,06,075,026401,06075026401,San Francisco,274,26.92,2894,90.61,9.39,10.64,58.64,19.73,35.76,64.24,19.1,61.79,0.0,1.88,7.02,,6.66,430,18.27,43.46
Census Tract 264.02; San Francisco County; California,4660,40.7,4660,1012,208,10,2602,45,395,388,151250.0,52259.0,4622,178,1298,1241,918,323,1241,69,58,3044.0,967100.0,2527,1369,416,13,7,286,,2677,2534,143,3672,1174,333,16,21,2462,4660,06,075,026402,06075026402,San Francisco,127,10.23,3648,78.28,21.72,4.46,55.84,3.85,26.03,73.97,16.46,54.17,0.51,0.28,11.32,,5.34,1544,42.05,52.83
Census Tract 264.03; San Francisco County; California,3685,48.3,3685,273,238,0,2575,0,422,177,75156.0,37636.0,3618,631,1207,1149,714,435,1149,80,49,1758.0,1049300.0,1535,791,305,0,0,201,,1885,1644,233,2901,533,38,85,17,2285,3685,06,075,026403,06075026403,San Francisco,129,11.23,3412,92.59,7.41,6.46,69.88,17.44,37.86,62.14,19.87,51.53,0.0,0.0,13.09,,12.36,673,23.2,62.01
Census Tract 264.04; San Francisco County; California,2422,44.5,2422,164,177,0,1518,0,354,209,84415.0,30030.0,2422,161,706,668,374,294,668,62,34,1720.0,913900.0,1056,556,184,0,45,126,30550.0,1194,1105,61,1735,298,16,0,0,1528,2422,06,075,026404,06075026404,San Francisco,96,14.37,2258,93.23,6.77,7.31,62.68,6.65,44.01,55.99,17.42,52.65,0.0,4.26,11.93,28.93,5.11,314,18.1,63.09
Census Tract 301.01; San Francisco County; California,4389,33.4,4389,1988,93,49,1480,10,163,606,156156.0,93909.0,4204,584,2248,2115,527,1588,2115,90,639,3034.0,1647800.0,2780,535,433,117,877,714,57090.0,2871,2780,91,3636,1664,525,508,220,648,4389,06,075,030101,06075030101,San Francisco,729,34.47,2401,54.7,45.3,2.12,33.72,13.89,75.08,24.92,15.58,19.24,4.21,31.55,25.68,20.54,3.17,2917,80.23,14.76
Census Tract 301.02; San Francisco County; California,5120,34.6,5120,2648,288,0,1433,0,111,640,208712.0,103172.0,4265,633,2271,2080,983,1097,2080,86,196,3193.0,1854800.0,3028,677,475,113,462,953,60935.0,3325,3103,222,3899,1507,889,480,316,979,5120,06,075,030102,06075030102,San Francisco,282,13.56,2472,48.28,51.72,5.62,27.99,14.84,52.74,47.26,15.69,22.36,3.73,15.26,31.47,20.12,6.68,3192,81.87,19.12
Census Tract 302.01; San Francisco County; California,3841,42.5,3841,2051,25,0,1036,0,507,222,109659.0,77387.0,3810,601,2052,1922,528,1394,1922,57,469,2446.0,1484200.0,2194,681,593,101,109,550,48350.0,2342,2251,91,3088,1220,614,236,98,1308,3841,06,075,030201,06075030201,San Francisco,526,27.37,1790,46.6,53.4,0.65,26.97,15.77,72.53,27.47,27.03,31.04,4.6,4.97,25.07,22.04,3.89,2168,70.21,34.05
Census Tract 302.02; San Francisco County; California,4082,44.7,4082,1992,65,0,1341,0,164,520,122697.0,96793.0,4082,241,2354,2041,471,1570,2041,122,462,2502.0,1270800.0,2223,453,563,20,309,806,43030.0,2432,2350,82,3415,1347,539,133,232,1076,4082,06,075,030202,06075030202,San Francisco,584,28.61,2090,51.2,48.8,1.59,32.85,5.9,76.92,23.08,25.33,20.38,0.9,13.9,36.26,19.36,3.37,2251,65.92,26.36
Census Tract 303.01; San Francisco County; California,6160,42.7,6160,2702,115,0,2419,0,60,864,199167.0,96449.0,6085,172,2785,2552,1463,1089,2552,16,229,3450.0,1740800.0,3437,1112,285,157,187,1454,,3655,3501,154,4933,2463,794,424,180,1440,6160,06,075,030301,06075030301,San Francisco,245,9.6,3458,56.14,43.86,1.87,39.27,2.83,42.67,57.33,8.29,32.35,4.57,5.44,42.3,,4.21,3861,78.27,23.38
Census Tract 303.02; San Francisco County; California,3552,43.5,3552,1381,82,9,1661,0,120,299,216188.0,108584.0,3541,116,1435,1313,920,393,1313,8,0,3501.0,1738600.0,1992,829,198,38,64,640,43545.0,2079,2016,63,2832,1036,415,331,117,1233,3552,06,075,030302,06075030302,San Francisco,8,0.61,2171,61.12,38.88,2.31,46.76,3.28,29.93,70.07,9.94,41.62,1.91,3.21,32.13,21.86,3.03,1899,67.06,34.71
Census Tract 304; San Francisco County; California,5116,53.6,5116,1670,51,18,2479,0,413,485,137448.0,116278.0,5108,218,2333,2105,1725,380,2105,143,0,3238.0,1839700.0,2275,739,276,16,130,875,,2370,2306,64,4233,1349,715,551,364,1775,5116,06,075,030400,06075030400,San Francisco,143,6.79,3446,67.36,32.64,1.0,48.46,4.27,18.05,81.95,12.13,32.48,0.7,5.71,38.46,,2.7,2979,70.38,34.7
Census Tract 305; San Francisco County; California,3641,51.3,3641,1696,321,3,924,0,185,512,177361.0,75764.0,2769,255,1027,1019,734,285,1019,81,39,2878.0,1512200.0,1406,778,75,0,0,490,29380.0,1499,1455,44,2909,669,434,222,187,955,3641,06,075,030500,06075030500,San Francisco,120,11.78,1945,53.42,46.58,8.82,25.38,9.21,27.97,72.03,5.33,55.33,0.0,0.0,34.85,20.9,2.94,1512,51.98,26.23
Census Tract 306; San Francisco County; California,2258,45.4,2258,1196,27,0,613,0,18,404,247500.0,147890.0,2258,47,920,888,783,105,888,7,16,3367.0,2000001.0,1187,537,131,8,21,450,20855.0,1315,1291,24,1774,754,390,248,81,448,2258,06,075,030600,06075030600,San Francisco,23,2.59,1062,47.03,52.97,1.2,27.15,2.08,11.82,88.18,11.04,45.24,0.67,1.77,37.91,17.57,1.83,1473,83.03,19.84
Census Tract 307; San Francisco County; California,6624,46.7,6624,3677,24,59,2198,13,57,596,185104.0,111125.0,6614,204,2793,2751,2435,316,2751,133,0,3501.0,1669500.0,2831,1220,375,102,43,1003,54195.0,2956,2895,61,4997,1893,1313,330,301,1888,6624,06,075,030700,06075030700,San Francisco,133,4.83,2947,44.49,55.51,0.36,33.18,3.08,11.49,88.51,13.25,43.09,3.6,1.52,35.43,19.14,2.06,3837,76.79,28.5
Census Tract 308; San Francisco County; California,5694,40.8,5694,3090,110,0,1518,15,33,928,186667.0,133492.0,5685,258,2207,2010,1526,484,2010,191,111,3501.0,2000001.0,3051,1114,442,22,87,1286,58445.0,3173,3141,32,4557,1946,794,567,180,1515,5694,06,075,030800,06075030800,San Francisco,302,15.02,2604,45.73,54.27,1.93,26.66,4.54,24.08,75.92,14.49,36.51,0.72,2.85,42.15,19.16,1.01,3487,76.52,26.61
Census Tract 309; San Francisco County; California,6548,47.2,6548,2638,35,150,2332,0,123,1270,235109.0,101826.0,6537,246,2522,2274,2117,157,2274,101,0,3501.0,2000001.0,3248,1135,348,33,150,1118,58450.0,3497,3310,187,4871,1625,953,419,138,2010,6548,06,075,030900,06075030900,San Francisco,101,4.44,3910,59.71,40.29,0.53,35.61,3.76,6.9,93.1,10.71,34.94,1.02,4.62,34.42,18.0,5.35,3135,64.36,30.7
Census Tract 310; San Francisco County; California,4374,46.4,4374,1964,293,0,1312,0,481,324,206130.0,101409.0,4374,343,1586,1576,1188,388,1576,43,122,,1623300.0,2176,850,135,10,58,882,38125.0,2354,2183,171,3381,1103,484,254,266,1125,4374,06,075,031000,06075031000,San Francisco,165,10.47,2410,55.1,44.9,6.7,30.0,7.84,24.62,75.38,6.2,39.06,0.46,2.67,40.53,17.52,7.26,2107,62.32,25.72
Census Tract 311; San Francisco County; California,6073,44.1,6073,2537,195,0,2312,0,430,599,200545.0,97020.0,6073,302,2489,2372,1432,940,2372,160,96,3138.0,1521100.0,3823,1423,913,17,1,1110,78865.0,4126,3882,244,4652,1807,706,220,235,1665,6073,06,075,031100,06075031100,San Francisco,256,10.79,3536,58.22,41.78,3.21,38.07,4.97,39.63,60.37,23.88,37.22,0.44,0.03,29.03,20.63,5.91,2968,63.8,27.42
Census Tract 312.01; San Francisco County; California,6176,44.0,6176,1217,250,32,3701,0,433,543,120962.0,55262.0,6168,785,1881,1784,849,935,1784,109,287,2013.0,1115600.0,3396,1386,929,16,67,491,93925.0,3606,3437,169,4685,1193,243,83,48,2867,6176,06,075,031201,06075031201,San Francisco,396,22.2,4959,80.29,19.71,4.05,59.93,12.73,52.41,47.59,27.36,40.81,0.47,1.97,14.46,27.66,4.69,1567,33.45,46.42
Census Tract 312.02; San Francisco County; California,2869,41.5,2869,289,86,0,2028,0,341,125,181875.0,57503.0,2826,240,834,804,525,279,804,62,63,2328.0,1209800.0,1471,578,368,23,6,320,37075.0,1614,1481,133,2177,686,126,79,50,1381,2869,06,075,031202,06075031202,San Francisco,125,15.55,2580,89.93,10.07,3.0,70.69,8.49,34.7,65.3,25.02,39.29,1.56,0.41,21.75,25.2,8.24,941,43.22,48.14
Census Tract 313.01; San Francisco County; California,3697,40.0,3697,752,317,0,2097,0,147,384,147938.0,68034.0,3697,462,1594,1522,1220,302,1522,40,12,3000.0,1365500.0,2009,1094,270,61,78,361,,2218,2016,186,2970,925,305,137,41,1525,3697,06,075,031301,06075031301,San Francisco,52,3.42,2945,79.66,20.34,8.57,56.72,12.5,19.84,80.16,13.44,54.45,3.04,3.88,17.97,,8.39,1408,47.41,41.25
Census Tract 313.02; San Francisco County; California,4890,45.2,4890,779,271,0,2646,22,728,444,138000.0,62120.0,4890,297,1868,1716,1041,675,1716,59,76,3082.0,1068800.0,2694,956,418,8,50,745,58930.0,2903,2805,98,3844,1167,689,65,119,2620,4890,06,075,031302,06075031302,San Francisco,135,7.87,4111,84.07,15.93,5.54,54.11,6.07,39.34,60.66,15.52,35.49,0.3,1.86,27.65,21.87,3.38,2040,53.07,53.58
Census Tract 314.01; San Francisco County; California,2533,40.6,2533,216,197,117,1475,0,335,193,99500.0,36001.0,2516,519,726,628,355,273,628,68,7,2423.0,1095300.0,1364,716,335,0,13,135,38425.0,1427,1387,40,1860,337,90,13,13,1372,2533,06,075,031401,06075031401,San Francisco,75,11.94,2317,91.47,8.53,7.78,58.23,20.63,43.47,56.53,24.56,52.49,0.0,0.95,9.9,28.17,2.8,453,24.35,54.17
Census Tract 314.02; San Francisco County; California,4199,38.9,4199,682,736,0,1900,9,449,423,155568.0,49056.0,4134,258,1254,1149,997,152,1149,110,56,2690.0,1140900.0,2376,1028,251,0,22,640,46025.0,2620,2470,150,3003,878,265,126,75,1782,4199,06,075,031402,06075031402,San Francisco,166,14.45,3517,83.76,16.24,17.53,45.25,6.24,13.23,86.77,10.56,43.27,0.0,0.93,26.94,19.37,5.73,1344,44.76,42.44
Census Tract 326.01; San Francisco County; California,4338,38.8,4338,1575,41,25,1937,1,71,688,154444.0,79350.0,4338,509,1905,1774,763,1011,1774,55,313,2392.0,1460200.0,2459,815,399,51,105,654,54245.0,2701,2476,225,3559,1435,658,162,118,1657,4338,06,075,032601,06075032601,San Francisco,368,20.74,2763,63.69,36.31,0.95,44.65,11.73,56.99,43.01,16.23,33.14,2.07,4.27,26.6,22.06,8.33,2373,66.68,38.2
Census Tract 326.02; San Francisco County; California,4118,42.9,4118,1243,225,0,1925,6,123,596,163796.0,81723.0,4118,327,1645,1472,768,704,1472,9,186,3174.0,1635000.0,1944,714,401,30,133,523,47820.0,2193,2063,130,3240,1053,423,201,227,1606,4118,06,075,032602,06075032602,San Francisco,195,13.25,2875,69.82,30.18,5.46,46.75,7.94,47.83,52.17,20.63,36.73,1.54,6.84,26.9,24.6,5.93,1904,58.77,39.0
Census Tract 327; San Francisco County; California,6573,49.4,6573,1791,11,8,3491,0,501,771,128244.0,76733.0,6490,420,2671,2503,1497,1006,2503,39,135,2780.0,1547100.0,3456,1035,819,97,357,844,80985.0,3614,3449,108,5472,1668,830,193,76,3049,6573,06,075,032700,06075032700,San Francisco,174,6.95,4782,72.75,27.25,0.17,53.11,6.47,40.19,59.81,23.7,29.95,2.81,10.33,24.42,23.43,2.99,2767,50.57,46.39
Census Tract 328.01; San Francisco County; California,4021,48.3,4021,778,13,0,2791,0,148,291,154257.0,55201.0,3897,260,1458,1250,749,501,1250,42,20,2135.0,1562100.0,1832,920,265,11,83,389,,2037,1842,195,3242,1020,438,56,29,2048,4021,06,075,032801,06075032801,San Francisco,62,4.96,3243,80.65,19.35,0.32,69.41,6.67,40.08,59.92,14.47,50.22,0.6,4.53,21.23,,9.57,1543,47.59,50.93
Census Tract 328.02; San Francisco County; California,4268,49.3,4268,1101,103,0,2626,158,22,258,105195.0,66025.0,4268,382,1511,1511,1030,481,1511,54,119,2044.0,1411300.0,2133,881,416,13,18,468,,2177,2133,44,3481,1149,429,146,94,1790,4268,06,075,032802,06075032802,San Francisco,173,11.45,3167,74.2,25.8,2.41,61.53,8.95,31.83,68.17,19.5,41.3,0.61,0.84,21.94,,2.02,1818,52.23,41.94
Census Tract 329.01; San Francisco County; California,6013,39.8,6013,1184,225,0,3805,83,48,668,176000.0,59976.0,6000,263,1794,1722,1249,473,1722,118,106,2933.0,1532000.0,2983,1266,514,0,126,728,74480.0,3238,3082,156,4323,1423,446,298,45,2358,6013,06,075,032901,06075032901,San Francisco,224,13.01,4829,80.31,19.69,3.74,63.28,4.38,27.47,72.53,17.23,42.44,0.0,4.22,24.4,24.97,4.82,2212,51.17,39.22
Census Tract 329.02; San Francisco County; California,3720,53.6,3720,668,41,9,2568,11,77,346,126471.0,62107.0,3702,136,1463,1310,1113,197,1310,87,12,3501.0,1520500.0,1629,766,278,23,19,296,,1893,1688,205,2893,962,331,95,149,2062,3720,06,075,032902,06075032902,San Francisco,99,7.56,3052,82.04,17.96,1.1,69.03,3.67,15.04,84.96,17.07,47.02,1.41,1.17,18.17,,10.83,1537,53.13,55.43
Census Tract 330.01; San Francisco County; California,3911,50.0,3911,703,3,0,2582,0,195,428,183021.0,77695.0,3911,374,1436,1419,1246,173,1419,68,14,2343.0,1549300.0,1989,872,229,73,141,475,42365.0,2028,1989,39,3177,1202,492,95,119,1548,3911,06,075,033001,06075033001,San Francisco,82,5.78,3208,82.03,17.97,0.08,66.02,9.56,12.19,87.81,11.51,43.84,3.67,7.09,23.88,21.3,1.92,1908,60.06,39.58
Census Tract 330.02; San Francisco County; California,4015,44.7,4015,1707,25,23,1757,0,84,419,181000.0,97178.0,3972,482,1506,1448,896,552,1448,23,111,3120.0,1524000.0,2171,850,380,0,48,715,44505.0,2286,2172,102,3107,1262,474,151,44,1245,4015,06,075,033002,06075033002,San Francisco,134,9.25,2308,57.48,42.52,0.62,43.76,12.13,38.12,61.88,17.5,39.15,0.0,2.21,32.93,20.5,4.46,1931,62.15,31.01
Census Tract 331; San Francisco County; California,3755,48.7,3755,1097,64,0,2279,10,24,281,176806.0,77152.0,3744,199,1455,1383,1226,157,1383,94,0,3501.0,1814000.0,1584,780,124,3,27,503,28645.0,1694,1652,42,2767,1202,493,243,66,1386,3755,06,075,033100,06075033100,San Francisco,94,6.8,2658,70.79,29.21,1.7,60.69,5.32,11.35,88.65,7.83,49.24,0.19,1.7,31.76,18.08,2.48,2004,72.43,36.91
Census Tract 332.01; San Francisco County; California,3316,20.6,3316,990,294,55,1057,18,446,456,,22797.0,1575,711,818,638,6,632,638,0,272,2254.0,,1622,326,297,18,537,339,28970.0,1952,1639,313,937,294,63,10,164,827,3316,06,075,033201,06075033201,San Francisco,272,42.63,2326,70.14,29.86,8.87,31.88,45.14,99.06,0.94,18.31,20.1,1.11,33.11,20.9,17.86,16.03,531,56.67,24.94
Census Tract 332.03; San Francisco County; California,2895,39.5,2895,735,259,52,1261,0,259,329,76923.0,70523.0,2895,437,1833,1424,178,1246,1424,19,185,2781.0,1455900.0,1333,731,166,0,23,315,,1622,1356,266,2172,703,307,69,16,1088,2895,06,075,033203,06075033203,San Francisco,204,14.33,2160,74.61,25.39,8.95,43.56,15.09,87.5,12.5,12.45,54.84,0.0,1.73,23.63,,16.4,1095,50.41,37.58
Census Tract 332.04; San Francisco County; California,3816,40.9,3816,871,494,39,1226,7,298,881,58114.0,43106.0,3816,1169,1924,1648,0,1648,1648,0,551,2124.0,,1247,590,305,37,59,184,,1568,1369,199,2760,1009,330,83,9,1941,3816,06,075,033204,06075033204,San Francisco,551,33.43,2945,77.18,22.82,12.95,32.13,30.63,100.0,0.0,24.46,47.31,2.97,4.73,14.76,,12.69,1431,51.85,50.86
Census Tract 351.01; San Francisco County; California,3748,41.4,3748,1820,132,0,1422,0,85,289,136176.0,74029.0,3690,454,1629,1452,661,791,1452,62,126,2951.0,1289900.0,1786,800,166,40,11,396,,2158,1795,363,2959,1126,344,271,74,1235,3748,06,075,035101,06075035101,San Francisco,188,12.95,1928,51.44,48.56,3.52,37.94,12.3,54.48,45.52,9.29,44.79,2.24,0.62,22.17,,16.82,1815,61.34,32.95
Census Tract 351.02; San Francisco County; California,3755,47.2,3755,1151,0,1,2377,0,26,200,167279.0,70396.0,3755,242,1328,1259,930,329,1259,109,19,3500.0,1272700.0,1824,896,205,27,48,361,54550.0,1895,1834,61,2853,1157,208,118,126,1914,3755,06,075,035102,06075035102,San Francisco,128,10.17,2604,69.35,30.65,0.0,63.3,6.44,26.13,73.87,11.24,49.12,1.48,2.63,19.79,29.91,3.22,1609,56.4,50.97
Census Tract 352.01; San Francisco County; California,5020,47.8,5020,1737,32,0,2649,0,114,488,136295.0,67345.0,5020,360,1973,1915,1309,606,1915,78,103,2898.0,1367700.0,2623,1142,294,85,48,765,59535.0,3035,2708,327,4090,1414,421,165,35,1982,5020,06,075,035201,06075035201,San Francisco,181,9.45,3283,65.4,34.6,0.64,52.77,7.17,31.64,68.36,11.21,43.54,3.24,1.83,29.17,22.7,10.77,2035,49.76,39.48
Census Tract 352.02; San Francisco County; California,4188,42.4,4188,1571,90,0,1702,0,112,713,104877.0,62009.0,4180,337,1890,1677,568,1109,1677,57,108,2579.0,1216500.0,2135,832,315,46,133,616,54140.0,2371,2217,148,3268,1201,352,135,43,1279,4188,06,075,035202,06075035202,San Francisco,165,9.84,2617,62.49,37.51,2.15,40.64,8.06,66.13,33.87,14.75,38.97,2.15,6.23,28.85,25.36,6.24,1731,52.97,30.54
Census Tract 353; San Francisco County; California,6525,43.7,6525,2163,6,1,3536,59,550,210,161074.0,69578.0,6525,618,2848,2537,1818,719,2537,142,202,3469.0,1355900.0,3367,1521,461,171,64,914,92375.0,3481,3437,44,5198,1775,935,152,79,2733,6525,06,075,035300,06075035300,San Francisco,344,13.56,4362,66.85,33.15,0.09,54.19,9.47,28.34,71.66,13.69,45.17,5.08,1.9,27.15,27.44,1.26,2941,56.58,41.89
Census Tract 354; San Francisco County; California,7140,42.1,7140,2187,76,43,2927,0,77,1830,149794.0,63212.0,7140,631,2477,2477,1878,599,2477,260,208,2540.0,1335600.0,3217,1464,640,210,0,656,,3899,3383,516,5403,2073,603,170,85,2211,7140,06,075,035400,06075035400,San Francisco,468,18.89,4953,69.37,30.63,1.06,40.99,8.84,24.18,75.82,19.89,45.51,6.53,0.0,20.39,,13.23,2931,54.25,30.97
Census Tract 401; San Francisco County; California,4315,41.2,4315,1912,8,0,1518,0,20,857,175144.0,120888.0,4275,131,1967,1742,709,1033,1742,64,312,2185.0,1669600.0,2567,711,873,26,97,801,62225.0,2734,2615,119,3176,1407,647,212,55,982,4315,06,075,040100,06075040100,San Francisco,376,21.58,2403,55.69,44.31,0.19,35.18,3.06,59.3,40.7,34.01,27.7,1.01,3.78,31.2,24.24,4.35,2321,73.08,22.76
Census Tract 402; San Francisco County; California,4719,40.7,4719,2488,51,0,1592,0,92,496,187679.0,138550.0,4719,248,2603,2213,716,1497,2213,76,659,2697.0,2000001.0,2964,992,460,87,131,1024,69920.0,3088,2964,124,3793,1578,666,212,114,1400,4719,06,075,040200,06075040200,San Francisco,735,33.21,2231,47.28,52.72,1.08,33.74,5.26,67.65,32.35,15.52,33.47,2.94,4.42,34.55,23.59,4.02,2570,67.76,29.67
Census Tract 426.01; San Francisco County; California,4342,42.0,4342,1971,26,26,1561,0,100,658,138646.0,73118.0,4342,309,1957,1735,466,1269,1735,45,349,2249.0,2000001.0,2202,789,483,56,105,627,48745.0,2533,2375,158,3475,1518,500,98,48,1290,4342,06,075,042601,06075042601,San Francisco,394,22.71,2371,54.61,45.39,0.6,35.95,7.12,73.14,26.86,21.93,35.83,2.54,4.77,28.47,22.14,6.24,2164,62.27,29.71
Census Tract 426.02; San Francisco County; California,3202,38.2,3202,1497,20,34,1156,0,40,455,156726.0,92979.0,3202,312,1581,1367,495,872,1367,73,200,2652.0,1712500.0,1770,639,183,56,85,698,36135.0,1874,1775,99,2239,968,576,83,91,772,3202,06,075,042602,06075042602,San Francisco,273,19.97,1705,53.25,46.75,0.62,36.1,9.74,63.79,36.21,10.34,36.1,3.16,4.8,39.44,20.42,5.28,1718,76.73,24.11
Census Tract 427; San Francisco County; California,5134,47.0,5134,1782,263,27,2432,38,104,488,102584.0,72141.0,5107,429,2821,2707,590,2117,2707,160,558,2276.0,1461900.0,2851,1053,533,104,103,645,68870.0,3019,2889,130,4337,1627,665,275,42,2177,5134,06,075,042700,06075042700,San Francisco,718,26.52,3352,65.29,34.71,5.12,47.37,8.4,78.2,21.8,18.7,36.93,3.65,3.61,22.62,24.16,4.31,2609,60.16,42.4
Census Tract 428; San Francisco County; California,2471,48.3,2471,1600,31,0,551,0,36,253,250001.0,201714.0,2471,115,1016,959,734,225,959,36,21,3309.0,2000001.0,1243,445,48,26,45,610,18720.0,1277,1251,26,1812,673,524,269,49,515,2471,06,075,042800,06075042800,San Francisco,57,5.94,871,35.25,64.75,1.25,22.3,4.65,23.46,76.54,3.86,35.8,2.09,3.62,49.07,15.06,2.04,1515,83.61,20.84
Census Tract 451; San Francisco County; California,4713,35.2,4713,2539,5,105,1311,0,329,424,211111.0,103556.0,4642,149,2203,1904,482,1422,1904,53,258,2876.0,1752400.0,3160,749,868,86,127,1078,73940.0,3257,3200,57,3788,1625,812,210,129,917,4713,06,075,045100,06075045100,San Francisco,311,16.33,2174,46.13,53.87,0.11,27.82,3.21,74.68,25.32,27.47,23.7,2.72,4.02,34.11,23.4,1.75,2776,73.28,19.46
Census Tract 452.01; San Francisco County; California,3045,44.9,3045,1286,130,0,1194,0,111,324,166944.0,104437.0,3013,126,1341,1324,674,650,1324,149,185,2875.0,1690300.0,1697,543,276,129,68,565,,1766,1728,38,2429,1117,382,232,144,851,3045,06,075,045201,06075045201,San Francisco,334,25.23,1759,57.77,42.23,4.27,39.21,4.18,49.09,50.91,16.26,32.0,7.6,4.01,33.29,,2.15,1875,77.19,27.95
Census Tract 452.02; San Francisco County; California,3332,37.5,3332,1483,45,0,1230,72,186,316,133977.0,93605.0,3332,149,1629,1489,425,1064,1489,45,286,2652.0,1708300.0,1857,543,417,141,48,543,39620.0,1918,1879,39,2462,914,682,147,33,1020,3332,06,075,045202,06075045202,San Francisco,331,22.23,1849,55.49,44.51,1.35,36.91,4.47,71.46,28.54,22.46,29.24,7.59,2.58,29.24,21.34,2.03,1776,72.14,30.61
Census Tract 476; San Francisco County; California,5098,42.7,5098,1869,78,17,2370,0,165,599,180000.0,98218.0,5098,189,2557,2230,1024,1206,2230,95,169,2455.0,1203000.0,3030,713,505,119,109,1075,66040.0,3257,3057,200,4035,1638,770,92,168,1464,5098,06,075,047600,06075047600,San Francisco,264,11.84,3229,63.34,36.66,1.53,46.49,3.71,54.08,45.92,16.67,23.53,3.93,3.6,35.48,21.8,6.14,2668,66.12,28.72
Census Tract 477.01; San Francisco County; California,4724,39.7,4724,1496,38,0,2305,7,424,454,121923.0,85036.0,4724,393,2094,2002,926,1076,2002,194,411,2167.0,1546400.0,2584,768,449,114,68,1090,54580.0,2881,2584,297,3728,1563,666,137,119,1525,4724,06,075,047701,06075047701,San Francisco,605,30.22,3228,68.33,31.67,0.8,48.79,8.32,53.75,46.25,17.38,29.72,4.41,2.63,42.18,21.12,10.31,2485,66.66,32.28
Census Tract 477.02; San Francisco County; California,3135,50.1,3135,1363,33,0,1450,0,34,255,112500.0,74662.0,3135,400,1718,1552,608,944,1552,125,282,2572.0,1558500.0,1696,679,147,103,34,582,33345.0,1811,1737,74,2578,904,591,43,82,1286,3135,06,075,047702,06075047702,San Francisco,407,26.22,1772,56.52,43.48,1.05,46.25,12.76,60.82,39.18,8.67,40.04,6.07,2.0,34.32,19.66,4.09,1620,62.84,41.02
Census Tract 478.01; San Francisco County; California,4132,46.0,4132,1582,47,18,2006,0,54,425,172375.0,93671.0,4127,229,1824,1732,891,841,1732,108,101,2513.0,1656400.0,2234,857,290,27,55,721,,2422,2271,151,3373,1292,716,253,109,1663,4132,06,075,047801,06075047801,San Francisco,209,12.07,2550,61.71,38.29,1.14,48.55,5.55,48.56,51.44,12.98,38.36,1.21,2.46,32.27,,6.23,2370,70.26,40.25
Census Tract 478.02; San Francisco County; California,3581,43.3,3581,1532,15,0,1542,0,278,214,129415.0,85663.0,3546,201,1598,1418,685,733,1418,59,64,2322.0,1540000.0,1851,601,337,35,127,494,,2052,1908,144,2633,1034,317,150,64,1428,3581,06,075,047802,06075047802,San Francisco,123,8.67,2049,57.22,42.78,0.42,43.06,5.67,51.69,48.31,18.21,32.47,1.89,6.86,26.69,,7.02,1565,59.44,39.88
Census Tract 479.02; San Francisco County; California,3236,48.6,3236,1513,0,53,1131,0,10,529,125750.0,80651.0,3236,204,1703,1514,774,740,1514,22,257,2088.0,1562500.0,1617,532,232,68,134,552,,1708,1617,91,2780,884,516,126,71,970,3236,06,075,047902,06075047902,San Francisco,279,18.43,1723,53.24,46.76,0.0,34.95,6.3,48.88,51.12,14.35,32.9,4.21,8.29,34.14,,5.33,1597,57.45,29.98
Census Tract 479.03; San Francisco County; California,3348,46.4,3348,1846,28,0,1157,0,4,313,144766.0,86153.0,3348,509,1505,1405,897,508,1405,94,35,2692.0,1545500.0,1691,617,93,68,105,678,,1832,1729,103,2793,1217,440,230,66,874,3348,06,075,047903,06075047903,San Francisco,129,9.18,1502,44.86,55.14,0.84,34.56,15.2,36.16,63.84,5.5,36.49,4.02,6.21,40.09,,5.62,1953,69.92,26.11
Census Tract 479.04; San Francisco County; California,3077,44.8,3077,1554,93,0,867,0,283,280,105577.0,79880.0,3075,497,1536,1380,695,685,1380,252,146,3501.0,1631000.0,1550,494,360,8,0,555,,1691,1550,141,2426,929,326,163,50,1030,3077,06,075,047904,06075047904,San Francisco,398,28.84,1523,49.5,50.5,3.02,28.18,16.16,49.64,50.36,23.23,31.87,0.52,0.0,35.81,,8.34,1468,60.51,33.47
Census Tract 601; San Francisco County; California,3901,31.7,3901,2271,57,24,196,0,328,1025,219750.0,99785.0,3895,16,1437,1346,9,1337,1346,0,22,3501.0,,2040,940,114,132,121,601,36125.0,2220,2129,91,2566,1203,759,118,68,798,3901,06,075,060100,06075060100,San Francisco,22,1.63,1630,41.78,58.22,1.46,5.02,0.41,99.33,0.67,5.59,46.08,6.47,5.93,29.46,17.71,4.1,2148,83.71,20.46
Census Tract 604; San Francisco County; California,1935,40.0,1935,647,86,0,662,0,59,481,77045.0,70775.0,1935,219,1218,1124,342,782,1124,20,103,2298.0,1024000.0,1050,487,0,31,45,378,,1152,1070,82,1532,467,184,121,165,577,1935,06,075,060400,06075060400,San Francisco,123,10.94,1288,66.56,33.44,4.44,34.21,11.32,69.57,30.43,0.0,46.38,2.95,4.29,36.0,,7.12,937,61.16,29.82
Census Tract 605.02; San Francisco County; California,2595,36.7,2595,130,266,13,1043,203,624,316,39559.0,28173.0,2584,633,839,800,236,564,800,10,140,591.0,958700.0,1048,608,244,0,0,169,,1175,1138,37,1789,293,40,5,0,1223,2595,06,075,060502,06075060502,San Francisco,150,18.75,2465,94.99,5.01,10.25,40.19,24.5,70.5,29.5,23.28,58.02,0.0,0.0,16.13,,3.15,338,18.89,47.13
Census Tract 607.01; San Francisco County; California,8602,31.9,8602,1678,1409,28,4146,0,337,1004,231225.0,131867.0,7962,338,3976,3635,1308,2327,3635,147,620,3501.0,1587400.0,5747,895,847,93,1169,2214,98485.0,6098,5798,266,6682,1919,2017,509,1021,3885,8602,06,075,060701,06075060701,San Francisco,767,21.1,6924,80.49,19.51,16.38,48.2,4.25,64.02,35.98,14.74,15.57,1.62,20.34,38.52,17.14,4.36,5466,81.8,45.16
Census Tract 607.02; San Francisco County; California,2608,33.3,2608,569,370,4,1514,0,15,136,147903.0,100017.0,2532,377,1505,1428,333,1095,1428,85,292,3501.0,486900.0,1880,673,369,62,345,221,49730.0,2056,1902,146,2120,620,551,56,247,1342,2608,06,075,060702,06075060702,San Francisco,377,26.4,2039,78.18,21.82,14.19,58.05,14.89,76.68,23.32,19.63,35.8,3.3,18.35,11.76,26.45,7.1,1474,69.53,51.46
Census Tract 607.03; San Francisco County; California,6388,36.8,6388,2684,327,37,2507,136,213,484,179727.0,104261.0,6324,557,2954,2807,1059,1748,2807,118,790,3453.0,921200.0,4330,710,1019,107,883,1569,82585.0,4578,4388,190,4815,1654,1269,209,265,2345,6388,06,075,060703,06075060703,San Francisco,908,32.35,3704,57.98,42.02,5.12,39.25,8.81,62.27,37.73,23.53,16.4,2.47,20.39,36.24,19.07,4.15,3397,70.55,36.71
Census Tract 610; San Francisco County; California,4295,39.8,4295,645,628,0,2431,0,201,390,155968.0,74580.0,4295,341,1704,1588,1105,483,1588,16,32,2432.0,966000.0,2261,1251,94,7,22,624,,2646,2452,194,3281,814,348,28,184,1900,4295,06,075,061000,06075061000,San Francisco,48,3.02,3650,84.98,15.02,14.62,56.6,7.94,30.42,69.58,4.16,55.33,0.31,0.97,27.6,,7.33,1374,41.88,44.24
Census Tract 611.01; San Francisco County; California,1723,51.8,1723,48,26,2,1590,0,0,57,24167.0,37469.0,1723,576,1151,862,65,797,862,7,670,945.0,2000001.0,547,9,197,0,295,41,,647,572,75,1304,201,54,0,14,1229,1723,06,075,061101,06075061101,San Francisco,677,78.54,1675,97.21,2.79,1.51,92.28,33.43,92.46,7.54,36.01,1.65,0.0,53.93,7.5,,11.59,269,20.63,71.33
Census Tract 611.02; San Francisco County; California,1982,52.7,1982,91,92,0,1653,0,82,64,28958.0,31310.0,1982,419,1095,928,162,766,928,73,620,735.0,1051300.0,776,79,276,0,354,67,,902,788,114,1543,224,32,11,12,1565,1982,06,075,061102,06075061102,San Francisco,693,74.68,1891,95.41,4.59,4.64,83.4,21.14,82.54,17.46,35.57,10.18,0.0,45.62,8.63,,12.64,279,18.08,78.96
Census Tract 612; San Francisco County; California,4086,42.1,4086,430,820,0,1124,0,1435,277,128380.0,56996.0,4085,431,1329,1197,577,620,1197,33,173,1589.0,1046900.0,2046,957,476,64,36,342,,2164,2098,66,3119,479,313,76,73,1927,4086,06,075,061200,06075061200,San Francisco,206,17.21,3656,89.48,10.52,20.07,27.51,10.55,51.8,48.2,23.26,46.77,3.13,1.76,16.72,,3.05,941,30.17,47.16
Census Tract 614.01; San Francisco County; California,2815,42.2,2815,1435,225,20,440,0,222,473,148598.0,102921.0,2815,388,1412,1313,927,386,1313,149,171,2110.0,1164800.0,1314,281,218,99,63,561,,1511,1350,161,2227,1172,330,47,139,551,2815,06,075,061401,06075061401,San Francisco,320,24.37,1380,49.02,50.98,7.99,15.63,13.78,29.4,70.6,16.59,21.39,7.53,4.79,42.69,,10.66,1688,75.8,19.57
Census Tract 614.02; San Francisco County; California,2760,32.6,2760,1581,108,0,606,0,126,339,226290.0,131985.0,2753,125,1477,1228,451,777,1228,15,143,3501.0,2000001.0,1668,248,375,66,199,650,36865.0,1749,1718,31,1897,636,632,163,137,514,2760,06,075,061402,06075061402,San Francisco,158,12.87,1179,42.72,57.28,3.91,21.96,4.54,63.27,36.73,22.48,14.87,3.96,11.93,38.97,22.1,1.77,1568,82.66,18.62
Census Tract 615.01; San Francisco County; California,1862,47.0,1862,842,36,0,775,28,98,83,229363.0,250455.0,1844,240,1921,1314,783,531,1314,118,270,3501.0,1540200.0,1274,316,135,0,526,201,,1324,1274,50,1711,427,730,52,62,894,1862,06,075,061501,06075061501,San Francisco,388,29.53,1020,54.78,45.22,1.93,41.62,13.02,40.41,59.59,10.6,24.8,0.0,41.29,15.78,,3.78,1271,74.28,48.01
Census Tract 615.02; San Francisco County; California,2500,37.6,2500,1784,53,0,294,0,147,222,122422.0,119254.0,2500,404,1677,1556,346,1210,1556,26,556,3300.0,1554100.0,1435,236,436,42,294,331,,1848,1572,276,1970,638,628,162,225,1025,2500,06,075,061502,06075061502,San Francisco,582,37.4,716,28.64,71.36,2.12,11.76,16.16,77.76,22.24,30.38,16.45,2.93,20.49,23.07,,14.94,1653,83.91,41.0
Census Tract 615.03; San Francisco County; California,3552,32.6,3552,1247,17,31,1714,0,301,242,188441.0,133111.0,3552,332,2867,2087,244,1843,2087,111,938,3454.0,923100.0,2833,433,319,126,1243,712,,3095,2906,189,3169,1307,1034,213,73,2024,3552,06,075,061503,06075061503,San Francisco,1049,50.26,2305,64.89,35.11,0.48,48.25,9.35,88.31,11.69,11.26,15.28,4.45,43.88,25.13,,6.11,2627,82.9,56.98
Census Tract 615.04; San Francisco County; California,2133,32.7,2133,430,108,0,1502,35,35,23,231414.0,196008.0,2046,71,1313,1233,371,862,1233,37,372,3331.0,1837400.0,1431,196,155,42,438,557,,1556,1483,73,1745,498,542,262,131,1017,2133,06,075,061504,06075061504,San Francisco,409,33.17,1703,79.84,20.16,5.06,70.42,3.47,69.91,30.09,10.83,13.7,2.94,30.61,38.92,,4.69,1433,82.12,47.68
Census Tract 615.05; San Francisco County; California,925,40.0,925,348,93,0,415,0,11,58,250001.0,219883.0,925,16,672,506,299,207,506,22,25,3501.0,1381300.0,709,129,19,0,219,283,,716,709,7,831,312,306,116,26,241,925,06,075,061505,06075061505,San Francisco,47,9.29,577,62.38,37.62,10.05,44.86,1.73,40.91,59.09,2.68,18.19,0.0,30.89,39.92,,0.98,760,91.46,26.05
Census Tract 615.06; San Francisco County; California,4429,32.4,4429,1519,216,0,2470,0,0,224,250001.0,228264.0,4429,147,2930,2587,1118,1469,2587,101,644,3501.0,1322700.0,3584,314,232,123,934,1869,,3762,3584,178,3856,1639,1180,457,274,1771,4429,06,075,061506,06075061506,San Francisco,745,28.8,2910,65.7,34.3,4.88,55.77,3.32,56.78,43.22,6.47,8.76,3.43,26.06,52.15,,4.73,3550,92.06,39.99
Census Tract 615.07; San Francisco County; California,1387,35.2,1387,325,10,0,887,0,103,62,118661.0,110876.0,1380,128,1091,789,213,576,789,81,388,3194.0,,1043,69,265,1,423,253,,1054,1043,11,1062,479,235,64,8,742,1387,06,075,061507,06075061507,San Francisco,469,59.44,1062,76.57,23.43,0.72,63.95,9.28,73.0,27.0,25.41,6.62,0.1,40.56,24.26,,1.04,786,74.01,53.5
Census Tract 615.08; San Francisco County; California,2307,34.8,2307,640,171,25,824,24,49,574,157314.0,143873.0,2307,426,1535,1197,356,841,1197,8,303,2986.0,1290800.0,1502,311,209,19,391,368,,1588,1536,52,1714,456,508,43,42,974,2307,06,075,061508,06075061508,San Francisco,311,25.98,1667,72.26,27.74,7.41,35.72,18.47,70.26,29.74,13.91,20.71,1.26,26.03,24.5,,3.27,1049,61.2,42.22
Census Tract 9802; San Francisco County; California,160,71.8,160,22,50,0,30,0,51,7,,22615.0,0,0,0,0,0,0,0,0,0,,,0,0,0,0,0,0,,0,0,0,160,26,18,0,0,44,160,06,075,980200,06075980200,San Francisco,0,,138,86.25,13.75,31.25,18.75,,,,,,,,,,,44,27.5,27.5
Census Tract 9803; San Francisco County; California,58,33.0,58,34,0,0,8,0,0,16,107188.0,108212.0,58,0,46,46,0,46,46,0,34,2143.0,,39,8,9,4,5,9,,58,55,3,58,31,14,0,4,10,58,06,075,980300,06075980300,San Francisco,34,73.91,24,41.38,58.62,0.0,13.79,0.0,100.0,0.0,23.08,20.51,10.26,12.82,23.08,,5.17,49,84.48,17.24
Census Tract 9804.01; San Francisco County; California,0,,0,0,0,0,0,0,0,0,,,0,0,0,0,0,0,0,0,0,,,0,0,0,0,0,0,,0,0,0,0,0,0,0,0,0,0,06,075,980401,06075980401,San Francisco,0,,0,,,,,,,,,,,,,,,0,,
Census Tract 9805.01; San Francisco County; California,146,79.2,146,0,0,0,146,0,0,0,12908.0,12575.0,146,110,115,115,0,115,115,0,106,336.0,,8,5,0,0,3,0,,8,8,0,143,0,0,0,0,138,146,06,075,980501,06075980501,San Francisco,106,92.17,146,100.0,0.0,0.0,100.0,75.34,100.0,0.0,0.0,62.5,0.0,37.5,0.0,,0.0,0,0.0,94.52
Census Tract 9806; San Francisco County; California,1295,34.8,1295,246,285,45,473,0,93,153,154375.0,94939.0,1295,85,628,577,382,195,577,32,9,2861.0,893200.0,679,310,74,15,6,203,,740,709,25,935,276,118,15,28,478,1295,06,075,980600,06075980600,San Francisco,41,7.11,1049,81.0,19.0,22.01,36.53,6.56,33.8,66.2,10.9,45.66,2.21,0.88,29.9,,3.38,437,46.74,36.91
Census Tract 9809; San Francisco County; California,439,40.5,439,92,60,0,241,0,11,35,,77738.0,439,149,242,238,23,215,238,0,46,1830.0,,219,104,20,26,22,42,,304,240,64,349,113,38,27,24,148,439,06,075,980900,06075980900,San Francisco,46,19.33,347,79.04,20.96,13.67,54.9,33.94,90.34,9.66,9.13,47.49,11.87,10.05,19.18,,21.05,202,57.88,33.71
Census Tract 9901; San Francisco County; California,0,,0,0,0,0,0,0,0,0,,,0,0,0,0,0,0,0,0,0,,,0,0,0,0,0,0,,0,0,0,0,0,0,0,0,0,0,06,075,990100,06075990100,San Francisco,0,,0,,,,,,,,,,,,,,,0,,
Census Tract 9902; San Francisco County; California,0,,0,0,0,0,0,0,0,0,,,0,0,0,0,0,0,0,0,0,,,0,0,0,0,0,0,,0,0,0,0,0,0,0,0,0,0,06,075,990200,06075990200,San Francisco,0,,0,,,,,,,,,,,,,,,0,,
Census Tract 6001; San Mateo County; California,5295,43.8,5295,2206,1,69,1947,15,302,755,156310.0,104973.0,5244,360,2373,2181,1154,1027,2181,41,22,2653.0,1240900.0,2554,1043,174,0,0,790,53720.0,2959,2664,295,3921,1096,578,123,151,1951,5295,06,081,600100,06081600100,San Mateo,63,2.89,3089,58.34,41.66,0.02,36.77,6.86,47.09,52.91,6.81,40.84,0.0,0.0,30.93,21.03,9.97,1948,49.68,36.85
Census Tract 6002; San Mateo County; California,5004,42.2,5004,280,88,265,3321,250,383,417,144000.0,51448.0,5004,324,1346,1244,958,286,1244,71,52,1861.0,1175600.0,2588,1379,316,0,50,471,62580.0,2906,2676,230,3885,972,136,6,44,2442,5004,06,081,600200,06081600200,San Mateo,123,9.89,4724,94.4,5.6,1.76,66.37,6.47,22.99,77.01,12.21,53.28,0.0,1.93,18.2,24.18,7.91,1158,29.81,48.8
Census Tract 6003; San Mateo County; California,4052,44.2,4052,964,160,50,2307,0,86,485,159853.0,65995.0,4052,324,1497,1376,952,424,1376,9,9,3250.0,1183800.0,2123,1346,108,0,0,462,,2312,2134,178,3253,1009,261,105,143,1673,4052,06,081,600300,06081600300,San Mateo,18,1.31,3088,76.21,23.79,3.95,56.93,8.0,30.81,69.19,5.09,63.4,0.0,0.0,21.76,,7.7,1518,46.66,41.29
Census Tract 6004.01; San Mateo County; California,3131,45.8,3131,476,498,0,1577,0,292,288,157083.0,64145.0,3131,88,1168,1076,769,307,1076,12,0,2931.0,1013500.0,2019,1251,109,0,269,202,,2122,1766,87,2478,827,296,108,11,1177,3131,06,081,600401,06081600401,San Mateo,12,1.12,2655,84.8,15.2,15.91,50.37,2.81,28.53,71.47,5.4,61.96,0.0,13.32,10.0,,4.1,1242,50.12,37.59
Census Tract 6004.02; San Mateo County; California,4510,44.9,4510,427,0,377,1665,0,1710,331,146161.0,40361.0,4451,453,1311,1149,782,367,1149,90,44,3280.0,1001600.0,2338,1051,529,13,44,207,,2830,2500,330,3363,803,69,32,19,2663,4510,06,081,600402,06081600402,San Mateo,134,11.66,4083,90.53,9.47,0.0,36.92,10.18,31.94,68.06,22.63,44.95,0.56,1.88,8.85,,11.66,923,27.45,59.05
Census Tract 6005.01; San Mateo County; California,3482,40.4,3482,506,11,0,1943,14,298,710,134118.0,59616.0,3482,266,1279,1170,819,351,1170,29,16,3080.0,926200.0,1877,1008,264,35,53,308,45730.0,1988,1924,64,2762,813,321,52,110,1665,3482,06,081,600501,06081600501,San Mateo,45,3.85,2976,85.47,14.53,0.32,55.8,7.64,30.0,70.0,14.06,53.7,1.86,2.82,16.41,24.36,3.22,1296,46.92,47.82
Census Tract 6005.02; San Mateo County; California,4196,47.5,4196,137,5,31,2676,0,1083,264,136182.0,43092.0,4172,301,1228,1115,780,335,1115,68,0,1861.0,1122300.0,2336,1442,241,0,17,237,64160.0,2508,2360,148,3378,762,236,20,12,2412,4196,06,081,600502,06081600502,San Mateo,68,6.1,4059,96.73,3.27,0.12,63.78,7.21,30.04,69.96,10.32,61.73,0.0,0.73,10.15,27.47,5.9,1030,30.49,57.48
Census Tract 6006; San Mateo County; California,4480,39.5,4480,273,71,0,2589,0,944,603,100240.0,40210.0,4463,695,1758,1441,555,886,1441,23,120,2122.0,985100.0,2529,1572,352,0,21,339,57505.0,2718,2634,84,3557,954,103,24,35,2677,4480,06,081,600600,06081600600,San Mateo,143,9.92,4207,93.91,6.09,1.58,57.79,15.57,61.49,38.51,13.92,62.16,0.0,0.83,13.4,22.74,3.09,1116,31.37,59.75
Census Tract 6007.01; San Mateo County; California,3135,45.7,3135,382,79,0,1899,0,231,544,93077.0,44633.0,3133,263,1436,1100,749,351,1100,61,41,2149.0,1023000.0,2014,770,360,0,67,200,70095.0,2138,2014,124,2511,534,153,31,50,1816,3135,06,081,600701,06081600701,San Mateo,102,9.27,2753,87.81,12.19,2.52,60.57,8.39,31.91,68.09,17.87,38.23,0.0,3.33,9.93,34.8,5.8,768,30.59,57.93
Census Tract 6007.02; San Mateo County; California,2630,44.6,2630,357,18,18,1654,40,418,125,119803.0,53650.0,2605,189,1103,965,566,399,965,33,139,1878.0,1236400.0,1506,650,302,12,16,339,,1514,1506,8,2190,909,77,17,53,1378,2630,06,081,600702,06081600702,San Mateo,172,17.82,2273,86.43,13.57,0.68,62.89,7.26,41.35,58.65,20.05,43.16,0.8,1.06,22.51,,0.53,1056,48.22,52.4
Census Tract 6008; San Mateo County; California,7393,30.6,7393,1850,222,594,2702,0,936,1089,91042.0,33855.0,7393,1117,3033,2420,318,2102,2420,50,340,2656.0,1157500.0,4042,2348,588,61,53,256,107265.0,4739,4289,450,4819,1224,331,7,21,3919,7393,06,081,600800,06081600800,San Mateo,390,16.12,5543,74.98,25.02,3.0,36.55,15.11,86.86,13.14,14.55,58.09,1.51,1.31,6.33,26.54,9.5,1583,32.85,53.01
Census Tract 6009; San Mateo County; California,3887,43.0,3887,1432,0,62,1643,0,78,672,153438.0,77269.0,3887,283,1528,1366,1108,258,1366,98,50,3501.0,1333900.0,1800,983,148,0,0,524,32195.0,2043,1936,107,2663,911,302,163,33,1493,3887,06,081,600900,06081600900,San Mateo,148,10.83,2455,63.16,36.84,0.0,42.27,7.28,18.89,81.11,8.22,54.61,0.0,0.0,29.11,17.89,5.24,1409,52.91,38.41
Census Tract 6010; San Mateo County; California,7500,42.3,7500,1118,204,0,4359,71,509,1239,126406.0,47763.0,7500,427,2301,2232,1834,398,2232,83,0,2740.0,1164700.0,3973,1890,438,0,69,744,95705.0,4267,4028,239,5392,1640,335,83,0,2820,7500,06,081,601000,06081601000,San Mateo,83,3.72,6382,85.09,14.91,2.72,58.12,5.69,17.83,82.17,11.02,47.57,0.0,1.74,18.73,24.09,5.6,2058,38.17,37.6
Census Tract 6011; San Mateo County; California,6162,43.9,6162,1087,64,42,3899,300,91,679,161439.0,63145.0,6100,136,2030,1844,1479,365,1844,69,10,3501.0,1204700.0,3575,2042,616,21,25,487,95720.0,3783,3652,131,4493,1380,282,99,118,2295,6162,06,081,601100,06081601100,San Mateo,79,4.28,5075,82.36,17.64,1.04,63.27,2.23,19.79,80.21,17.23,57.12,0.59,0.7,13.62,26.77,3.46,1879,41.82,37.24
Census Tract 6012; San Mateo County; California,6988,38.3,6988,2100,303,0,3445,0,244,896,161293.0,52829.0,6965,261,2229,2110,1026,1084,2110,0,39,2758.0,1250000.0,4033,2000,713,0,76,778,99385.0,4275,4201,74,5227,1606,261,130,95,2774,6988,06,081,601200,06081601200,San Mateo,39,1.85,4888,69.95,30.05,4.34,49.3,3.75,51.37,48.63,17.68,49.59,0.0,1.88,19.29,24.64,1.73,2092,40.02,39.7
Census Tract 6013.01; San Mateo County; California,3662,44.9,3662,476,13,42,1987,0,650,494,82232.0,37868.0,3662,344,1299,1176,345,831,1176,28,259,1911.0,1036500.0,1749,749,165,0,235,164,41570.0,1941,1866,75,2727,550,264,68,8,2573,3662,06,081,601301,06081601301,San Mateo,287,24.4,3186,87.0,13.0,0.35,54.26,9.39,70.66,29.34,9.43,42.82,0.0,13.44,9.38,23.77,3.86,890,32.64,70.26
Census Tract 6013.02; San Mateo County; California,4581,35.5,4581,472,82,259,2861,1,410,496,98417.0,44209.0,4581,126,1608,1527,598,929,1527,0,122,1967.0,961700.0,2587,1439,289,41,113,370,57235.0,2758,2590,146,3323,648,123,18,0,1878,4581,06,081,601302,06081601302,San Mateo,122,7.99,4109,89.7,10.3,1.79,62.45,2.75,60.84,39.16,11.17,55.62,1.58,4.37,14.3,22.12,5.29,789,23.74,41.0
Census Tract 6014; San Mateo County; California,7613,44.8,7613,795,168,0,5846,0,410,394,118712.0,42260.0,7528,578,2397,2174,1224,950,2174,29,188,2908.0,1145900.0,3586,2133,88,0,4,936,65095.0,3932,3691,241,6013,2146,298,242,44,3906,7613,06,081,601400,06081601400,San Mateo,217,9.98,6818,89.56,10.44,2.21,76.79,7.68,43.7,56.3,2.45,59.48,0.0,0.11,26.1,18.15,6.13,2730,45.4,51.31
Census Tract 6015.01; San Mateo County; California,5436,48.8,5436,316,480,0,4033,0,312,295,190081.0,62346.0,5418,364,1532,1492,1274,218,1492,48,5,3500.0,1169300.0,3240,2221,128,0,9,374,74295.0,3362,3299,63,4430,1514,383,35,0,3044,5436,06,081,601501,06081601501,San Mateo,53,3.55,5120,94.19,5.81,8.83,74.19,6.72,14.61,85.39,3.95,68.55,0.0,0.28,11.54,22.93,1.87,1932,43.61,56.0
Census Tract 6015.02; San Mateo County; California,5046,41.1,5046,550,270,9,2956,103,349,809,101563.0,44448.0,4752,307,1965,1704,450,1254,1704,0,178,2440.0,1480000.0,2673,1557,300,0,138,304,61260.0,3041,2757,284,3853,1144,178,114,59,2788,5046,06,081,601502,06081601502,San Mateo,178,10.45,4496,89.1,10.9,5.35,58.58,6.46,73.59,26.41,11.22,58.25,0.0,5.16,11.37,22.92,9.34,1495,38.8,55.25
Census Tract 6016.01; San Mateo County; California,2825,42.6,2825,666,26,58,1261,0,290,524,122672.0,46341.0,2825,170,1053,896,616,280,896,11,8,2080.0,314800.0,1447,846,90,1,4,251,32290.0,1545,1480,42,2033,613,140,21,10,1157,2825,06,081,601601,06081601601,San Mateo,19,2.12,2159,76.42,23.58,0.92,44.64,6.02,31.25,68.75,6.22,58.47,0.07,0.28,17.35,22.32,2.72,784,38.56,40.96
Census Tract 6016.03; San Mateo County; California,5905,45.2,5905,410,110,9,4181,154,133,908,108476.0,51138.0,5895,598,2128,1964,1213,751,1964,73,195,3150.0,1137000.0,2891,1646,111,18,33,641,56245.0,3048,2959,89,4542,1512,267,131,32,2897,5905,06,081,601603,06081601603,San Mateo,268,13.65,5495,93.06,6.94,1.86,70.8,10.14,38.24,61.76,3.84,56.94,0.62,1.14,22.17,19.46,2.92,1942,42.76,49.06
Census Tract 6016.04; San Mateo County; California,2461,37.4,2461,439,83,34,1334,0,407,164,137727.0,74024.0,2461,48,1333,1134,738,396,1134,20,0,2799.0,655300.0,1693,906,219,0,30,378,35330.0,1750,1683,57,2100,895,173,0,0,835,2461,06,081,601604,06081601604,San Mateo,20,1.76,2022,82.16,17.84,3.37,54.21,1.95,34.92,65.08,12.94,53.51,0.0,1.77,22.33,20.87,3.26,1068,50.86,33.93
Census Tract 6016.05; San Mateo County; California,5700,50.1,5700,450,186,10,4620,0,186,248,142406.0,58884.0,5669,428,1933,1910,1624,286,1910,50,14,2448.0,1155000.0,3004,1770,299,0,132,377,68405.0,3128,3013,115,4496,1338,195,89,47,3177,5700,06,081,601605,06081601605,San Mateo,64,3.35,5250,92.11,7.89,3.26,81.05,7.55,14.97,85.03,9.95,58.92,0.0,4.39,12.55,22.77,3.68,1669,37.12,55.74
Census Tract 6017; San Mateo County; California,4461,44.3,4461,1095,14,0,2024,15,592,721,186974.0,62859.0,4455,246,1372,1318,1154,164,1318,84,0,3164.0,1076300.0,2313,1415,109,0,0,292,55600.0,2374,2333,41,3260,653,164,127,83,1475,4461,06,081,601700,06081601700,San Mateo,84,6.37,3366,75.45,24.55,0.31,45.37,5.52,12.44,87.56,4.71,61.18,0.0,0.0,12.62,24.04,1.73,1027,31.5,33.06
Census Tract 6018; San Mateo County; California,6025,46.0,6025,1773,1,10,2517,92,552,1080,143138.0,72170.0,6022,295,2303,2188,1916,272,2188,120,0,3067.0,1325600.0,3277,2272,258,37,68,511,70395.0,3526,3457,69,4506,1290,497,83,84,2119,6025,06,081,601800,06081601800,San Mateo,120,5.48,4252,70.57,29.43,0.02,41.78,4.9,12.43,87.57,7.87,69.33,1.13,2.08,15.59,21.48,1.96,1954,43.36,35.17
Census Tract 6019.01; San Mateo County; California,3951,44.3,3951,906,71,39,1593,144,436,762,103472.0,52238.0,3951,170,1335,1219,864,355,1219,44,1,2408.0,1280300.0,1979,1349,101,37,11,286,,2115,2030,85,2741,595,222,22,9,1416,3951,06,081,601901,06081601901,San Mateo,45,3.69,3045,77.07,22.93,1.8,40.32,4.3,29.12,70.88,5.1,68.17,1.87,0.56,14.45,,4.02,848,30.94,35.84
Census Tract 6019.02; San Mateo County; California,4960,41.3,4960,1199,179,27,2639,0,549,367,125096.0,63364.0,4960,113,2263,1927,714,1213,1927,14,147,2746.0,951600.0,3038,1402,317,0,0,778,68075.0,3297,3095,202,3784,1261,315,138,88,2314,4960,06,081,601902,06081601902,San Mateo,161,8.35,3761,75.83,24.17,3.61,53.21,2.28,62.95,37.05,10.43,46.15,0.0,0.0,25.61,22.41,6.13,1802,47.62,46.65
Census Tract 6020.01; San Mateo County; California,4147,45.0,4147,1419,37,28,1532,0,293,838,176389.0,77265.0,4095,197,1687,1432,1046,386,1432,27,48,2240.0,1396300.0,2406,1421,159,31,45,402,51960.0,2486,2478,8,3305,1316,251,96,74,1745,4147,06,081,602001,06081602001,San Mateo,75,5.24,2728,65.78,34.22,0.89,36.94,4.81,26.96,73.04,6.61,59.06,1.29,1.87,16.71,21.6,0.32,1737,52.56,42.08
Census Tract 6020.02; San Mateo County; California,3783,46.1,3783,1022,0,33,1561,9,800,358,162143.0,60360.0,3764,65,1174,1174,968,206,1174,30,0,3250.0,1114700.0,1765,1178,83,0,17,371,,1922,1848,74,3010,1107,217,73,50,1671,3783,06,081,602002,06081602002,San Mateo,30,2.56,2761,72.98,27.02,0.0,41.26,1.73,17.55,82.45,4.7,66.74,0.0,0.96,21.02,,3.85,1447,48.07,44.17
Census Tract 6021; San Mateo County; California,3262,40.8,3262,471,131,357,564,0,1042,697,82679.0,34445.0,3262,463,1053,979,307,672,979,0,57,2475.0,1278000.0,1775,963,189,71,86,215,,1878,1832,46,2228,309,42,55,11,1410,3262,06,081,602100,06081602100,San Mateo,57,5.82,2791,85.56,14.44,4.02,17.29,14.19,68.64,31.36,10.65,54.25,4.0,4.85,12.11,,2.45,417,18.72,43.23
Census Tract 6022.01; San Mateo County; California,5250,38.7,5250,1231,74,96,827,6,1904,1112,92617.0,43751.0,5250,310,1813,1764,304,1460,1764,9,126,2445.0,1170500.0,2639,1391,125,22,74,471,,2883,2847,36,3580,679,269,122,62,2050,5250,06,081,602201,06081602201,San Mateo,135,7.65,4019,76.55,23.45,1.41,15.75,5.9,82.77,17.23,4.74,52.71,0.83,2.8,17.85,,1.25,1132,31.62,39.05
Census Tract 6022.02; San Mateo County; California,3054,41.2,3054,618,37,17,920,0,584,878,92191.0,58910.0,3054,323,1563,1288,268,1020,1288,21,129,2365.0,949500.0,1764,1112,26,29,128,125,35610.0,1892,1829,63,2493,518,172,18,137,1425,3054,06,081,602202,06081602202,San Mateo,150,11.65,2436,79.76,20.24,1.21,30.12,10.58,79.19,20.81,1.47,63.04,1.64,7.26,7.09,20.19,3.33,845,33.89,46.66
Census Tract 6023; San Mateo County; California,4245,37.9,4245,775,84,0,1280,157,759,1190,146750.0,66247.0,4240,525,1553,1409,803,606,1409,52,44,3054.0,1144800.0,2618,1637,110,28,17,459,55550.0,2778,2699,79,2971,786,291,0,94,1687,4245,06,081,602300,06081602300,San Mateo,96,6.81,3470,81.74,18.26,1.98,30.15,12.38,43.01,56.99,4.2,62.53,1.07,0.65,17.53,21.22,2.84,1171,39.41,39.74
Census Tract 6024; San Mateo County; California,7339,42.6,7339,2515,85,16,2458,117,1520,628,120699.0,60840.0,7317,647,2747,2709,1470,1239,2709,179,276,2821.0,1237400.0,3574,2189,15,0,80,804,61545.0,3771,3659,112,5514,1434,499,34,53,2720,7339,06,081,602400,06081602400,San Mateo,455,16.8,4824,65.73,34.27,1.16,33.49,8.84,45.74,54.26,0.42,61.25,0.0,2.24,22.5,17.22,2.97,2020,36.63,37.06
Census Tract 6025; San Mateo County; California,5331,46.6,5331,825,145,0,3824,17,165,355,161279.0,59958.0,5328,368,1579,1533,1270,263,1533,57,0,3501.0,1295800.0,2710,1703,95,21,70,600,55305.0,2772,2734,38,4317,1464,448,215,118,2151,5331,06,081,602500,06081602500,San Mateo,57,3.72,4506,84.52,15.48,2.72,71.73,6.91,17.16,82.84,3.51,62.84,0.77,2.58,22.14,20.41,1.37,2245,52.0,40.35
Census Tract 6026.01; San Mateo County; California,3932,47.4,3932,879,33,0,2558,0,204,258,149044.0,107073.0,3932,199,1587,1513,1039,474,1513,27,91,3501.0,1118200.0,2058,1468,102,0,12,257,51525.0,2114,2100,14,3065,1145,204,108,20,1822,3932,06,081,602601,06081602601,San Mateo,118,7.8,3053,77.64,22.36,0.84,65.06,5.06,31.33,68.67,4.96,71.33,0.0,0.58,12.49,25.04,0.66,1477,48.19,46.34
Census Tract 6026.02; San Mateo County; California,4289,40.6,4289,497,108,0,2384,0,873,427,170274.0,49353.0,4253,293,1285,1184,669,515,1184,0,59,3223.0,954100.0,2381,1502,222,0,40,444,55720.0,2477,2394,83,3267,940,281,87,124,1574,4289,06,081,602602,06081602602,San Mateo,59,4.98,3792,88.41,11.59,2.52,55.58,6.89,43.5,56.5,9.32,63.08,0.0,1.68,18.65,23.4,3.35,1432,43.83,36.7
Census Tract 6027; San Mateo County; California,5792,40.4,5792,1546,125,64,2444,0,613,1000,162458.0,62322.0,5792,400,2020,1966,1162,804,1966,9,46,3019.0,1332400.0,3115,1709,288,29,26,838,59090.0,3446,3288,158,4259,1524,346,115,142,1754,5792,06,081,602700,06081602700,San Mateo,55,2.8,4246,73.31,26.69,2.16,42.2,6.91,40.9,59.1,9.25,54.86,0.93,0.83,26.9,18.97,4.59,2127,49.94,30.28
Census Tract 6028; San Mateo County; California,4892,40.2,4892,1370,68,134,1594,317,548,861,189263.0,62425.0,4892,332,1544,1513,995,518,1513,8,0,3457.0,1133700.0,2596,1523,232,0,0,534,59240.0,2752,2630,115,3516,1045,275,113,38,1433,4892,06,081,602800,06081602800,San Mateo,8,0.53,3522,72.0,28.0,1.39,32.58,6.79,34.24,65.76,8.94,58.67,0.0,0.0,20.57,22.82,4.18,1471,41.84,29.29
Census Tract 6029; San Mateo County; California,3533,43.4,3533,1944,19,0,845,81,160,484,143287.0,87637.0,3506,163,1671,1553,874,679,1553,35,0,3197.0,1235200.0,2083,1438,25,0,14,398,43215.0,2156,2112,44,2904,1109,469,71,114,1011,3533,06,081,602900,06081602900,San Mateo,35,2.25,1589,44.98,55.02,0.54,23.92,4.65,43.72,56.28,1.2,69.04,0.0,0.67,19.11,20.75,2.04,1763,60.71,28.62
Census Tract 6030; San Mateo County; California,4361,42.9,4361,2264,159,161,812,32,111,822,146000.0,85983.0,4269,188,2040,1962,823,1139,1962,35,78,2826.0,1254600.0,2702,1625,50,0,62,710,52990.0,2897,2752,131,3459,1178,359,128,118,880,4361,06,081,603000,06081603000,San Mateo,113,5.76,2097,48.09,51.91,3.65,18.62,4.4,58.05,41.95,1.85,60.14,0.0,2.29,26.28,19.61,4.52,1783,51.55,20.18
Census Tract 6031; San Mateo County; California,3377,43.9,3377,1944,2,8,715,77,163,468,220250.0,88814.0,3372,272,1196,1184,1022,162,1184,0,0,,1332200.0,1999,1219,81,0,124,431,43055.0,2129,2025,104,2703,625,317,66,53,800,3377,06,081,603100,06081603100,San Mateo,0,0.0,1433,42.43,57.57,0.06,21.17,8.07,13.68,86.32,4.05,60.98,0.0,6.2,21.56,21.54,4.88,1061,39.25,23.69
Census Tract 6032; San Mateo County; California,3600,45.7,3600,2660,3,0,322,0,8,607,163882.0,81902.0,3555,223,1495,1358,1028,330,1358,23,9,3501.0,1287100.0,1804,1186,32,19,13,434,36445.0,1892,1870,22,2570,586,429,148,48,355,3600,06,081,603200,06081603200,San Mateo,32,2.36,940,26.11,73.89,0.08,8.94,6.27,24.3,75.7,1.77,65.74,1.05,0.72,24.06,20.2,1.16,1211,47.12,9.86
Census Tract 6033; San Mateo County; California,6413,47.1,6413,4569,71,6,550,145,101,971,158819.0,70801.0,6397,342,2517,2383,1895,488,2383,0,97,3501.0,1234000.0,3574,2348,29,0,12,813,78900.0,3648,3574,74,4945,1371,599,126,211,1000,6413,06,081,603300,06081603300,San Mateo,97,4.07,1844,28.75,71.25,1.11,8.58,5.35,20.48,79.52,0.81,65.7,0.0,0.34,22.75,22.08,2.03,2307,46.65,15.59
Census Tract 6034; San Mateo County; California,5306,52.4,5306,3093,0,66,1004,14,185,944,124564.0,66526.0,5306,223,2195,2009,1620,389,2009,15,14,3501.0,1287500.0,2042,1304,11,0,0,536,,2272,2088,184,3881,1046,666,196,163,1016,5306,06,081,603400,06081603400,San Mateo,29,1.44,2213,41.71,58.29,0.0,18.92,4.2,19.36,80.64,0.54,63.86,0.0,0.0,26.25,,8.1,2071,53.36,19.15
Census Tract 6037; San Mateo County; California,5356,43.8,5356,1927,73,0,1970,163,528,695,140670.0,65070.0,5335,396,1936,1865,1434,431,1865,16,21,3501.0,1383900.0,2489,1643,82,7,19,596,55155.0,2763,2595,168,4207,1177,389,95,71,1703,5356,06,081,603700,06081603700,San Mateo,37,1.98,3429,64.02,35.98,1.36,36.78,7.42,23.11,76.89,3.29,66.01,0.28,0.76,23.95,22.16,6.08,1732,41.17,31.8
Census Tract 6038.01; San Mateo County; California,2021,45.2,2021,579,48,87,944,0,110,253,100893.0,77935.0,2021,182,1236,1168,782,386,1168,30,53,2378.0,621600.0,1235,828,46,0,49,167,,1365,1305,60,1774,633,147,83,14,853,2021,06,081,603801,06081603801,San Mateo,83,7.11,1442,71.35,28.65,2.38,46.71,9.01,33.05,66.95,3.72,67.04,0.0,3.97,13.52,,4.4,877,49.44,42.21
Census Tract 6038.02; San Mateo County; California,5518,41.1,5518,2163,73,8,1381,368,529,996,150054.0,62934.0,5518,410,2061,1875,1312,563,1875,4,60,3090.0,1547300.0,2612,1549,35,0,38,623,46155.0,2884,2739,145,3995,1301,318,79,52,1471,5518,06,081,603802,06081603802,San Mateo,64,3.41,3355,60.8,39.2,1.32,25.03,7.43,30.03,69.97,1.34,59.3,0.0,1.45,23.85,17.67,5.03,1750,43.8,26.66
Census Tract 6039; San Mateo County; California,5716,38.9,5716,3008,649,0,1192,31,259,577,127155.0,65919.0,5716,625,2334,2184,1366,818,2184,8,97,2810.0,1315600.0,2421,1259,100,3,24,541,41595.0,2810,2565,245,4343,1772,345,204,84,1723,5716,06,081,603900,06081603900,San Mateo,105,4.81,2708,47.38,52.62,11.35,20.85,10.93,37.45,62.55,4.13,52.0,0.12,0.99,22.35,17.18,8.72,2405,55.38,30.14
Census Tract 6040; San Mateo County; California,3375,45.1,3375,1607,3,0,875,0,306,584,174850.0,72097.0,3375,86,1226,1165,973,192,1165,69,8,3501.0,1304100.0,1994,918,69,0,57,571,,2032,2009,23,2657,756,283,118,29,775,3375,06,081,604000,06081604000,San Mateo,77,6.61,1768,52.39,47.61,0.09,25.93,2.55,16.48,83.52,3.46,46.04,0.0,2.86,28.64,,1.13,1186,44.64,22.96
Census Tract 6041.02; San Mateo County; California,3030,36.4,3030,953,52,0,1498,0,113,414,100789.0,88093.0,3030,247,1804,1708,505,1203,1708,52,87,2791.0,659500.0,2005,1046,104,0,197,490,34605.0,2262,2092,156,2601,834,516,70,80,1352,3030,06,081,604102,06081604102,San Mateo,139,8.14,2077,68.55,31.45,1.72,49.44,8.15,70.43,29.57,5.19,52.17,0.0,9.83,24.44,17.26,6.9,1500,57.67,44.62
Census Tract 6041.03; San Mateo County; California,4269,32.2,4269,787,0,0,924,84,1279,1195,112439.0,44781.0,4243,154,1451,1342,415,927,1342,63,45,2457.0,1120600.0,2540,1866,99,20,172,263,,2560,2552,8,2725,359,121,106,122,1849,4269,06,081,604103,06081604103,San Mateo,108,8.05,3482,81.56,18.44,0.0,21.64,3.63,69.08,30.92,3.9,73.46,0.79,6.77,10.35,,0.31,708,25.98,43.31
Census Tract 6041.04; San Mateo County; California,3372,39.4,3372,747,8,0,520,152,1559,386,130077.0,45226.0,3335,189,1207,1092,522,570,1092,66,19,2349.0,851200.0,1954,1062,154,263,28,181,,2144,1965,179,2404,302,90,59,15,1508,3372,06,081,604104,06081604104,San Mateo,85,7.78,2625,77.85,22.15,0.24,15.42,5.67,52.2,47.8,7.88,54.35,13.46,1.43,9.26,,8.35,466,19.38,44.72
Census Tract 6042; San Mateo County; California,3772,43.3,3772,597,18,66,1283,311,652,845,175882.0,48566.0,3772,89,1094,924,755,169,924,11,15,2055.0,989500.0,2048,1610,35,0,129,171,40880.0,2179,2053,126,2701,586,146,47,29,1828,3772,06,081,604200,06081604200,San Mateo,26,2.81,3175,84.17,15.83,0.48,34.01,2.36,18.29,81.71,1.71,78.61,0.0,6.3,8.35,19.96,5.78,808,29.91,48.46
Census Tract 6044; San Mateo County; California,5131,43.4,5131,1376,44,31,2079,282,563,756,133654.0,64422.0,4943,353,2082,1922,835,1087,1922,0,131,3083.0,1204500.0,2722,1571,261,43,64,477,63590.0,3156,2808,348,3918,1065,485,80,107,2519,5131,06,081,604400,06081604400,San Mateo,131,6.82,3755,73.18,26.82,0.86,40.52,7.14,56.56,43.44,9.59,57.71,1.58,2.35,17.52,23.36,11.03,1737,44.33,49.09
Census Tract 6045; San Mateo County; California,3574,47.4,3574,1419,5,11,1561,0,90,488,188750.0,89574.0,3544,116,1410,1346,1091,255,1346,65,88,2781.0,1989200.0,1727,1045,45,0,46,348,37685.0,1868,1791,77,2645,822,390,143,147,956,3574,06,081,604500,06081604500,San Mateo,153,11.37,2155,60.3,39.7,0.14,43.68,3.27,18.95,81.05,2.61,60.51,0.0,2.66,20.15,21.82,4.12,1502,56.79,26.75
Census Tract 6046; San Mateo County; California,2587,44.1,2587,786,0,0,1450,11,46,294,192054.0,91477.0,2587,94,918,875,814,61,875,3,0,3501.0,2000001.0,1285,705,65,0,13,356,26385.0,1371,1288,83,1825,527,357,50,119,786,2587,06,081,604600,06081604600,San Mateo,3,0.34,1801,69.62,30.38,0.0,56.05,3.63,6.97,93.03,5.06,54.86,0.0,1.01,27.7,20.53,6.05,1053,57.7,30.38
Census Tract 6047; San Mateo County; California,2793,45.0,2793,687,27,0,1740,0,95,244,226667.0,86432.0,2789,65,983,906,735,171,906,32,0,3501.0,2000001.0,1324,711,86,0,4,430,23040.0,1549,1488,61,1987,763,234,86,78,1100,2793,06,081,604700,06081604700,San Mateo,32,3.53,2106,75.4,24.6,0.97,62.3,2.33,18.87,81.13,6.5,53.7,0.0,0.3,32.48,17.4,3.94,1161,58.43,39.38
Census Tract 6048; San Mateo County; California,5464,43.9,5464,1900,107,9,2224,135,540,549,158235.0,71698.0,5460,610,2053,1858,586,1272,1858,0,294,3273.0,2000001.0,2808,1818,332,0,25,468,71550.0,2937,2853,84,4119,1274,464,83,123,2291,5464,06,081,604800,06081604800,San Mateo,294,15.82,3564,65.23,34.77,1.96,40.7,11.17,68.46,31.54,11.82,64.74,0.0,0.89,16.67,25.48,2.86,1944,47.2,41.93
Census Tract 6049; San Mateo County; California,3140,41.3,3140,795,18,21,1872,0,213,221,148421.0,83354.0,3134,102,1259,1214,876,338,1214,15,9,3501.0,2000001.0,1346,770,49,0,0,415,26685.0,1482,1429,53,2358,782,343,141,215,1606,3140,06,081,604900,06081604900,San Mateo,24,1.98,2345,74.68,25.32,0.57,59.62,3.25,27.84,72.16,3.64,57.21,0.0,0.0,30.83,19.83,3.58,1481,62.81,51.15
Census Tract 6050; San Mateo County; California,8273,42.6,8273,3936,50,0,3564,0,110,613,222614.0,100784.0,8013,341,3134,2841,1738,1103,2841,0,51,2742.0,2000001.0,3674,1982,157,17,149,1064,77360.0,3929,3780,149,5971,2093,1149,365,320,3071,8273,06,081,605000,06081605000,San Mateo,51,1.8,4337,52.42,47.58,0.6,43.08,4.26,38.82,61.18,4.27,53.95,0.46,4.06,28.96,21.06,3.79,3927,65.77,37.12
Census Tract 6051; San Mateo County; California,3108,40.8,3108,1468,162,0,798,0,244,436,172054.0,96471.0,3108,216,1500,1269,589,680,1269,15,99,2483.0,2000001.0,1552,731,116,10,71,446,30545.0,1719,1593,126,2196,619,407,226,98,983,3108,06,081,605100,06081605100,San Mateo,114,8.98,1640,52.77,47.23,5.21,25.68,6.95,53.59,46.41,7.47,47.1,0.64,4.57,28.74,19.68,7.33,1350,61.48,31.63
Census Tract 6052; San Mateo County; California,3764,44.8,3764,2272,31,0,1040,0,57,364,218818.0,132272.0,3764,105,1461,1373,1123,250,1373,8,0,3257.0,2000001.0,1704,949,89,13,12,576,30975.0,1843,1753,90,2551,774,550,365,232,663,3764,06,081,605200,06081605200,San Mateo,8,0.58,1492,39.64,60.36,0.82,27.63,2.79,18.21,81.79,5.22,55.69,0.76,0.7,33.8,18.18,4.88,1921,75.3,17.61
Census Tract 6053; San Mateo County; California,4898,38.8,4898,3036,37,11,1134,0,162,518,170598.0,91989.0,4896,626,2070,1883,897,986,1883,15,20,2718.0,2000001.0,2143,969,124,55,117,760,39280.0,2428,2210,218,3369,1306,706,196,84,1352,4898,06,081,605300,06081605300,San Mateo,35,1.86,1862,38.02,61.98,0.76,23.15,12.79,52.36,47.64,5.79,45.22,2.57,5.46,35.46,18.33,8.98,2292,68.03,27.6
Census Tract 6054; San Mateo County; California,6557,40.3,6557,3660,0,8,1449,20,692,728,166972.0,85798.0,6557,355,3113,2822,1271,1551,2822,0,88,3365.0,2000001.0,3966,2564,289,26,149,728,118645.0,4224,4068,156,5013,1764,577,311,260,1992,6557,06,081,605400,06081605400,San Mateo,88,3.12,2897,44.18,55.82,0.0,22.1,5.41,54.96,45.04,7.29,64.65,0.66,3.76,18.36,29.92,3.69,2912,58.09,30.38
Census Tract 6055.01; San Mateo County; California,2918,40.3,2918,1680,22,5,677,54,207,273,101450.0,87287.0,2918,387,1754,1576,254,1322,1576,20,65,2395.0,1510600.0,1721,934,87,0,295,307,35135.0,2027,1840,187,2373,819,308,89,131,1135,2918,06,081,605501,06081605501,San Mateo,85,5.39,1238,42.43,57.57,0.75,23.2,13.26,83.88,16.12,5.06,54.27,0.0,17.14,17.84,20.42,9.23,1347,56.76,38.9
Census Tract 6055.02; San Mateo County; California,2374,36.8,2374,1102,9,20,781,0,231,231,205372.0,120761.0,2361,145,1197,933,460,473,933,14,25,2833.0,1659600.0,1342,536,104,19,53,566,,1450,1389,61,1823,678,410,71,124,789,2374,06,081,605502,06081605502,San Mateo,39,4.18,1272,53.58,46.42,0.38,32.9,6.14,50.7,49.3,7.75,39.94,1.42,3.95,42.18,,4.21,1283,70.38,33.24
Census Tract 6056; San Mateo County; California,6204,42.9,6204,3191,37,6,1962,15,279,714,250001.0,177376.0,6204,447,1944,1838,1685,153,1838,44,0,3501.0,2000001.0,2440,1255,52,0,36,923,,2693,2485,208,3938,1394,892,701,329,1458,6204,06,081,605600,06081605600,San Mateo,44,2.39,3013,48.57,51.43,0.6,31.62,7.21,8.32,91.68,2.13,51.43,0.0,1.48,37.83,,7.72,3316,84.21,23.5
Census Tract 6057; San Mateo County; California,4929,52.4,4929,2710,19,0,1760,0,0,440,250001.0,180709.0,4919,105,1887,1782,1700,82,1782,30,0,3501.0,2000001.0,2179,1139,36,31,16,755,39350.0,2344,2201,143,3646,1350,1010,480,192,1553,4929,06,081,605700,06081605700,San Mateo,30,1.68,2219,45.02,54.98,0.39,35.71,2.13,4.6,95.4,1.65,52.27,1.42,0.73,34.65,18.06,6.1,3032,83.16,31.51
Census Tract 6058; San Mateo County; California,2634,38.1,2634,1831,0,26,267,0,150,360,213667.0,146643.0,2634,146,978,954,684,270,954,18,0,3203.0,2000001.0,1069,509,12,0,57,472,14790.0,1162,1079,83,1718,609,437,176,68,399,2634,06,081,605800,06081605800,San Mateo,18,1.89,803,30.49,69.51,0.0,10.14,5.54,28.3,71.7,1.12,47.61,0.0,5.33,44.15,13.84,7.14,1290,75.09,15.15
Census Tract 6059.01; San Mateo County; California,2761,33.7,2761,785,32,19,758,11,210,946,149231.0,79651.0,2761,358,1315,1154,406,748,1154,12,79,2741.0,1434800.0,1510,841,122,0,36,464,31530.0,1622,1525,97,2099,714,442,23,43,791,2761,06,081,605901,06081605901,San Mateo,91,7.89,1976,71.57,28.43,1.16,27.45,12.97,64.82,35.18,8.08,55.7,0.0,2.38,30.73,20.88,5.98,1222,58.22,28.65
Census Tract 6059.02; San Mateo County; California,2974,36.0,2974,829,99,470,974,0,248,354,98299.0,54091.0,2974,229,1341,1245,283,962,1245,7,158,2200.0,1067900.0,1666,745,128,9,47,575,29115.0,1842,1771,71,2250,681,202,73,39,1203,2974,06,081,605902,06081605902,San Mateo,165,13.25,2145,72.13,27.87,3.33,32.75,7.7,77.27,22.73,7.68,44.72,0.54,2.82,34.51,17.48,3.85,995,44.22,40.45
Census Tract 6060; San Mateo County; California,5538,34.4,5538,1865,119,26,1635,0,1124,769,108438.0,62871.0,5431,800,2526,2480,964,1516,2480,14,132,2564.0,841800.0,3156,2061,219,16,37,558,,3301,3176,125,3891,1342,782,56,249,2324,5538,06,081,606000,06081606000,San Mateo,146,5.89,3673,66.32,33.68,2.15,29.52,14.73,61.13,38.87,6.94,65.3,0.51,1.17,17.68,,3.79,2429,62.43,41.96
Census Tract 6061; San Mateo County; California,4967,36.5,4967,1101,0,343,920,281,732,1590,135972.0,50584.0,4967,612,1469,1401,762,639,1401,0,54,3126.0,1221000.0,2532,1686,8,0,23,307,,2738,2659,79,3188,767,183,64,11,1952,4967,06,081,606100,06081606100,San Mateo,54,3.85,3866,77.83,22.17,0.0,18.52,12.32,45.61,54.39,0.32,66.59,0.0,0.91,12.12,,2.89,1025,32.15,39.3
Census Tract 6062.01; San Mateo County; California,4100,26.8,4100,631,119,322,598,21,1542,867,87050.0,26869.0,4055,677,1160,1079,196,883,1079,3,113,2832.0,1222700.0,1958,1234,138,0,17,209,,2060,1985,75,2199,501,113,30,0,1861,4100,06,081,606201,06081606201,San Mateo,116,10.75,3469,84.61,15.39,2.9,14.59,16.7,81.84,18.16,7.05,63.02,0.0,0.87,10.67,,3.64,644,29.29,45.39
Census Tract 6062.02; San Mateo County; California,3428,33.1,3428,632,14,0,901,15,957,909,138250.0,77701.0,3399,120,1262,1209,475,734,1209,15,116,3062.0,1092900.0,1935,1018,80,26,48,373,52240.0,2043,1982,61,2472,565,349,85,99,1413,3428,06,081,606202,06081606202,San Mateo,131,10.84,2796,81.56,18.44,0.41,26.28,3.53,60.71,39.29,4.13,52.61,1.34,2.48,19.28,27.0,2.99,1098,44.42,41.22
Census Tract 6063; San Mateo County; California,3898,41.8,3898,1491,58,0,985,0,601,763,156820.0,112085.0,3842,483,2046,1800,1020,780,1800,149,140,3299.0,1388400.0,1999,970,159,54,47,538,39500.0,2144,2058,86,3034,809,586,209,304,1344,3898,06,081,606300,06081606300,San Mateo,289,16.06,2407,61.75,38.25,1.49,25.27,12.57,43.33,56.67,7.95,48.52,2.7,2.35,26.91,19.76,4.01,1908,62.89,34.48
Census Tract 6064; San Mateo County; California,4506,38.1,4506,1854,113,0,1718,0,190,631,130521.0,101370.0,4506,366,2662,2473,819,1654,2473,19,198,3083.0,1350500.0,2341,1470,53,0,101,655,49140.0,2406,2389,17,3719,1208,1074,178,100,1786,4506,06,081,606400,06081606400,San Mateo,217,8.77,2652,58.85,41.15,2.51,38.13,8.12,66.88,33.12,2.26,62.79,0.0,4.31,27.98,20.99,0.71,2560,68.84,39.64
Census Tract 6065; San Mateo County; California,3544,45.8,3544,2303,30,4,689,1,66,451,211750.0,120809.0,3544,56,1394,1302,1071,231,1302,7,0,3501.0,2000001.0,1780,890,20,0,166,607,28735.0,1857,1811,46,2498,891,597,256,111,675,3544,06,081,606500,06081606500,San Mateo,7,0.54,1241,35.02,64.98,0.85,19.44,1.58,17.74,82.26,1.12,50.0,0.0,9.33,34.1,16.14,2.48,1855,74.26,19.05
Census Tract 6066; San Mateo County; California,3479,46.2,3479,1909,0,0,1037,8,64,461,170313.0,110408.0,3479,109,1543,1489,910,579,1489,32,97,3501.0,2000001.0,1776,1001,169,0,44,505,,1842,1821,21,2713,1048,469,108,136,1060,3479,06,081,606600,06081606600,San Mateo,129,8.66,1570,45.13,54.87,0.0,29.81,3.13,38.89,61.11,9.52,56.36,0.0,2.48,28.43,,1.14,1761,64.91,30.47
Census Tract 6067; San Mateo County; California,2485,44.0,2485,1249,55,0,746,4,47,384,184973.0,103587.0,2485,61,991,945,704,241,945,41,0,3501.0,2000001.0,1334,856,17,0,35,339,24625.0,1374,1344,30,1787,573,473,167,92,606,2485,06,081,606700,06081606700,San Mateo,41,4.34,1236,49.74,50.26,2.21,30.02,2.45,25.5,74.5,1.27,64.17,0.0,2.62,25.41,18.46,2.18,1305,73.03,24.39
Census Tract 6068; San Mateo County; California,3559,45.1,3559,1475,2,0,1381,0,144,557,201563.0,97589.0,3542,94,1320,1266,858,408,1266,14,0,3501.0,2000001.0,1565,1019,15,20,0,489,,1703,1582,121,2544,821,581,162,154,924,3559,06,081,606800,06081606800,San Mateo,14,1.11,2084,58.56,41.44,0.06,38.8,2.65,32.23,67.77,0.96,65.11,1.28,0.0,31.25,,7.11,1718,67.53,25.96
Census Tract 6069; San Mateo County; California,2496,46.6,2496,1321,35,0,809,0,34,297,250001.0,134504.0,2459,95,899,842,717,125,842,9,0,3501.0,2000001.0,1129,535,4,0,88,406,,1255,1197,58,1839,663,471,164,158,626,2496,06,081,606900,06081606900,San Mateo,9,1.07,1175,47.08,52.92,1.4,32.41,3.86,14.85,85.15,0.35,47.39,0.0,7.79,35.96,,4.62,1456,79.17,25.08
Census Tract 6070; San Mateo County; California,3344,48.3,3344,1509,22,18,1165,0,364,266,222768.0,112435.0,3344,56,1487,1373,960,413,1373,0,17,2929.0,2000001.0,1801,1231,25,0,12,456,33250.0,1826,1801,25,2507,920,464,162,180,1044,3344,06,081,607000,06081607000,San Mateo,17,1.24,1835,54.87,45.13,0.66,34.84,1.67,30.08,69.92,1.39,68.35,0.0,0.67,25.32,18.46,1.37,1726,68.85,31.22
Census Tract 6071; San Mateo County; California,2726,46.0,2726,1600,27,0,725,0,65,309,250001.0,115258.0,2726,125,1127,1012,827,185,1012,12,0,3501.0,2000001.0,1333,651,82,0,0,532,23840.0,1502,1381,121,2105,773,485,46,150,689,2726,06,081,607100,06081607100,San Mateo,12,1.19,1126,41.31,58.69,0.99,26.6,4.59,18.28,81.72,6.15,48.84,0.0,0.0,39.91,17.88,8.06,1454,69.07,25.28
Census Tract 6072; San Mateo County; California,4697,33.8,4697,920,25,127,924,33,2077,591,126314.0,63330.0,4594,555,1831,1646,513,1133,1646,16,211,2838.0,1834600.0,2633,1349,485,0,123,441,57675.0,2775,2646,129,3027,882,297,75,65,2637,4697,06,081,607200,06081607200,San Mateo,227,13.79,3777,80.41,19.59,0.53,19.67,12.08,68.83,31.17,18.42,51.23,0.0,4.67,16.75,21.9,4.65,1319,43.57,56.14
Census Tract 6073; San Mateo County; California,3511,42.8,3511,1913,26,0,908,0,185,479,243281.0,101049.0,3511,194,1279,1193,1025,168,1193,25,0,3501.0,2000001.0,1760,1078,55,0,27,487,35025.0,1844,1760,84,2527,904,477,173,138,729,3511,06,081,607300,06081607300,San Mateo,25,2.1,1598,45.51,54.49,0.74,25.86,5.53,14.08,85.92,3.12,61.25,0.0,1.53,27.67,19.9,4.56,1692,66.96,20.76
Census Tract 6074; San Mateo County; California,4662,38.4,4662,2229,18,21,1256,101,441,596,148194.0,93417.0,4566,258,2159,1994,788,1206,1994,18,176,2499.0,1248200.0,2492,1256,256,0,42,575,55645.0,2841,2505,336,3793,1186,670,112,352,1941,4662,06,081,607400,06081607400,San Mateo,194,9.73,2433,52.19,47.81,0.39,26.94,5.65,60.48,39.52,10.27,50.4,0.0,1.69,23.07,22.33,11.83,2320,61.17,41.63
Census Tract 6075; San Mateo County; California,6569,33.9,6569,1917,92,49,2897,69,209,1336,233378.0,98334.0,6548,477,2780,2538,764,1774,2538,0,132,3501.0,1673100.0,3731,1854,243,20,192,1196,66250.0,4178,3978,200,4637,1473,1294,220,263,2867,6569,06,081,607500,06081607500,San Mateo,132,5.2,4652,70.82,29.18,1.4,44.1,7.28,69.9,30.1,6.51,49.69,0.54,5.15,32.06,17.76,4.79,3250,70.09,43.64
Census Tract 6076; San Mateo County; California,4566,34.0,4566,1846,43,0,1189,194,584,710,133295.0,85306.0,4557,315,2044,1929,707,1222,1929,43,52,2684.0,1592900.0,2676,1619,57,0,8,736,48100.0,2840,2699,141,3314,922,668,120,130,1637,4566,06,081,607600,06081607600,San Mateo,95,4.92,2720,59.57,40.43,0.94,26.04,6.91,63.35,36.65,2.13,60.5,0.0,0.3,27.5,17.97,4.96,1840,55.52,35.85
Census Tract 6077.01; San Mateo County; California,4609,39.2,4609,1537,71,245,1182,334,600,640,160893.0,57489.0,4597,482,1468,1424,859,565,1424,7,11,3347.0,1332200.0,2515,1790,94,30,25,421,,2624,2536,88,3414,954,416,99,80,2043,4609,06,081,607701,06081607701,San Mateo,18,1.26,3072,66.65,33.35,1.54,25.65,10.49,39.68,60.32,3.74,71.17,1.19,0.99,16.74,,3.35,1549,45.37,44.33
Census Tract 6077.02; San Mateo County; California,2863,44.9,2863,1027,0,0,716,316,507,297,146607.0,53593.0,2862,616,820,785,625,160,785,33,0,3501.0,1371900.0,1357,885,30,32,35,232,23630.0,1478,1395,83,2247,360,102,38,55,1048,2863,06,081,607702,06081607702,San Mateo,33,4.2,1836,64.13,35.87,0.0,25.01,21.52,20.38,79.62,2.21,65.22,2.36,2.58,17.1,17.41,5.62,555,24.7,36.6
Census Tract 6078; San Mateo County; California,3328,44.1,3328,1374,39,1,1169,0,216,529,186106.0,74736.0,3311,174,1104,1098,954,144,1098,12,0,3501.0,1450600.0,1538,859,0,0,4,502,,1629,1580,49,2590,666,226,139,174,962,3328,06,081,607800,06081607800,San Mateo,12,1.09,1954,58.71,41.29,1.17,35.13,5.26,13.11,86.89,0.0,55.85,0.0,0.26,32.64,,3.01,1205,46.53,28.91
Census Tract 6079; San Mateo County; California,3089,41.3,3089,1460,161,0,1048,0,99,321,152610.0,112652.0,3089,180,1733,1719,925,794,1719,49,78,3446.0,1104200.0,1853,1026,19,0,94,559,32910.0,1895,1862,33,2615,1052,730,164,118,989,3089,06,081,607900,06081607900,San Mateo,127,7.39,1629,52.74,47.26,5.21,33.93,5.83,46.19,53.81,1.03,55.37,0.0,5.07,30.17,17.76,1.74,2064,78.93,32.02
Census Tract 6080.01; San Mateo County; California,3387,38.3,3387,1364,74,0,1548,0,208,193,192981.0,91035.0,3387,115,1514,1443,561,882,1443,9,31,3324.0,1411500.0,1786,1025,29,12,23,460,38765.0,1900,1836,64,2527,889,647,54,264,1683,3387,06,081,608001,06081608001,San Mateo,40,2.77,2023,59.73,40.27,2.18,45.7,3.4,61.12,38.88,1.62,57.39,0.67,1.29,25.76,21.7,3.37,1854,73.37,49.69
Census Tract 6080.02; San Mateo County; California,3665,41.0,3665,1141,9,37,1795,0,140,543,242826.0,103980.0,3665,55,1315,1276,980,296,1276,5,0,3501.0,1803700.0,1694,849,46,11,8,655,31475.0,1813,1735,78,2652,864,813,57,282,1685,3665,06,081,608002,06081608002,San Mateo,5,0.39,2524,68.87,31.13,0.25,48.98,1.5,23.2,76.8,2.72,50.12,0.65,0.47,38.67,18.58,4.3,2016,76.02,45.98
Census Tract 6080.13; San Mateo County; California,3744,41.3,3744,1190,125,0,1877,0,103,449,180156.0,100998.0,3744,205,1493,1426,774,652,1426,5,60,3501.0,1919700.0,1958,1101,24,10,9,752,,2053,1962,91,2888,1067,662,158,287,1623,3744,06,081,608013,06081608013,San Mateo,65,4.56,2554,68.22,31.78,3.34,50.13,5.48,45.72,54.28,1.23,56.23,0.51,0.46,38.41,,4.43,2174,75.28,43.35
Census Tract 6080.23; San Mateo County; California,2348,48.4,2348,822,5,0,1274,0,103,144,250001.0,106929.0,2348,72,830,798,703,95,798,12,0,3501.0,2000001.0,1136,560,43,8,0,448,20285.0,1193,1149,44,1733,548,425,55,239,1200,2348,06,081,608023,06081608023,San Mateo,12,1.5,1526,64.99,35.01,0.21,54.26,3.07,11.9,88.1,3.79,49.3,0.7,0.0,39.44,17.86,3.69,1267,73.11,51.11
Census Tract 6080.24; San Mateo County; California,3200,42.3,3200,1026,0,4,1985,0,21,164,204659.0,106575.0,3200,41,1327,1318,891,427,1318,47,59,3501.0,1609700.0,1754,931,69,41,8,553,37305.0,1850,1758,92,2335,842,672,87,74,1703,3200,06,081,608024,06081608024,San Mateo,106,8.04,2174,67.94,32.06,0.0,62.03,1.28,32.4,67.6,3.93,53.08,2.34,0.46,31.53,21.27,4.97,1675,71.73,53.22
Census Tract 6080.25; San Mateo County; California,6212,35.5,6212,1555,113,25,3877,20,105,517,149896.0,82905.0,5971,440,2965,2723,386,2337,2723,0,389,3501.0,1354700.0,3128,1492,122,54,187,1081,52740.0,3274,3161,113,4393,1449,1421,198,216,3561,6212,06,081,608025,06081608025,San Mateo,389,14.29,4657,74.97,25.03,1.82,62.41,7.37,85.82,14.18,3.9,47.7,1.73,5.98,34.56,16.86,3.45,3284,74.76,57.32
Census Tract 6081; San Mateo County; California,3325,41.4,3325,826,110,23,1774,0,148,444,209074.0,95346.0,3311,148,1324,1290,887,403,1290,0,0,3359.0,1617600.0,1679,966,61,23,24,540,29775.0,1823,1698,125,2460,853,750,50,215,1487,3325,06,081,608100,06081608100,San Mateo,0,0.0,2499,75.16,24.84,3.31,53.35,4.47,31.24,68.76,3.63,57.53,1.37,1.43,32.16,17.73,6.86,1868,75.93,44.72
Census Tract 6082; San Mateo County; California,3606,41.1,3606,1186,74,12,1462,24,198,650,233094.0,97036.0,3575,150,1437,1389,747,642,1389,8,35,3501.0,1785500.0,1742,817,36,0,8,610,,1830,1698,71,2558,625,791,127,223,1508,3606,06,081,608200,06081608200,San Mateo,43,3.1,2420,67.11,32.89,2.05,40.54,4.2,46.22,53.78,2.07,46.9,0.0,0.46,35.02,,3.88,1766,69.04,41.82
Census Tract 6083; San Mateo County; California,3305,40.2,3305,731,42,0,2246,0,115,171,196101.0,118366.0,3303,108,1412,1335,677,658,1335,35,47,3117.0,2000001.0,1770,889,60,0,9,597,34410.0,1966,1788,178,2395,798,741,23,195,1768,3305,06,081,608300,06081608300,San Mateo,82,6.14,2574,77.88,22.12,1.27,67.96,3.27,49.29,50.71,3.39,50.23,0.0,0.51,33.73,19.44,9.05,1757,73.36,53.49
Census Tract 6084; San Mateo County; California,5129,38.7,5129,1881,269,6,1530,0,1153,290,145089.0,80689.0,5036,415,2379,2123,605,1518,2123,150,161,3312.0,1408500.0,2905,1616,94,67,195,511,63805.0,3252,2975,277,4050,1547,749,45,194,1977,5129,06,081,608400,06081608400,San Mateo,311,14.65,3248,63.33,36.67,5.24,29.83,8.24,71.5,28.5,3.24,55.63,2.31,6.71,17.59,21.96,8.52,2535,62.59,38.55
Census Tract 6085.01; San Mateo County; California,5050,39.5,5050,1950,48,26,1197,25,1183,621,177708.0,74772.0,5044,231,1824,1676,1085,591,1676,13,50,2955.0,1787700.0,2812,1760,78,0,53,705,48265.0,2950,2843,107,3697,1050,537,147,73,1746,5050,06,081,608501,06081608501,San Mateo,63,3.76,3100,61.39,38.61,0.95,23.7,4.58,35.26,64.74,2.77,62.59,0.0,1.88,25.07,17.16,3.63,1807,48.88,34.57
Census Tract 6085.02; San Mateo County; California,2623,37.5,2623,792,9,0,1226,19,105,472,143826.0,70445.0,2613,283,1173,1135,609,526,1135,31,6,3197.0,1224200.0,1497,831,35,0,19,331,31470.0,1633,1528,105,2135,893,399,77,22,1013,2623,06,081,608502,06081608502,San Mateo,37,3.26,1831,69.81,30.19,0.34,46.74,10.83,46.34,53.66,2.34,55.51,0.0,1.27,22.11,21.02,6.43,1391,65.15,38.62
Census Tract 6086; San Mateo County; California,4484,37.5,4484,1910,159,0,1572,1,452,390,146389.0,74639.0,4476,377,2059,1886,627,1259,1886,0,238,2735.0,1746700.0,2493,1285,176,42,56,755,47315.0,2852,2571,281,3198,1073,424,126,158,1670,4484,06,081,608600,06081608600,San Mateo,238,12.62,2574,57.4,42.6,3.55,35.06,8.42,66.76,33.24,7.06,51.54,1.68,2.25,30.28,18.98,9.85,1781,55.69,37.24
Census Tract 6087; San Mateo County; California,7142,40.5,7142,3743,200,82,2084,0,68,965,238466.0,115031.0,6839,239,2988,2783,1892,891,2783,38,16,2946.0,2000001.0,3628,1649,137,0,82,1560,53910.0,3850,3675,175,4992,1725,1349,175,411,2072,7142,06,081,608700,06081608700,San Mateo,54,1.94,3399,47.59,52.41,2.8,29.18,3.49,32.02,67.98,3.78,45.45,0.0,2.26,43.0,14.86,4.55,3660,73.32,29.01
Census Tract 6088; San Mateo County; California,6046,43.7,6046,3399,83,0,1741,0,371,452,250001.0,119091.0,6046,97,2194,2002,1794,208,2002,25,0,3501.0,2000001.0,2945,1774,186,0,13,713,70690.0,3100,2959,141,4034,1497,1242,153,372,1355,6046,06,081,608800,06081608800,San Mateo,25,1.25,2647,43.78,56.22,1.37,28.8,1.6,10.39,89.61,6.32,60.24,0.0,0.44,24.21,24.0,4.55,3264,80.91,22.41
Census Tract 6089; San Mateo County; California,6953,36.3,6953,2955,256,50,2301,0,498,893,177895.0,96585.0,6897,883,3145,2922,921,2001,2922,33,142,2897.0,2000001.0,3606,1781,122,0,49,1465,57765.0,4038,3664,374,5151,1760,1150,200,447,2658,6953,06,081,608900,06081608900,San Mateo,175,5.99,3998,57.5,42.5,3.68,33.09,12.8,68.48,31.52,3.38,49.39,0.0,1.36,40.63,16.02,9.26,3557,69.05,38.23
Census Tract 6090; San Mateo County; California,2983,43.3,2983,1451,30,0,808,131,231,332,203636.0,86521.0,2913,265,1057,1004,613,391,1004,0,45,2336.0,2000001.0,1212,690,29,26,74,255,31235.0,1357,1245,112,2088,753,383,113,100,778,2983,06,081,609000,06081609000,San Mateo,45,4.48,1532,51.36,48.64,1.01,27.09,9.1,38.94,61.06,2.39,56.93,2.15,6.11,21.04,25.77,8.25,1349,64.61,26.08
Census Tract 6091; San Mateo County; California,1541,39.3,1541,766,2,7,496,4,135,131,242750.0,123118.0,1541,80,618,561,422,139,561,0,5,3501.0,1683500.0,904,420,26,0,12,392,12645.0,976,904,72,1102,303,227,57,45,498,1541,06,081,609100,06081609100,San Mateo,5,0.89,775,50.29,49.71,0.13,32.19,5.19,24.78,75.22,2.88,46.46,0.0,1.33,43.36,13.99,7.38,632,57.35,32.32
Census Tract 6092.01; San Mateo County; California,3456,41.7,3456,2076,2,0,728,213,54,383,165583.0,123415.0,3446,123,1551,1455,721,734,1455,19,90,2833.0,2000001.0,1991,1009,104,62,27,723,30855.0,2089,2024,65,2621,1115,470,39,157,804,3456,06,081,609201,06081609201,San Mateo,109,7.49,1380,39.93,60.07,0.06,21.06,3.57,50.45,49.55,5.22,50.68,3.11,1.36,36.31,15.5,3.11,1781,67.95,23.26
Census Tract 6092.02; San Mateo County; California,5161,38.6,5161,2266,70,23,1050,0,478,1274,186333.0,121328.0,5161,277,2301,2206,745,1461,2206,15,145,2659.0,1938800.0,2861,1457,167,14,59,876,41100.0,3062,2857,183,3875,1210,733,126,282,1804,5161,06,081,609202,06081609202,San Mateo,160,7.25,2895,56.09,43.91,1.36,20.34,5.37,66.23,33.77,5.84,50.93,0.49,2.06,30.62,14.37,5.98,2351,60.67,34.95
Census Tract 6093; San Mateo County; California,3428,40.3,3428,2169,0,0,747,0,202,310,250001.0,131220.0,3369,71,1209,1153,917,236,1153,25,0,2861.0,2000001.0,1724,971,13,12,10,597,26650.0,1839,1745,94,2219,666,537,222,239,665,3428,06,081,609300,06081609300,San Mateo,25,2.17,1259,36.73,63.27,0.0,21.79,2.11,20.47,79.53,0.75,56.32,0.7,0.58,34.63,15.46,5.11,1664,74.99,19.4
Census Tract 6094; San Mateo County; California,3251,40.3,3251,2141,17,0,580,0,69,444,250001.0,128288.0,3251,42,1143,1012,909,103,1012,0,0,3501.0,2000001.0,1734,908,50,70,48,594,28905.0,1821,1756,65,2061,891,422,180,244,551,3251,06,081,609400,06081609400,San Mateo,0,0.0,1110,34.14,65.86,0.52,17.84,1.29,10.18,89.82,2.88,52.36,4.04,2.77,34.26,16.67,3.57,1737,84.28,16.95
Census Tract 6095; San Mateo County; California,4686,44.8,4686,2641,34,10,1081,0,160,760,250001.0,123545.0,4644,105,1725,1626,1398,228,1626,54,0,2931.0,2000001.0,2289,1124,88,59,19,772,41545.0,2438,2299,139,3145,905,786,322,286,1225,4686,06,081,609500,06081609500,San Mateo,54,3.32,2045,43.64,56.36,0.73,23.07,2.26,14.02,85.98,3.84,49.1,2.58,0.83,33.73,18.15,5.7,2299,73.1,26.14
Census Tract 6096.01; San Mateo County; California,3460,39.9,3460,1987,16,4,976,0,70,407,250001.0,132402.0,3460,292,1271,1221,923,298,1221,68,0,2543.0,2000001.0,1598,932,19,0,0,573,24480.0,1822,1638,184,2294,610,553,263,277,902,3460,06,081,609601,06081609601,San Mateo,68,5.57,1473,42.57,57.43,0.46,28.21,8.44,24.41,75.59,1.19,58.32,0.0,0.0,35.86,15.32,10.1,1703,74.24,26.07
Census Tract 6096.02; San Mateo County; California,1719,45.8,1719,992,49,0,428,0,3,247,250001.0,123172.0,1699,32,623,607,517,90,607,9,7,3501.0,2000001.0,812,384,9,0,7,364,,868,828,40,1233,324,324,84,163,367,1719,06,081,609602,06081609602,San Mateo,16,2.64,727,42.29,57.71,2.85,24.9,1.88,14.83,85.17,1.11,47.29,0.0,0.86,44.83,,4.61,895,72.59,21.35
Census Tract 6096.03; San Mateo County; California,4813,48.9,4813,3346,54,6,980,0,165,262,247422.0,139040.0,4807,199,1907,1797,1519,278,1797,15,7,3501.0,2000001.0,2334,1419,15,57,10,733,40485.0,2397,2357,40,3651,1208,670,105,473,1132,4813,06,081,609603,06081609603,San Mateo,22,1.22,1467,30.48,69.52,1.12,20.36,4.14,15.47,84.53,0.64,60.8,2.44,0.43,31.41,17.35,1.67,2456,67.27,23.52
Census Tract 6097; San Mateo County; California,4608,46.3,4608,3360,13,0,560,0,42,633,250001.0,161802.0,4604,223,1746,1680,1539,141,1680,13,0,3501.0,2000001.0,2330,1206,49,22,76,956,37670.0,2504,2445,59,3414,1222,902,254,196,798,4608,06,081,609700,06081609700,San Mateo,13,0.77,1248,27.08,72.92,0.28,12.15,4.84,8.39,91.61,2.1,51.76,0.94,3.26,41.03,16.17,2.36,2574,75.4,17.32
Census Tract 6098; San Mateo County; California,4491,45.4,4491,2604,243,0,800,6,208,630,250001.0,115491.0,4485,108,1755,1670,1404,266,1670,2,24,3501.0,2000001.0,2201,1473,23,21,5,517,45405.0,2366,2192,153,3266,1121,745,167,244,745,4491,06,081,609800,06081609800,San Mateo,26,1.56,1887,42.02,57.98,5.41,17.81,2.41,15.93,84.07,1.04,66.92,0.95,0.23,23.49,20.63,6.47,2277,69.72,16.59
Census Tract 6099; San Mateo County; California,2955,51.2,2955,1916,165,0,354,0,102,418,250001.0,119265.0,2955,90,1071,1028,893,135,1028,0,16,3501.0,2000001.0,1282,731,11,37,0,501,18340.0,1341,1296,45,2230,790,511,133,113,520,2955,06,081,609900,06081609900,San Mateo,16,1.56,1039,35.16,64.84,5.58,11.98,3.05,13.13,86.87,0.86,57.02,2.89,0.0,39.08,14.31,3.36,1547,69.37,17.6
Census Tract 6100; San Mateo County; California,4477,39.9,4477,2610,92,0,342,0,430,1003,164852.0,110415.0,4460,168,1960,1895,746,1149,1895,0,112,2741.0,2000000.0,2546,1181,79,22,63,1140,33180.0,2642,2613,29,3308,1222,518,96,199,1092,4477,06,081,610000,06081610000,San Mateo,112,5.91,1867,41.7,58.3,2.05,7.64,3.77,60.63,39.37,3.1,46.39,0.86,2.47,44.78,13.03,1.1,2035,61.52,24.39
Census Tract 6101; San Mateo County; California,2524,40.8,2524,1031,9,30,138,57,740,519,128472.0,63903.0,2524,185,918,899,447,452,899,15,31,2339.0,1516600.0,1566,946,115,6,46,276,34665.0,1668,1616,52,1944,553,200,7,17,732,2524,06,081,610100,06081610100,San Mateo,46,5.12,1493,59.15,40.85,0.36,5.47,7.33,50.28,49.72,7.34,60.41,0.38,2.94,17.62,22.14,3.12,777,39.97,29.0
Census Tract 6102.01; San Mateo County; California,5596,34.9,5596,745,231,261,304,92,1777,2186,74988.0,38259.0,5591,430,1861,1786,407,1379,1786,0,301,2328.0,996700.0,2913,1571,146,28,187,242,60400.0,3086,3058,28,3541,684,186,39,15,2611,5596,06,081,610201,06081610201,San Mateo,301,16.85,4851,86.69,13.31,4.13,5.43,7.69,77.21,22.79,5.01,53.93,0.96,6.42,8.31,20.73,0.91,924,26.09,46.66
Census Tract 6102.02; San Mateo County; California,5064,31.7,5064,2087,258,69,1745,14,494,397,185920.0,122171.0,4575,482,2836,2625,86,2539,2625,0,414,3501.0,,3598,1433,370,24,271,1211,61145.0,3724,3584,62,4369,1324,1096,345,374,2281,5064,06,081,610202,06081610202,San Mateo,414,15.77,2977,58.79,41.21,5.09,34.46,10.54,96.72,3.28,10.28,39.83,0.67,7.53,33.66,16.99,1.66,3139,71.85,45.04
Census Tract 6102.03; San Mateo County; California,2594,30.9,2594,615,111,123,85,57,1089,514,77604.0,34382.0,2594,229,990,901,100,801,901,12,80,2376.0,952400.0,1567,837,221,31,46,235,28155.0,1687,1598,89,1847,285,56,37,6,1166,2594,06,081,610203,06081610203,San Mateo,92,10.21,1979,76.29,23.71,4.28,3.28,8.83,88.9,11.1,14.1,53.41,1.98,2.94,15.0,17.97,5.28,384,20.79,44.95
Census Tract 6103.02; San Mateo County; California,4823,36.7,4823,1475,142,2,702,39,1606,857,142212.0,69050.0,4667,252,1775,1605,785,820,1605,0,37,3501.0,276300.0,2437,1536,63,0,32,520,45410.0,2486,2460,26,3533,598,423,200,206,1837,4823,06,081,610302,06081610302,San Mateo,37,2.31,3348,69.42,30.58,2.94,14.56,5.4,51.09,48.91,2.59,63.03,0.0,1.31,21.34,18.63,1.05,1427,40.39,38.09
Census Tract 6103.03; San Mateo County; California,7229,42.8,7229,2991,55,0,3398,24,124,637,222107.0,116306.0,7229,213,2940,2809,1817,992,2809,38,124,3501.0,1990100.0,3576,1828,124,31,44,1323,57055.0,3947,3631,316,5255,2015,1773,211,505,3375,7229,06,081,610303,06081610303,San Mateo,162,5.77,4238,58.62,41.38,0.76,47.01,2.95,35.32,64.68,3.47,51.12,0.87,1.23,37.0,15.95,8.01,4504,85.71,46.69
Census Tract 6103.04; San Mateo County; California,4444,43.3,4444,1802,17,0,2119,59,79,368,200426.0,107897.0,4444,206,1912,1760,1196,564,1760,42,17,3501.0,1513400.0,2240,1054,80,0,40,858,40900.0,2346,2281,65,3171,1271,672,102,381,1448,4444,06,081,610304,06081610304,San Mateo,59,3.35,2642,59.45,40.55,0.38,47.68,4.64,32.05,67.95,3.57,47.05,0.0,1.79,38.3,18.26,2.77,2426,76.51,32.58
Census Tract 6104; San Mateo County; California,5447,32.8,5447,928,93,468,415,60,1400,2083,120453.0,44333.0,5402,360,1544,1425,770,655,1425,36,0,2434.0,1278100.0,2501,1486,18,0,60,445,45875.0,2591,2553,38,3198,498,244,22,31,2146,5447,06,081,610400,06081610400,San Mateo,36,2.53,4519,82.96,17.04,1.71,7.62,6.66,45.96,54.04,0.72,59.42,0.0,2.4,17.79,18.34,1.47,795,24.86,39.4
Census Tract 6105; San Mateo County; California,4404,39.0,4404,856,126,198,222,0,1957,1045,86862.0,39891.0,4404,876,1421,1311,702,609,1311,42,36,2079.0,1070300.0,1967,1382,22,0,0,335,38005.0,2217,2007,210,3115,477,105,85,60,2010,4404,06,081,610500,06081610500,San Mateo,78,5.95,3548,80.56,19.44,2.86,5.04,19.89,46.45,53.55,1.12,70.26,0.0,0.0,17.03,19.32,9.47,727,23.34,45.64
Census Tract 6106.01; San Mateo County; California,5919,28.5,5919,971,14,30,315,0,2687,1902,98167.0,34401.0,5810,591,1570,1502,353,1149,1502,11,112,2314.0,916100.0,2917,1689,147,10,1,440,55215.0,3254,3026,228,3727,325,192,30,53,2555,5919,06,081,610601,06081610601,San Mateo,123,8.19,4948,83.6,16.4,0.24,5.32,10.17,76.5,23.5,5.04,57.9,0.34,0.03,15.08,18.93,7.01,600,16.1,43.17
Census Tract 6106.02; San Mateo County; California,2777,43.0,2777,1356,0,72,307,12,309,721,157250.0,93309.0,2777,216,1123,1043,783,260,1043,8,0,3071.0,1820900.0,1331,782,0,65,69,382,18630.0,1490,1346,144,1941,534,296,81,217,859,2777,06,081,610602,06081610602,San Mateo,8,0.77,1421,51.17,48.83,0.0,11.06,7.78,24.93,75.07,0.0,58.75,4.88,5.18,28.7,14.0,9.66,1128,58.11,30.93
Census Tract 6107; San Mateo County; California,6302,32.7,6302,2023,302,76,1240,0,1893,768,146476.0,58633.0,6233,436,2288,1949,885,1064,1949,44,74,2914.0,1884700.0,3078,2036,11,49,18,432,,3347,3150,197,4512,800,609,185,208,2024,6302,06,081,610700,06081610700,San Mateo,118,6.05,4279,67.9,32.1,4.79,19.68,7.0,54.59,45.41,0.36,66.15,1.59,0.58,14.04,,5.89,1802,39.94,32.12
Census Tract 6108; San Mateo County; California,4426,32.9,4426,1119,50,243,348,35,1501,1130,105293.0,47829.0,4365,425,1622,1437,222,1215,1437,3,102,2772.0,980000.0,2403,1433,101,34,75,424,49035.0,2633,2432,201,2980,580,295,79,75,2169,4426,06,081,610800,06081610800,San Mateo,105,7.31,3307,74.72,25.28,1.13,7.86,9.74,84.55,15.45,4.2,59.63,1.41,3.12,17.64,20.41,7.63,1029,34.53,49.01
Census Tract 6109.01; San Mateo County; California,2954,34.8,2954,1599,0,0,380,0,353,622,142793.0,118718.0,2954,277,1366,1295,409,886,1295,0,52,2574.0,1519800.0,1789,891,114,47,60,463,,1916,1830,86,2094,463,425,52,57,638,2954,06,081,610901,06081610901,San Mateo,52,4.02,1355,45.87,54.13,0.0,12.86,9.38,68.42,31.58,6.37,49.8,2.63,3.35,25.88,,4.49,997,47.61,21.6
Census Tract 6109.02; San Mateo County; California,2819,35.5,2819,650,176,23,703,0,992,275,134814.0,74000.0,2767,358,1342,1073,436,637,1073,0,22,2756.0,1432400.0,1629,1032,39,0,17,502,,1910,1664,246,2189,392,271,63,425,1243,2819,06,081,610902,06081610902,San Mateo,22,2.05,2169,76.94,23.06,6.24,24.94,12.94,59.37,40.63,2.39,63.35,0.0,1.04,30.82,,12.88,1151,52.58,44.09
Census Tract 6110; San Mateo County; California,6515,38.9,6515,2820,323,430,722,0,1355,865,140426.0,62143.0,6497,527,2233,2173,1005,1168,2173,75,58,3017.0,1619800.0,3170,2013,45,90,9,689,,3329,3226,103,4594,1167,711,92,116,1625,6515,06,081,611000,06081611000,San Mateo,133,6.12,3695,56.72,43.28,4.96,11.08,8.11,53.75,46.25,1.42,63.5,2.84,0.28,21.74,,3.09,2086,45.41,24.94
Census Tract 6111; San Mateo County; California,6347,42.2,6347,3372,367,16,721,0,754,1117,185875.0,97924.0,6319,187,2270,2260,1968,292,2260,14,23,3501.0,2000001.0,2990,1537,82,48,25,1080,49565.0,3159,3021,138,4354,1424,986,496,271,963,6347,06,081,611100,06081611100,San Mateo,37,1.64,2975,46.87,53.13,5.78,11.36,2.96,12.92,87.08,2.74,51.4,1.61,0.84,36.12,16.58,4.37,3177,72.97,15.17
Census Tract 6112; San Mateo County; California,2838,46.1,2838,2048,14,0,328,0,27,421,233097.0,93707.0,2831,88,1048,1027,896,131,1027,0,27,3501.0,2000001.0,1452,744,18,0,12,508,,1507,1464,43,2092,692,163,131,160,368,2838,06,081,611200,06081611200,San Mateo,27,2.63,790,27.84,72.16,0.49,11.56,3.11,12.76,87.24,1.24,51.24,0.0,0.83,34.99,,2.85,1146,54.78,12.97
Census Tract 6113; San Mateo County; California,4827,42.5,4827,2570,65,29,950,0,508,705,229612.0,133719.0,4812,273,1871,1770,1178,592,1770,45,56,3216.0,2000001.0,2379,1383,0,86,90,725,,2659,2468,191,3658,1202,530,151,406,1276,4827,06,081,611300,06081611300,San Mateo,101,5.71,2257,46.76,53.24,1.35,19.68,5.67,33.45,66.55,0.0,58.13,3.61,3.78,30.47,,7.18,2289,62.58,26.43
Census Tract 6114; San Mateo County; California,4215,48.5,4215,2722,94,3,714,0,128,554,250001.0,174701.0,3649,288,1575,1277,1074,203,1277,22,7,3501.0,2000001.0,1617,699,40,0,101,595,22690.0,1710,1644,66,2631,700,861,427,151,748,4215,06,081,611400,06081611400,San Mateo,29,2.27,1493,35.42,64.58,2.23,16.94,7.89,15.9,84.1,2.47,43.23,0.0,6.25,36.8,14.03,3.86,2139,81.3,17.75
Census Tract 6115; San Mateo County; California,2778,49.6,2778,2042,0,0,542,0,6,188,250001.0,209767.0,2778,52,1092,950,876,74,950,9,0,3501.0,2000001.0,1099,520,6,13,2,512,,1136,1110,26,1984,722,594,195,187,689,2778,06,081,611500,06081611500,San Mateo,9,0.95,736,26.49,73.51,0.0,19.51,1.87,7.79,92.21,0.55,47.32,1.18,0.18,46.59,,2.29,1698,85.58,24.8
Census Tract 6116; San Mateo County; California,2431,42.3,2431,1229,100,7,571,8,91,425,250001.0,139663.0,2415,99,821,771,648,123,771,38,0,3501.0,2000001.0,1211,606,6,108,15,438,22955.0,1350,1234,116,1636,432,536,86,144,638,2431,06,081,611600,06081611600,San Mateo,38,4.93,1202,49.44,50.56,4.11,23.49,4.1,15.95,84.05,0.5,50.04,8.92,1.24,36.17,18.96,8.59,1198,73.23,26.24
Census Tract 6117; San Mateo County; California,6627,32.3,6627,1190,366,41,1306,0,2460,1264,158333.0,71262.0,6627,223,2322,2080,829,1251,2080,0,50,3422.0,1130200.0,3942,2334,83,7,22,1094,77140.0,4253,3984,269,4866,1399,512,85,67,2403,6627,06,081,611700,06081611700,San Mateo,50,2.4,5437,82.04,17.96,5.52,19.71,3.37,60.14,39.86,2.11,59.21,0.18,0.56,27.75,19.57,6.32,2063,42.4,36.26
Census Tract 6118; San Mateo County; California,4822,33.9,4822,492,727,229,285,554,1475,1060,137740.0,36200.0,4814,428,1145,1099,744,355,1099,0,16,3232.0,1050600.0,2670,1586,85,9,136,484,54110.0,2871,2706,165,3339,506,145,44,12,2138,4822,06,081,611800,06081611800,San Mateo,16,1.46,4330,89.8,10.2,15.08,5.91,8.89,32.3,67.7,3.18,59.4,0.34,5.09,18.13,20.27,5.75,707,21.17,44.34
Census Tract 6119.01; San Mateo County; California,4230,30.3,4230,588,436,15,740,157,1821,473,121392.0,44145.0,4230,351,1195,1074,543,531,1074,9,78,1996.0,1133800.0,2409,1709,19,84,6,268,,2582,2440,142,2938,622,165,0,206,1812,4230,06,081,611901,06081611901,San Mateo,87,8.1,3642,86.1,13.9,10.31,17.49,8.3,49.44,50.56,0.79,70.94,3.49,0.25,11.12,,5.5,993,33.8,42.84
Census Tract 6119.02; San Mateo County; California,7054,40.6,7054,1636,543,0,424,581,2334,1536,132863.0,52954.0,6770,709,2087,2087,1460,627,2087,5,168,2584.0,1300600.0,3942,2761,43,27,77,627,,4199,3970,229,4979,797,365,30,578,3434,7054,06,081,611902,06081611902,San Mateo,173,8.29,5418,76.81,23.19,7.7,6.01,10.47,30.04,69.96,1.09,70.04,0.68,1.95,15.91,,5.45,1770,35.55,48.68
Census Tract 6120.01; San Mateo County; California,3864,37.5,3864,412,364,106,45,488,1459,990,130741.0,34502.0,3848,327,1000,950,643,307,950,0,9,2787.0,919200.0,2065,1516,39,24,0,144,46500.0,2349,2172,177,2674,190,150,9,27,1277,3864,06,081,612001,06081612001,San Mateo,9,0.95,3452,89.34,10.66,9.42,1.16,8.5,32.32,67.68,1.89,73.41,1.16,0.0,6.97,22.52,7.54,376,14.06,33.05
Census Tract 6120.02; San Mateo County; California,3224,42.0,3224,520,364,155,187,268,1443,287,76047.0,31756.0,3224,552,965,850,398,452,850,5,98,1960.0,964100.0,1752,1096,67,38,11,80,,1882,1812,47,2388,356,92,12,57,1631,3224,06,081,612002,06081612002,San Mateo,103,12.12,2704,83.87,16.13,11.29,5.8,17.12,53.18,46.82,3.82,62.56,2.17,0.63,4.57,,2.5,517,21.65,50.59
Census Tract 6121.01; San Mateo County; California,3949,33.2,3949,1576,51,0,351,227,1509,235,123472.0,77747.0,3949,370,1680,1298,469,829,1298,0,10,2089.0,2000001.0,1808,974,0,89,34,314,,1861,1852,9,2443,595,378,43,234,1300,3949,06,081,612101,06081612101,San Mateo,10,0.77,2373,60.09,39.91,1.29,8.89,9.37,63.87,36.13,0.0,53.87,4.92,1.88,17.37,,0.48,1250,51.17,32.92
Census Tract 6121.02; San Mateo County; California,3129,35.1,3129,1025,282,317,224,0,509,772,71769.0,44745.0,3129,283,1658,1387,165,1222,1387,0,111,2239.0,1057200.0,1826,837,43,93,0,591,,1939,1826,113,2101,412,15,17,87,1387,3129,06,081,612102,06081612102,San Mateo,111,8.0,2104,67.24,32.76,9.01,7.16,9.04,88.1,11.9,2.35,45.84,5.09,0.0,32.37,,5.83,531,25.27,44.33
Census Tract 6125; San Mateo County; California,3937,35.0,3937,2293,0,16,1006,0,216,406,165521.0,108439.0,3937,203,2072,1684,542,1142,1684,0,236,3251.0,2000001.0,2165,930,96,336,50,659,,2327,2240,87,2619,665,662,275,481,1392,3937,06,081,612500,06081612500,San Mateo,236,14.01,1644,41.76,58.24,0.0,25.55,5.16,67.81,32.19,4.43,42.96,15.52,2.31,30.44,,3.74,2083,79.53,35.36
Census Tract 6126; San Mateo County; California,4317,38.3,4317,2713,140,69,667,6,135,587,166685.0,120185.0,4114,281,2145,1903,476,1427,1903,0,366,2849.0,2000001.0,2199,910,78,310,41,715,33615.0,2285,2234,51,3301,826,568,380,874,1658,4317,06,081,612600,06081612600,San Mateo,366,19.23,1604,37.16,62.84,3.24,15.45,6.83,74.99,25.01,3.55,41.38,14.1,1.86,32.51,15.29,2.23,2648,80.22,38.41
Census Tract 6127; San Mateo County; California,2078,50.1,2078,1569,0,0,365,0,25,119,250001.0,139713.0,2073,91,782,729,596,133,729,3,2,3501.0,2000001.0,953,396,4,96,38,403,,994,960,34,1483,476,451,212,169,443,2078,06,081,612700,06081612700,San Mateo,5,0.69,509,24.49,75.51,0.0,17.56,4.39,18.24,81.76,0.42,41.55,10.07,3.99,42.29,,3.42,1308,88.2,21.32
Census Tract 6128; San Mateo County; California,3126,40.7,3126,2462,6,2,336,0,9,311,250001.0,194455.0,3126,150,1087,1013,818,195,1013,1,9,3501.0,2000001.0,1288,646,0,58,0,515,,1310,1288,22,1800,564,641,218,208,435,3126,06,081,612800,06081612800,San Mateo,10,0.99,664,21.24,78.76,0.19,10.75,4.8,19.25,80.75,0.0,50.16,4.5,0.0,39.98,,1.68,1631,90.61,13.92
Census Tract 6129; San Mateo County; California,4517,40.8,4517,3114,2,5,916,0,29,451,250001.0,161837.0,4512,99,1958,1611,1285,326,1611,57,10,3501.0,2000001.0,2080,1020,35,125,36,745,29945.0,2264,2122,142,3064,994,1020,143,483,1124,4517,06,081,612900,06081612900,San Mateo,67,4.16,1403,31.06,68.94,0.04,20.28,2.19,20.24,79.76,1.68,49.04,6.01,1.73,35.82,14.4,6.27,2640,86.16,24.88
Census Tract 6130; San Mateo County; California,3245,45.6,3245,2157,23,0,748,0,42,275,250001.0,161463.0,3245,75,1523,1215,918,297,1215,11,26,3501.0,2000001.0,1452,654,0,128,26,531,,1538,1498,40,2388,725,668,245,413,1004,3245,06,081,613000,06081613000,San Mateo,37,3.05,1088,33.53,66.47,0.71,23.05,2.31,24.44,75.56,0.0,45.04,8.82,1.79,36.57,,2.6,2051,85.89,30.94
Census Tract 6132; San Mateo County; California,6481,57.2,6481,4982,8,0,585,0,334,572,250001.0,175660.0,6435,284,2777,2606,2149,457,2606,41,29,3501.0,2000001.0,2640,1252,26,56,65,1187,,2828,2705,123,5072,1663,1489,591,443,1170,6481,06,081,613200,06081613200,San Mateo,70,2.69,1499,23.13,76.87,0.12,9.03,4.41,17.54,82.46,0.98,47.42,2.12,2.46,44.96,,4.35,4186,82.53,18.05
Census Tract 6133; San Mateo County; California,2801,43.3,2801,2327,0,0,231,0,8,235,250001.0,134801.0,2794,150,1057,960,871,89,960,2,5,3501.0,2000001.0,1326,654,50,0,13,484,21775.0,1343,1329,14,1942,721,509,133,124,429,2801,06,081,613300,06081613300,San Mateo,7,0.73,474,16.92,83.08,0.0,8.25,5.37,9.27,90.73,3.77,49.32,0.0,0.98,36.5,16.42,1.04,1487,76.57,15.32
Census Tract 6134; San Mateo County; California,3077,44.9,3077,2499,0,0,170,0,77,331,250001.0,165127.0,3060,82,1257,1089,888,201,1089,5,0,3501.0,2000001.0,1285,782,0,24,43,380,29105.0,1366,1294,72,2133,713,523,163,176,491,3077,06,081,613400,06081613400,San Mateo,5,0.46,578,18.78,81.22,0.0,5.52,2.68,18.46,81.54,0.0,60.86,1.87,3.35,29.57,22.65,5.27,1575,73.84,15.96
Census Tract 6135.01; San Mateo County; California,4379,44.4,4379,2328,21,0,358,7,196,1469,172869.0,67645.0,4379,225,1339,1319,945,374,1319,10,0,3145.0,1398300.0,2015,1071,0,10,196,605,41270.0,2105,2048,57,3064,711,573,123,67,1186,4379,06,081,613501,06081613501,San Mateo,10,0.76,2051,46.84,53.16,0.48,8.18,5.14,28.35,71.65,0.0,53.15,0.5,9.73,30.02,20.48,2.71,1474,48.11,27.08
Census Tract 6135.02; San Mateo County; California,5806,52.6,5806,4890,0,10,237,0,343,326,177083.0,98317.0,5751,377,2550,2485,2230,255,2485,28,0,,1471300.0,2822,1853,111,67,0,716,,3279,3082,197,4577,1371,853,349,124,989,5806,06,081,613502,06081613502,San Mateo,28,1.13,916,15.78,84.22,0.0,4.08,6.56,10.26,89.74,3.93,65.66,2.37,0.0,25.37,,6.01,2697,58.93,17.03
Census Tract 6136; San Mateo County; California,5600,48.1,5600,3535,5,0,174,0,1308,578,163250.0,74104.0,5427,331,2292,1918,1690,228,1918,89,0,3061.0,1364100.0,2757,1630,34,23,2,755,63575.0,2974,2812,162,4063,1067,843,201,203,1060,5600,06,081,613600,06081613600,San Mateo,89,4.64,2065,36.88,63.12,0.09,3.11,6.1,11.89,88.11,1.23,59.12,0.83,0.07,27.38,23.06,5.45,2314,56.95,18.93
Census Tract 6137.01; San Mateo County; California,3796,50.2,3796,2725,13,0,183,0,211,664,160417.0,110911.0,3773,120,1651,1417,1251,166,1417,24,0,,1630100.0,1749,996,0,51,26,602,33160.0,1879,1861,18,2761,775,711,216,107,585,3796,06,081,613701,06081613701,San Mateo,24,1.69,1071,28.21,71.79,0.34,4.82,3.18,11.71,88.29,0.0,56.95,2.92,1.49,34.42,18.96,0.96,1809,65.52,15.41
Census Tract 6137.02; San Mateo County; California,4278,43.4,4278,2098,31,0,114,0,986,1049,112609.0,58068.0,4278,395,1801,1596,758,838,1596,7,117,1534.0,1250000.0,2066,1471,20,0,74,246,50030.0,2337,2272,65,2937,798,285,70,109,921,4278,06,081,613702,06081613702,San Mateo,124,7.77,2180,50.96,49.04,0.72,2.66,9.23,52.51,47.49,0.97,71.2,0.0,3.58,11.91,24.22,2.78,1262,42.97,21.53
Census Tract 6138; San Mateo County; California,4356,45.6,4356,2655,0,0,201,0,565,935,222881.0,90290.0,4347,542,2201,1630,1155,475,1630,38,0,1162.0,1114800.0,2350,1346,0,0,72,575,60775.0,2437,2364,73,3395,605,764,183,220,1369,4356,06,081,613800,06081613800,San Mateo,38,2.33,1701,39.05,60.95,0.0,4.61,12.47,29.14,70.86,0.0,57.28,0.0,3.06,24.47,25.86,3.0,1772,52.19,31.43
Census Tract 6139; San Mateo County; California,5974,41.6,5974,3601,75,105,932,46,113,1102,238953.0,148581.0,5832,692,2110,1988,1273,715,1988,15,149,2573.0,2000001.0,2798,1126,74,265,93,1008,44965.0,3054,2870,184,4083,1195,1029,256,584,1355,5974,06,081,613900,06081613900,San Mateo,164,8.25,2373,39.72,60.28,1.26,15.6,11.87,35.97,64.03,2.64,40.24,9.47,3.32,36.03,16.07,6.02,3064,75.04,22.68
Census Tract 6140; San Mateo County; California,6299,41.4,6299,1892,138,24,2851,25,571,798,212067.0,75813.0,5856,145,2084,1901,1387,514,1901,0,15,3147.0,1582300.0,3396,2410,88,25,15,481,82000.0,3562,3446,116,4772,1975,664,133,206,2170,6299,06,081,614000,06081614000,San Mateo,15,0.79,4407,69.96,30.04,2.19,45.26,2.48,27.04,72.96,2.59,70.97,0.74,0.44,14.16,24.15,3.26,2978,62.41,34.45
Census Tract 9843; San Mateo County; California,0,,0,0,0,0,0,0,0,0,,,0,0,0,0,0,0,0,0,0,,,0,0,0,0,0,0,,0,0,0,0,0,0,0,0,0,0,06,081,984300,06081984300,San Mateo,0,,0,,,,,,,,,,,,,,,0,,
Census Tract 9901; San Mateo County; California,0,,0,0,0,0,0,0,0,0,,,0,0,0,0,0,0,0,0,0,,,0,0,0,0,0,0,,0,0,0,0,0,0,0,0,0,0,06,081,990100,06081990100,San Mateo,0,,0,,,,,,,,,,,,,,,0,,
Census Tract 5001; Santa Clara County; California,8285,34.5,8285,1235,592,466,2111,0,1147,2734,163061.0,68933.0,8285,501,3171,2987,906,2081,2987,24,121,3166.0,1007100.0,4833,2866,250,44,167,788,97890.0,5268,5127,141,5791,1446,806,23,190,3269,8285,06,085,500100,06085500100,Santa Clara,145,4.85,7050,85.09,14.91,7.15,25.48,6.05,69.67,30.33,5.17,59.3,0.91,3.46,16.3,20.25,2.68,2465,42.57,39.46
Census Tract 5002; Santa Clara County; California,5439,34.1,5439,1745,497,50,1048,32,1455,612,115541.0,56946.0,4279,657,2214,1854,526,1328,1854,0,171,2669.0,1148300.0,2557,1414,1,9,151,836,47300.0,2902,2672,230,4263,1022,399,24,158,1376,5439,06,085,500200,06085500200,Santa Clara,171,9.22,3694,67.92,32.08,9.14,19.27,15.35,71.63,28.37,0.04,55.3,0.35,5.91,32.69,18.5,7.93,1603,37.6,25.3
Census Tract 5003; Santa Clara County; California,4195,37.0,4195,1736,395,165,704,0,703,492,107431.0,80154.0,4184,401,2028,1872,568,1304,1872,0,51,2885.0,1095000.0,2637,1314,187,28,98,748,46395.0,2944,2701,243,3522,1473,433,103,167,1178,4195,06,085,500300,06085500300,Santa Clara,51,2.72,2459,58.62,41.38,9.42,16.78,9.58,69.66,30.34,7.09,49.83,1.06,3.72,28.37,17.59,8.25,2176,61.78,28.08
Census Tract 5004; Santa Clara County; California,2678,35.0,2678,1101,181,0,392,0,375,629,152973.0,89526.0,2674,64,1068,1034,440,594,1034,5,79,2381.0,1635000.0,1567,911,152,0,34,301,28280.0,1689,1603,71,1933,497,418,62,78,598,2678,06,085,500400,06085500400,Santa Clara,84,8.12,1577,58.89,41.11,6.76,14.64,2.39,57.45,42.55,9.7,58.14,0.0,2.17,19.21,18.05,4.2,1055,54.58,22.33
Census Tract 5005; Santa Clara County; California,5185,47.6,5185,3042,27,112,819,0,326,859,166514.0,107819.0,4936,173,2309,2108,1566,542,2108,198,45,2278.0,1644300.0,2740,1358,197,24,53,954,41800.0,3056,2839,217,4006,1398,739,139,281,1415,5185,06,085,500500,06085500500,Santa Clara,243,11.53,2143,41.33,58.67,0.52,15.8,3.5,25.71,74.29,7.19,49.56,0.88,1.93,34.82,15.26,7.1,2557,63.83,27.29
Census Tract 5006; Santa Clara County; California,5748,35.1,5748,1596,236,0,1300,0,983,1633,140045.0,71780.0,5748,520,2549,2263,646,1617,2263,0,259,2794.0,1737100.0,2963,1672,82,11,123,970,,3205,3041,164,4012,1194,829,342,85,1856,5748,06,085,500600,06085500600,Santa Clara,259,11.44,4152,72.23,27.77,4.11,22.62,9.05,71.45,28.55,2.77,56.43,0.37,4.15,32.74,,5.12,2450,61.07,32.29
Census Tract 5008; Santa Clara County; California,4834,32.0,4834,1660,405,265,1318,24,356,806,151357.0,102958.0,4834,528,3152,2476,450,2026,2476,13,391,2859.0,1054800.0,3351,1933,169,41,148,798,,3573,3463,110,4188,1779,589,93,102,1968,4834,06,085,500800,06085500800,Santa Clara,404,16.32,3174,65.66,34.34,8.38,27.27,10.92,81.83,18.17,5.04,57.68,1.22,4.42,23.81,,3.08,2563,61.2,40.71
Census Tract 5009.01; Santa Clara County; California,4298,28.5,4298,1276,460,42,1786,0,330,404,72112.0,66579.0,4287,1534,2540,2266,424,1842,2266,11,507,1987.0,928700.0,2422,870,170,33,410,830,,2637,2458,179,2741,793,728,39,24,1460,4298,06,085,500901,06085500901,Santa Clara,518,22.86,3022,70.31,29.69,10.7,41.55,35.78,81.29,18.71,7.02,35.92,1.36,16.93,34.27,,6.79,1584,57.79,33.97
Census Tract 5009.02; Santa Clara County; California,5377,20.0,5377,1210,457,44,2168,105,662,731,42955.0,10719.0,1828,932,648,580,0,580,580,0,65,1992.0,,1934,556,251,11,609,196,,2309,2044,265,916,216,24,0,0,1144,5377,06,085,500902,06085500902,Santa Clara,65,11.21,4167,77.5,22.5,8.5,40.32,50.98,100.0,0.0,12.98,28.75,0.57,31.49,10.13,,11.48,240,26.2,21.28
Census Tract 5010; Santa Clara County; California,4928,35.6,4928,1518,269,0,925,0,1018,1198,58775.0,46075.0,4928,956,2890,2518,229,2289,2518,0,681,1886.0,1027900.0,2554,1377,132,64,337,535,,2769,2670,99,3694,790,397,79,51,1984,4928,06,085,501000,06085501000,Santa Clara,681,27.05,3410,69.2,30.8,5.46,18.77,19.4,90.91,9.09,5.17,53.92,2.51,13.19,20.95,,3.58,1317,35.65,40.26
Census Tract 5011.01; Santa Clara County; California,3929,33.0,3929,879,214,64,997,0,463,1312,105138.0,69420.0,3918,897,2048,1886,449,1437,1886,37,197,2657.0,901900.0,2549,1536,70,35,84,427,,2843,2527,246,2796,899,455,39,58,962,3929,06,085,501101,06085501101,Santa Clara,234,12.41,3050,77.63,22.37,5.45,25.38,22.89,76.19,23.81,2.75,60.26,1.37,3.3,16.75,,8.65,1451,51.9,24.48
Census Tract 5011.02; Santa Clara County; California,4273,39.9,4273,829,47,20,574,0,850,1953,144609.0,53474.0,4273,390,1412,1313,700,613,1313,16,9,2736.0,1160300.0,2035,1232,87,13,46,403,36435.0,2126,2095,31,2880,565,219,33,61,1463,4273,06,085,501102,06085501102,Santa Clara,25,1.9,3444,80.6,19.4,1.1,13.43,9.13,46.69,53.31,4.28,60.54,0.64,2.26,19.8,17.9,1.46,878,30.49,34.24
Census Tract 5012; Santa Clara County; California,4163,30.1,4163,1331,138,0,664,0,1253,777,108913.0,48268.0,4112,554,1553,1466,585,881,1466,0,29,2068.0,995000.0,2492,1487,29,19,96,517,45650.0,2656,2568,81,2495,610,391,10,38,1160,4163,06,085,501200,06085501200,Santa Clara,29,1.98,2832,68.03,31.97,3.31,15.95,13.47,60.1,39.9,1.16,59.67,0.76,3.85,20.75,18.32,3.05,1049,42.04,27.86
Census Tract 5013; Santa Clara County; California,3932,31.1,3932,2144,199,47,697,7,378,460,145260.0,68340.0,3420,461,1296,1185,606,579,1185,7,148,2025.0,1474400.0,2209,1036,70,89,121,639,,2334,2260,74,2566,782,464,128,152,813,3932,06,085,501300,06085501300,Santa Clara,155,13.08,1788,45.47,54.53,5.06,17.73,13.48,48.86,51.14,3.17,46.9,4.03,5.48,28.93,,3.17,1526,59.47,20.68
Census Tract 5014.01; Santa Clara County; California,2902,34.9,2902,542,84,40,377,31,971,857,80216.0,30112.0,2890,228,899,828,184,644,828,5,113,2054.0,839300.0,1317,1035,14,0,0,76,28645.0,1387,1336,51,2006,262,33,43,6,1312,2902,06,085,501401,06085501401,Santa Clara,118,14.25,2360,81.32,18.68,2.89,12.99,7.89,77.78,22.22,1.06,78.59,0.0,0.0,5.77,21.75,3.68,344,17.15,45.21
Census Tract 5014.02; Santa Clara County; California,2703,41.9,2703,878,29,21,335,0,747,693,94491.0,36952.0,2679,413,872,823,394,429,823,3,47,2607.0,1045700.0,1313,898,12,0,4,115,31130.0,1436,1416,20,2096,268,115,6,8,1225,2703,06,085,501402,06085501402,Santa Clara,50,6.08,1825,67.52,32.48,1.07,12.39,15.42,52.13,47.87,0.91,68.39,0.0,0.3,8.76,23.71,1.39,397,18.94,45.32
Census Tract 5015.01; Santa Clara County; California,4403,37.3,4403,392,88,113,1463,21,1515,811,81859.0,35950.0,4280,383,1332,1322,549,773,1322,55,23,1839.0,767600.0,2106,1332,96,0,0,282,,2372,2234,138,2810,552,143,0,57,2271,4403,06,085,501501,06085501501,Santa Clara,78,5.9,4011,91.1,8.9,2.0,33.23,8.95,58.47,41.53,4.56,63.25,0.0,0.0,13.39,,5.82,752,26.76,51.58
Census Tract 5015.02; Santa Clara County; California,4350,32.3,4350,968,7,316,766,14,1410,869,111089.0,49983.0,4326,505,1301,1235,685,550,1235,117,0,2716.0,1055900.0,2187,1596,40,47,15,259,,2383,2314,69,2948,594,289,29,44,1781,4350,06,085,501502,06085501502,Santa Clara,117,9.47,3382,77.75,22.25,0.16,17.61,11.67,44.53,55.47,1.83,72.98,2.15,0.69,11.84,,2.9,956,32.43,40.94
Census Tract 5016.01; Santa Clara County; California,3558,29.5,3558,1237,27,87,569,27,985,626,120770.0,65723.0,3549,731,1574,1429,436,993,1429,0,138,2420.0,1037300.0,2427,1454,92,38,172,414,43670.0,2542,2450,92,2335,755,251,76,45,1072,3558,06,085,501601,06085501601,Santa Clara,138,9.66,2321,65.23,34.77,0.76,15.99,20.6,69.49,30.51,3.79,59.91,1.57,7.09,17.06,17.99,3.62,1127,48.27,30.13
Census Tract 5016.02; Santa Clara County; California,2911,30.9,2911,814,120,56,346,13,839,723,58466.0,36834.0,2842,738,1444,1197,94,1103,1197,50,175,1855.0,889700.0,1783,1008,76,0,249,64,35225.0,2007,1813,194,2025,292,121,40,10,627,2911,06,085,501602,06085501602,Santa Clara,225,18.8,2097,72.04,27.96,4.12,11.89,25.97,92.15,7.85,4.26,56.53,0.0,13.97,3.59,19.76,9.67,463,22.86,21.54
Census Tract 5017; Santa Clara County; California,4871,33.4,4871,988,91,54,273,0,2220,1245,94736.0,39586.0,4871,638,1710,1497,358,1139,1497,8,72,2395.0,984800.0,2701,1541,103,62,269,333,51465.0,2915,2763,152,3249,374,266,8,8,1904,4871,06,085,501700,06085501700,Santa Clara,80,5.34,3883,79.72,20.28,1.87,5.6,13.1,76.09,23.91,3.81,57.05,2.3,9.96,12.33,19.05,5.21,656,20.19,39.09
Census Tract 5018; Santa Clara County; California,4786,37.1,4786,2195,60,66,498,0,907,1060,142235.0,78737.0,4717,322,1848,1733,936,797,1733,48,8,2358.0,1393000.0,2681,1554,38,60,6,877,39410.0,2838,2778,60,3366,921,479,122,114,1064,4786,06,085,501800,06085501800,Santa Clara,56,3.23,2591,54.14,45.86,1.25,10.41,6.83,45.99,54.01,1.42,57.96,2.24,0.22,32.71,14.7,2.11,1636,48.6,22.23
Census Tract 5019.01; Santa Clara County; California,3126,33.5,3126,993,431,4,1055,3,291,349,147727.0,93041.0,3126,288,1677,1638,460,1178,1638,0,201,2748.0,1074000.0,2198,1303,98,63,43,641,,2283,2229,44,2645,925,604,65,126,1132,3126,06,085,501901,06085501901,Santa Clara,201,12.27,2133,68.23,31.77,13.79,33.75,9.21,71.92,28.08,4.46,59.28,2.87,1.96,29.16,,1.93,1720,65.03,36.21
Census Tract 5019.02; Santa Clara County; California,3619,34.1,3619,1097,106,67,991,0,759,599,151140.0,90700.0,3619,184,2002,1852,364,1488,1852,0,34,2723.0,885100.0,2430,1569,95,0,31,422,59545.0,2510,2430,80,2811,792,668,84,116,1568,3619,06,085,501902,06085501902,Santa Clara,34,1.84,2522,69.69,30.31,2.93,27.38,5.08,80.35,19.65,3.91,64.57,0.0,1.28,17.37,24.5,3.19,1660,59.05,43.33
Census Tract 5020.01; Santa Clara County; California,4956,35.3,4956,1697,109,378,728,0,669,1375,94794.0,60891.0,4931,659,2112,1945,900,1045,1945,49,191,2300.0,1091300.0,2629,1743,256,0,98,394,56280.0,2716,2682,34,3453,930,271,10,74,1455,4956,06,085,502001,06085502001,Santa Clara,240,12.34,3259,65.76,34.24,2.2,14.69,13.36,53.73,46.27,9.74,66.3,0.0,3.73,14.99,21.41,1.25,1285,37.21,29.36
Census Tract 5020.02; Santa Clara County; California,4985,32.1,4985,1202,141,57,586,0,1368,1631,117969.0,52615.0,4985,637,1903,1804,495,1309,1804,0,148,2557.0,1121100.0,2918,1555,191,6,0,488,56710.0,3141,2992,149,3190,733,350,46,91,2619,4985,06,085,502002,06085502002,Santa Clara,148,8.2,3783,75.89,24.11,2.83,11.76,12.78,72.56,27.44,6.55,53.29,0.21,0.0,16.72,19.43,4.74,1220,38.24,52.54
Census Tract 5021.01; Santa Clara County; California,5361,39.8,5361,2422,137,13,1402,17,567,803,144038.0,67050.0,5176,586,2210,2070,1289,781,2070,80,32,3039.0,1354300.0,2879,1930,34,13,32,597,59100.0,3001,2900,101,3984,1327,744,100,156,1362,5361,06,085,502101,06085502101,Santa Clara,112,5.41,2939,54.82,45.18,2.56,26.15,11.32,37.73,62.27,1.18,67.04,0.45,1.11,20.74,20.53,3.37,2327,58.41,25.41
Census Tract 5021.03; Santa Clara County; California,4225,37.0,4225,991,305,0,749,0,1314,866,91591.0,43958.0,4199,738,1675,1656,414,1242,1656,12,52,2152.0,1339300.0,2462,1826,68,12,10,280,49030.0,2714,2557,157,3263,528,202,102,106,1998,4225,06,085,502103,06085502103,Santa Clara,64,3.86,3234,76.54,23.46,7.22,17.73,17.58,75.0,25.0,2.76,74.17,0.49,0.41,11.37,19.91,5.78,938,28.75,47.29
Census Tract 5021.04; Santa Clara County; California,2459,37.7,2459,703,60,47,686,11,557,395,102105.0,64026.0,2315,223,1051,998,310,688,998,0,22,2909.0,1163700.0,1309,833,58,21,57,246,,1398,1314,84,1810,486,274,68,11,841,2459,06,085,502104,06085502104,Santa Clara,22,2.2,1756,71.41,28.59,2.44,27.9,9.63,68.94,31.06,4.43,63.64,1.6,4.35,18.79,,6.01,839,46.35,34.2
Census Tract 5022.02; Santa Clara County; California,3150,42.6,3150,1665,150,0,460,92,444,339,113958.0,80102.0,3008,296,1468,1434,694,740,1434,22,47,2904.0,1113500.0,1846,1258,149,5,0,396,35840.0,1861,1852,9,2487,814,393,113,47,819,3150,06,085,502202,06085502202,Santa Clara,69,4.81,1485,47.14,52.86,4.76,14.6,9.84,51.6,48.4,8.07,68.15,0.27,0.0,21.45,19.41,0.48,1367,54.97,26.0
Census Tract 5022.03; Santa Clara County; California,3875,37.8,3875,1331,116,8,940,1,811,668,125750.0,74025.0,3821,484,1929,1802,616,1186,1802,7,97,2546.0,918900.0,2384,1586,49,9,127,413,41645.0,2509,2447,62,3305,812,543,62,98,1527,3875,06,085,502203,06085502203,Santa Clara,104,5.77,2544,65.65,34.35,2.99,24.26,12.67,65.82,34.18,2.06,66.53,0.38,5.33,17.32,17.47,2.47,1515,45.84,39.41
Census Tract 5022.04; Santa Clara County; California,3394,31.1,3394,1140,220,10,502,0,1123,399,68508.0,27781.0,3394,651,1218,1149,0,1149,1149,0,161,2293.0,,1585,1070,47,137,40,46,,1734,1614,120,2068,444,304,28,35,1852,3394,06,085,502204,06085502204,Santa Clara,161,14.01,2254,66.41,33.59,6.48,14.79,19.18,100.0,0.0,2.97,67.51,8.64,2.52,2.9,,6.92,811,39.22,54.57
Census Tract 5023.01; Santa Clara County; California,3021,38.1,3021,1647,59,49,400,0,469,397,177692.0,112756.0,3021,77,1263,1140,701,439,1140,23,0,2372.0,2000001.0,1730,923,105,41,41,460,33980.0,1797,1755,42,2186,750,433,110,161,845,3021,06,085,502301,06085502301,Santa Clara,23,2.02,1374,45.48,54.52,1.95,13.24,2.55,38.51,61.49,6.07,53.35,2.37,2.37,26.59,19.64,2.34,1454,66.51,27.97
Census Tract 5023.02; Santa Clara County; California,3261,35.5,3261,1477,79,14,373,0,188,1130,127175.0,87770.0,3261,54,1342,1325,450,875,1325,18,38,2308.0,1944400.0,1865,1250,0,12,59,419,31030.0,2025,2011,14,2512,703,425,96,83,941,3261,06,085,502302,06085502302,Santa Clara,56,4.23,1784,54.71,45.29,2.42,11.44,1.66,66.04,33.96,0.0,67.02,0.64,3.16,22.47,16.64,0.69,1307,52.03,28.86
Census Tract 5024; Santa Clara County; California,7107,43.9,7107,4604,63,23,670,0,704,1043,222311.0,121599.0,7107,485,2848,2677,1899,778,2677,25,32,2871.0,2000001.0,3553,2024,80,14,58,1229,57080.0,3762,3646,116,5275,1972,1019,380,106,1176,7107,06,085,502400,06085502400,Santa Clara,57,2.13,2503,35.22,64.78,0.89,9.43,6.82,29.06,70.94,2.25,56.97,0.39,1.63,34.59,16.07,3.08,3477,65.91,16.55
Census Tract 5025; Santa Clara County; California,6748,40.7,6748,3883,164,10,1004,0,449,1238,225694.0,126017.0,6684,310,2637,2479,1998,481,2479,17,0,3207.0,1950800.0,3349,1857,74,116,35,991,61190.0,3673,3519,154,4792,1215,1075,360,375,1561,6748,06,085,502500,06085502500,Santa Clara,17,0.69,2865,42.46,57.54,2.43,14.88,4.64,19.4,80.6,2.21,55.45,3.46,1.05,29.59,18.27,4.19,3025,63.13,23.13
Census Tract 5026.01; Santa Clara County; California,3329,50.0,3329,1695,60,11,441,9,99,1014,193125.0,130253.0,3322,113,1450,1397,903,494,1397,30,149,3501.0,2000001.0,1534,1034,10,0,50,394,28580.0,1636,1534,102,2525,834,505,151,115,856,3329,06,085,502601,06085502601,Santa Clara,179,12.81,1634,49.08,50.92,1.8,13.25,3.4,35.36,64.64,0.65,67.41,0.0,3.26,25.68,18.63,6.23,1605,63.56,25.71
Census Tract 5026.03; Santa Clara County; California,2816,42.9,2816,1852,27,0,463,4,56,414,206125.0,109420.0,2815,202,1096,1067,849,218,1067,0,28,2315.0,2000001.0,1434,807,23,0,20,506,15810.0,1505,1449,56,2042,989,442,110,70,606,2816,06,085,502603,06085502603,Santa Clara,28,2.62,964,34.23,65.77,0.96,16.44,7.18,20.43,79.57,1.6,56.28,0.0,1.39,35.29,11.03,3.72,1611,78.89,21.52
Census Tract 5026.04; Santa Clara County; California,4112,35.7,4112,1978,254,14,718,0,431,717,110581.0,82956.0,4112,197,2348,2079,590,1489,2079,0,47,2688.0,806300.0,2694,1680,57,72,16,574,50950.0,2879,2789,90,3177,876,678,69,104,976,4112,06,085,502604,06085502604,Santa Clara,47,2.26,2134,51.9,48.1,6.18,17.46,4.79,71.62,28.38,2.12,62.36,2.67,0.59,21.31,18.91,3.13,1727,54.36,23.74
Census Tract 5027.01; Santa Clara County; California,5691,37.7,5691,2471,128,22,1443,22,507,1098,133658.0,78134.0,5678,419,2253,2123,1063,1060,2123,36,36,2383.0,1703200.0,2771,1968,37,0,40,596,55025.0,2996,2818,178,3867,910,716,230,110,1348,5691,06,085,502701,06085502701,Santa Clara,72,3.39,3220,56.58,43.42,2.25,25.36,7.38,49.93,50.07,1.34,71.02,0.0,1.44,21.51,19.86,5.94,1966,50.84,23.69
Census Tract 5027.03; Santa Clara County; California,4296,41.7,4296,1743,147,11,1506,160,259,470,145541.0,83370.0,4213,455,1856,1688,974,714,1688,0,27,2887.0,1315500.0,2289,1367,21,13,35,705,,2425,2296,129,3084,1063,564,89,138,1625,4296,06,085,502703,06085502703,Santa Clara,27,1.6,2553,59.43,40.57,3.42,35.06,10.8,42.3,57.7,0.92,59.72,0.57,1.53,30.8,,5.32,1854,60.12,37.83
Census Tract 5027.04; Santa Clara County; California,4265,45.1,4265,1597,206,8,1993,9,21,431,183214.0,84354.0,4226,111,1577,1552,1011,541,1552,0,69,2773.0,1978100.0,2089,1322,9,21,11,656,34765.0,2155,2104,51,3170,1013,937,132,104,1710,4265,06,085,502704,06085502704,Santa Clara,69,4.45,2668,62.56,37.44,4.83,46.73,2.63,34.86,65.14,0.43,63.28,1.01,0.53,31.4,16.64,2.37,2186,68.96,40.09
Census Tract 5028; Santa Clara County; California,4236,42.9,4236,1927,20,85,1232,22,240,710,185962.0,88868.0,4180,358,1470,1434,1077,357,1434,26,0,3142.0,1713000.0,2090,1604,9,8,32,316,51140.0,2223,2140,83,2989,757,532,137,86,1132,4236,06,085,502800,06085502800,Santa Clara,26,1.81,2309,54.51,45.49,0.47,29.08,8.56,24.9,75.1,0.43,76.75,0.38,1.53,15.12,24.47,3.73,1512,50.59,26.72
Census Tract 5029.01; Santa Clara County; California,6044,40.0,6044,3070,177,79,1024,0,949,745,135846.0,72375.0,6038,484,2329,2210,1314,896,2210,0,101,2540.0,1510400.0,3270,1842,91,17,127,959,62665.0,3680,3389,291,4285,1073,924,57,73,1856,6044,06,085,502901,06085502901,Santa Clara,101,4.57,2974,49.21,50.79,2.93,16.94,8.02,40.54,59.46,2.78,56.33,0.52,3.88,29.33,19.16,7.91,2127,49.64,30.71
Census Tract 5029.02; Santa Clara County; California,9050,40.6,9050,5880,16,28,1859,0,167,1100,207614.0,87752.0,9036,211,3105,2991,2544,447,2991,94,0,3501.0,1625900.0,4339,2616,13,0,0,1334,84930.0,4684,4478,206,5743,1970,1412,284,323,2235,9050,06,085,502902,06085502902,Santa Clara,94,3.14,3170,35.03,64.97,0.18,20.54,2.34,14.94,85.06,0.3,60.29,0.0,0.0,30.74,19.57,4.4,3989,69.46,24.7
Census Tract 5029.03; Santa Clara County; California,5318,41.9,5318,2921,19,64,1300,0,243,771,250001.0,116806.0,5309,129,1997,1913,1701,212,1913,38,0,3501.0,1760700.0,2694,1442,0,14,0,995,55380.0,2934,2785,149,3805,1577,1007,93,120,1284,5318,06,085,502903,06085502903,Santa Clara,38,1.99,2397,45.07,54.93,0.36,24.45,2.43,11.08,88.92,0.0,53.53,0.52,0.0,36.93,20.56,5.08,2797,73.51,24.14
Census Tract 5029.06; Santa Clara County; California,5021,36.9,5021,2516,70,12,1232,129,322,740,126438.0,68541.0,5002,337,1713,1657,953,704,1657,0,43,2863.0,1540400.0,2548,1474,72,0,14,578,61125.0,2661,2606,55,3477,921,595,96,71,1856,5021,06,085,502906,06085502906,Santa Clara,43,2.6,2505,49.89,50.11,1.39,24.54,6.74,42.49,57.51,2.83,57.85,0.0,0.55,22.68,23.99,2.07,1683,48.4,36.96
Census Tract 5029.07; Santa Clara County; California,3822,41.8,3822,1997,147,1,866,0,82,729,213056.0,92880.0,3817,222,1374,1338,1061,277,1338,11,0,3501.0,1588700.0,2016,1263,15,0,35,502,52275.0,2153,2033,120,2875,1081,508,45,78,1013,3822,06,085,502907,06085502907,Santa Clara,11,0.82,1825,47.75,52.25,3.85,22.66,5.82,20.7,79.3,0.74,62.65,0.0,1.74,24.9,25.93,5.57,1712,59.55,26.5
Census Tract 5029.08; Santa Clara County; California,6561,38.7,6561,2904,4,94,2023,0,95,1441,166382.0,81665.0,6539,245,2283,2235,1661,574,2235,58,0,2153.0,1592700.0,3283,2296,30,0,17,756,79355.0,3442,3326,116,4544,1315,916,94,330,2406,6561,06,085,502908,06085502908,Santa Clara,58,2.6,3657,55.74,44.26,0.06,30.83,3.75,25.68,74.32,0.91,69.94,0.0,0.52,23.03,24.17,3.37,2655,58.43,36.67
Census Tract 5029.09; Santa Clara County; California,4812,41.6,4812,2432,79,0,710,0,804,787,101607.0,63073.0,4812,279,2155,2012,948,1064,2012,11,41,2422.0,1254500.0,2420,1496,51,8,41,704,58395.0,2649,2449,200,3481,1231,357,42,110,1407,4812,06,085,502909,06085502909,Santa Clara,52,2.58,2380,49.46,50.54,1.64,14.75,5.8,52.88,47.12,2.11,61.82,0.33,1.69,29.09,24.13,7.55,1740,49.99,29.24
Census Tract 5029.10; Santa Clara County; California,3785,35.3,3785,1486,13,57,576,0,550,1103,110091.0,66397.0,3785,441,1525,1450,642,808,1450,0,100,2305.0,1331900.0,1971,1256,54,0,177,411,41585.0,2128,2068,60,2417,566,348,52,113,979,3785,06,085,502910,06085502910,Santa Clara,100,6.9,2299,60.74,39.26,0.34,15.22,11.65,55.72,44.28,2.74,63.72,0.0,8.98,20.85,21.1,2.82,1079,44.64,25.87
Census Tract 5030.01; Santa Clara County; California,4430,46.5,4430,3099,0,10,671,4,126,520,148750.0,101702.0,4341,141,1716,1642,1365,277,1642,0,0,3501.0,1778400.0,1735,948,48,12,13,665,,1857,1809,48,3099,1124,585,233,33,554,4430,06,085,503001,06085503001,Santa Clara,0,0.0,1331,30.05,69.95,0.0,15.15,3.25,16.87,83.13,2.77,54.64,0.69,0.75,38.33,,2.58,1975,63.73,12.51
Census Tract 5030.02; Santa Clara County; California,3635,44.0,3635,1742,64,1,597,27,205,999,139863.0,86839.0,3471,151,1375,1304,912,392,1304,71,63,2319.0,1650000.0,1852,1306,10,0,0,427,,1972,1761,63,2612,870,390,82,33,566,3635,06,085,503002,06085503002,Santa Clara,134,10.28,1893,52.08,47.92,1.76,16.42,4.35,30.06,69.94,0.54,70.52,0.0,0.0,23.06,,3.19,1375,52.64,15.57
Census Tract 5030.03; Santa Clara County; California,5027,39.3,5027,2691,4,26,1449,0,255,602,207000.0,94058.0,5027,129,1877,1788,1572,216,1788,35,0,3501.0,1560500.0,2532,1350,101,0,0,945,50820.0,2798,2583,215,3664,1177,888,70,150,1257,5027,06,085,503003,06085503003,Santa Clara,35,1.96,2336,46.47,53.53,0.08,28.82,2.57,12.08,87.92,3.99,53.32,0.0,0.0,37.32,20.07,7.68,2285,62.36,25.0
Census Tract 5031.05; Santa Clara County; California,2012,41.2,2012,309,1,0,1249,0,295,158,61838.0,43715.0,2007,400,760,713,225,488,713,7,106,1625.0,932400.0,977,670,16,0,48,141,,1010,990,20,1521,257,79,16,30,1057,2012,06,085,503105,06085503105,Santa Clara,113,15.85,1703,84.64,15.36,0.05,62.08,19.93,68.44,31.56,1.64,68.58,0.0,4.91,14.43,,1.98,382,25.12,52.53
Census Tract 5031.10; Santa Clara County; California,3617,31.3,3617,169,193,119,908,0,1180,1048,77353.0,26483.0,3539,502,952,926,274,652,926,15,26,1892.0,717200.0,1661,994,67,0,136,56,37900.0,1870,1805,65,2102,257,27,33,4,1767,3617,06,085,503110,06085503110,Santa Clara,41,4.43,3448,95.33,4.67,5.34,25.1,14.18,70.41,29.59,4.03,59.84,0.0,8.19,3.37,22.82,3.48,321,15.27,48.85
Census Tract 5031.11; Santa Clara County; California,5418,38.1,5418,200,158,121,2184,0,1563,1192,133628.0,34078.0,5402,378,1199,1123,682,441,1123,14,0,3221.0,885100.0,2284,1660,10,0,0,98,60570.0,2589,2429,160,3604,706,120,47,68,3299,5418,06,085,503111,06085503111,Santa Clara,14,1.25,5218,96.31,3.69,2.92,40.31,7.0,39.27,60.73,0.44,72.68,0.0,0.0,4.29,26.52,6.18,941,26.11,60.89
Census Tract 5031.12; Santa Clara County; California,3978,40.9,3978,784,330,187,978,0,838,861,76156.0,35551.0,3968,862,1557,1521,451,1070,1521,0,242,2110.0,880100.0,1840,1242,18,0,159,228,,2297,1962,335,2896,464,146,81,47,1441,3978,06,085,503112,06085503112,Santa Clara,242,15.91,3194,80.29,19.71,8.3,24.59,21.72,70.35,29.65,0.98,67.5,0.0,8.64,12.39,,14.58,738,25.48,36.22
Census Tract 5031.13; Santa Clara County; California,4028,35.9,4028,864,48,53,351,0,1963,749,95625.0,44893.0,4028,186,1337,1308,486,822,1308,21,150,2048.0,1065000.0,2237,1361,43,61,0,295,59800.0,2343,2274,69,3017,600,96,36,13,1541,4028,06,085,503113,06085503113,Santa Clara,171,13.07,3164,78.55,21.45,1.19,8.71,4.62,62.84,37.16,1.92,60.84,2.73,0.0,13.19,26.73,2.94,745,24.69,38.26
Census Tract 5031.16; Santa Clara County; California,6396,40.9,6396,2174,525,13,2082,0,920,682,109509.0,54184.0,6385,506,2407,2349,1359,990,2349,11,159,3138.0,363100.0,3210,2232,43,0,119,423,71355.0,3406,3281,125,4727,1059,624,110,87,2220,6396,06,085,503116,06085503116,Santa Clara,170,7.24,4222,66.01,33.99,8.21,32.55,7.92,42.15,57.85,1.34,69.53,0.0,3.71,13.18,22.23,3.67,1880,39.77,34.71
Census Tract 5031.17; Santa Clara County; California,2602,38.3,2602,75,7,9,1085,0,969,457,79205.0,30252.0,2590,264,693,665,208,457,665,10,59,2247.0,834700.0,1111,770,38,0,16,58,,1270,1134,136,1705,259,17,0,6,1450,2602,06,085,503117,06085503117,Santa Clara,69,10.38,2527,97.12,2.88,0.27,41.7,10.19,68.72,31.28,3.42,69.31,0.0,1.44,5.22,,10.71,282,16.54,55.73
Census Tract 5031.18; Santa Clara County; California,4955,35.2,4955,409,202,0,1215,205,2311,613,98527.0,38316.0,4781,333,1558,1458,559,899,1458,0,0,2770.0,742900.0,2863,1771,54,0,42,146,79740.0,3208,3007,201,3422,493,175,61,21,2400,4955,06,085,503118,06085503118,Santa Clara,0,0.0,4546,91.75,8.25,4.08,24.52,6.97,61.66,38.34,1.89,61.86,0.0,1.47,5.1,27.85,6.27,750,21.92,48.44
Census Tract 5031.21; Santa Clara County; California,5073,35.7,5073,399,382,176,863,0,1867,1386,92607.0,33660.0,5047,673,1556,1429,501,928,1429,28,83,1768.0,691200.0,2248,1524,99,0,0,84,,2445,2311,134,3369,618,300,14,24,1820,5073,06,085,503121,06085503121,Santa Clara,111,7.77,4674,92.13,7.87,7.53,17.01,13.33,64.94,35.06,4.4,67.79,0.0,0.0,3.74,,5.48,956,28.38,35.88
Census Tract 5031.22; Santa Clara County; California,3345,41.9,3345,335,29,8,1801,0,643,529,46371.0,23690.0,3345,684,1285,1234,369,865,1234,56,335,986.0,234200.0,1407,974,51,66,19,124,31320.0,1546,1424,122,2292,369,65,15,0,1961,3345,06,085,503122,06085503122,Santa Clara,391,31.69,3010,89.99,10.01,0.87,53.84,20.45,70.1,29.9,3.62,69.23,4.69,1.35,8.81,22.26,7.89,449,19.59,58.62
Census Tract 5031.23; Santa Clara County; California,3872,38.5,3872,818,283,71,646,0,622,1432,65525.0,41417.0,3872,493,1731,1635,505,1130,1635,13,194,2064.0,174600.0,1745,1284,125,8,44,194,39990.0,2005,1892,113,2779,258,373,15,35,1440,3872,06,085,503123,06085503123,Santa Clara,207,12.66,3054,78.87,21.13,7.31,16.68,12.73,69.11,30.89,7.16,73.58,0.46,2.52,11.12,22.92,5.64,681,24.51,37.19
Census Tract 5031.24; Santa Clara County; California,6075,34.4,6075,1178,588,49,1832,7,1474,947,124229.0,45687.0,6042,943,1855,1727,513,1214,1727,0,32,1983.0,1050300.0,2770,2256,81,13,13,188,,3090,2994,96,3862,594,334,28,48,2632,6075,06,085,503124,06085503124,Santa Clara,32,1.85,4897,80.61,19.39,9.68,30.16,15.61,70.3,29.7,2.92,81.44,0.47,0.47,6.79,,3.11,1004,26.0,43.33
Census Tract 5031.25; Santa Clara County; California,4082,35.0,4082,1775,104,9,1220,0,195,779,160833.0,75750.0,4082,388,1499,1482,602,880,1482,19,50,3482.0,1506900.0,2054,1375,80,0,0,496,41620.0,2252,2188,64,2666,925,508,116,159,1280,4082,06,085,503125,06085503125,Santa Clara,69,4.66,2307,56.52,43.48,2.55,29.89,9.51,59.38,40.62,3.89,66.94,0.0,0.0,24.15,20.26,2.84,1708,64.07,31.36
Census Tract 5031.26; Santa Clara County; California,3964,34.2,3964,1077,546,20,1728,0,98,495,178929.0,69641.0,3964,466,1476,1354,813,541,1354,37,59,3501.0,791000.0,2011,1224,29,0,11,634,39665.0,2112,2063,49,2590,655,423,91,37,1579,3964,06,085,503126,06085503126,Santa Clara,96,7.09,2887,72.83,27.17,13.77,43.59,11.76,39.96,60.04,1.44,60.87,0.0,0.55,31.53,19.72,2.32,1206,46.56,39.83
Census Tract 5031.27; Santa Clara County; California,5300,34.9,5300,1241,392,18,2891,0,93,665,191908.0,100966.0,5300,392,2364,2293,1823,470,2293,67,0,3470.0,966100.0,3588,2295,146,0,0,1022,,3692,3658,34,4230,1250,1382,187,244,2709,5300,06,085,503127,06085503127,Santa Clara,67,2.92,4059,76.58,23.42,7.4,54.55,7.4,20.5,79.5,4.07,63.96,0.0,0.0,28.48,,0.92,3063,72.41,51.11
Census Tract 5032.07; Santa Clara County; California,3446,48.3,3446,396,177,0,2425,0,183,265,145278.0,46503.0,3446,325,934,934,772,162,934,19,0,3263.0,1130400.0,1642,875,18,0,0,324,,1774,1663,111,2574,638,259,6,2,1770,3446,06,085,503207,06085503207,Santa Clara,19,2.03,3050,88.51,11.49,5.14,70.37,9.43,17.34,82.66,1.1,53.29,0.0,0.0,19.73,,6.26,905,35.16,51.36
Census Tract 5032.08; Santa Clara County; California,3182,34.9,3182,539,18,36,1115,0,536,938,163558.0,39610.0,3122,530,725,709,531,178,709,0,10,3501.0,963300.0,1754,1163,25,0,0,95,,1864,1801,63,2037,287,98,10,6,1316,3182,06,085,503208,06085503208,Santa Clara,10,1.41,2643,83.06,16.94,0.57,35.04,16.98,25.11,74.89,1.43,66.31,0.0,0.0,5.42,,3.38,401,19.69,41.36
Census Tract 5032.10; Santa Clara County; California,4067,41.7,4067,357,209,107,2191,0,516,687,120729.0,40655.0,4063,121,1009,947,646,301,947,12,7,2039.0,975400.0,2187,1709,21,0,0,97,,2280,2257,23,2933,488,115,0,15,2246,4067,06,085,503210,06085503210,Santa Clara,19,2.01,3710,91.22,8.78,5.14,53.87,2.98,31.78,68.22,0.96,78.14,0.0,0.0,4.44,,1.01,618,21.07,55.22
Census Tract 5032.11; Santa Clara County; California,4651,43.2,4651,480,104,79,2525,32,789,642,104677.0,36021.0,4646,401,1214,1180,964,216,1180,19,7,3501.0,1033800.0,2119,1467,20,0,8,202,60765.0,2303,2158,145,3298,651,80,19,4,1967,4651,06,085,503211,06085503211,Santa Clara,26,2.2,4171,89.68,10.32,2.24,54.29,8.63,18.31,81.69,0.94,69.23,0.0,0.38,9.53,28.68,6.3,754,22.86,42.29
Census Tract 5032.12; Santa Clara County; California,4226,43.5,4226,273,14,164,2734,63,647,331,128750.0,37603.0,4214,267,1015,1015,778,237,1015,52,11,3501.0,1099500.0,2031,1371,117,7,0,246,62945.0,2443,2193,250,3102,585,99,38,29,2155,4226,06,085,503212,06085503212,Santa Clara,63,6.21,3953,93.54,6.46,0.33,64.69,6.34,23.35,76.65,5.76,67.5,0.34,0.0,12.11,30.99,10.23,751,24.21,50.99
Census Tract 5032.13; Santa Clara County; California,4920,33.9,4920,244,35,49,3214,31,509,838,72174.0,23941.0,4900,781,1368,1282,667,615,1282,46,50,2219.0,341800.0,2061,1506,0,0,3,193,51460.0,2331,2218,113,3101,495,160,4,7,2324,4920,06,085,503213,06085503213,Santa Clara,96,7.49,4676,95.04,4.96,0.71,65.33,15.94,47.97,52.03,0.0,73.07,0.0,0.15,9.36,24.97,4.85,666,21.48,47.24
Census Tract 5032.17; Santa Clara County; California,3669,32.3,3669,340,14,272,865,8,868,1302,81786.0,28083.0,3669,200,991,954,610,344,954,12,40,2726.0,804700.0,1788,1073,111,0,0,152,50965.0,2063,1912,151,2266,369,0,0,36,1605,3669,06,085,503217,06085503217,Santa Clara,52,5.45,3329,90.73,9.27,0.38,23.58,5.45,36.06,63.94,6.21,60.01,0.0,0.0,8.5,28.5,7.32,405,17.87,43.74
Census Tract 5032.18; Santa Clara County; California,4227,37.4,4227,280,78,146,726,19,1322,1656,53036.0,24618.0,4227,500,1084,1022,319,703,1022,30,171,1575.0,888900.0,1742,1207,63,0,28,117,45045.0,2020,1827,193,2680,128,0,14,7,1976,4227,06,085,503218,06085503218,Santa Clara,201,19.67,3947,93.38,6.62,1.85,17.18,11.83,68.79,31.21,3.62,69.29,0.0,1.61,6.72,25.86,9.55,149,5.56,46.75
Census Tract 5032.19; Santa Clara County; California,2738,38.6,2738,213,264,0,1069,0,166,1026,60451.0,31040.0,2687,152,802,802,389,413,802,20,15,2041.0,768600.0,1153,823,15,0,0,53,30670.0,1381,1193,188,1883,329,108,0,18,1364,2738,06,085,503219,06085503219,Santa Clara,35,4.36,2525,92.22,7.78,9.64,39.04,5.66,51.5,48.5,1.3,71.38,0.0,0.0,4.6,26.6,13.61,455,24.16,49.82
Census Tract 5032.20; Santa Clara County; California,4691,38.4,4691,350,93,182,1848,0,644,1574,96705.0,32272.0,4690,311,1397,1369,971,398,1369,21,67,1575.0,717500.0,2029,1309,81,0,0,198,50965.0,2328,2209,119,3328,553,144,65,0,2094,4691,06,085,503220,06085503220,Santa Clara,88,6.43,4341,92.54,7.46,1.98,39.39,6.63,29.07,70.93,3.99,64.51,0.0,0.0,9.76,25.12,5.11,762,22.9,44.64
Census Tract 5032.21; Santa Clara County; California,2433,44.6,2433,118,15,0,1729,6,468,97,49323.0,31718.0,2383,553,830,805,342,463,805,24,167,1125.0,789700.0,1101,852,35,0,0,33,,1246,1147,99,1851,341,97,18,0,1529,2433,06,085,503221,06085503221,Santa Clara,191,23.73,2315,95.15,4.85,0.62,71.06,23.21,57.52,42.48,3.18,77.38,0.0,0.0,3.0,,7.95,456,24.64,62.84
Census Tract 5032.22; Santa Clara County; California,5434,35.6,5434,115,0,58,2242,0,1710,1309,122526.0,33889.0,5434,243,1523,1479,997,482,1479,35,137,1780.0,220400.0,2871,1715,185,0,39,246,72615.0,3263,3063,200,3355,610,212,18,14,2895,5434,06,085,503222,06085503222,Santa Clara,172,11.63,5319,97.88,2.12,0.0,41.26,4.47,32.59,67.41,6.44,59.74,0.0,1.36,8.57,25.29,6.13,854,25.45,53.28
Census Tract 5033.04; Santa Clara County; California,6566,47.1,6566,513,143,333,3752,0,1316,509,101039.0,32870.0,6390,599,1821,1755,1006,749,1755,0,96,2172.0,817600.0,3213,2132,131,8,26,353,83240.0,3478,3383,95,4769,765,211,17,39,3621,6566,06,085,503304,06085503304,Santa Clara,96,5.47,6053,92.19,7.81,2.18,57.14,9.37,42.68,57.32,4.08,66.36,0.25,0.81,10.99,25.91,2.73,1032,21.64,55.15
Census Tract 5033.05; Santa Clara County; California,5874,38.9,5874,352,70,254,3232,0,1022,944,103000.0,36228.0,5795,790,1482,1482,937,545,1482,41,173,2958.0,959700.0,2629,1707,109,0,0,257,72005.0,2846,2673,173,4031,971,105,14,0,3045,5874,06,085,503305,06085503305,Santa Clara,214,14.44,5522,94.01,5.99,1.19,55.02,13.63,36.77,63.23,4.15,64.93,0.0,0.0,9.78,27.39,6.08,1090,27.04,51.84
Census Tract 5033.06; Santa Clara County; California,3852,40.4,3852,232,10,20,1931,0,1061,598,119091.0,32886.0,3852,399,853,822,679,143,822,65,0,3000.0,796800.0,1919,1435,55,0,44,123,43635.0,2118,1972,146,2831,322,83,4,26,2060,3852,06,085,503306,06085503306,Santa Clara,65,7.91,3620,93.98,6.02,0.26,50.13,10.36,17.4,82.6,2.87,74.78,0.0,2.29,6.41,22.74,6.89,435,15.37,53.48
Census Tract 5033.12; Santa Clara County; California,3550,39.2,3550,751,469,0,1133,0,591,606,176607.0,67514.0,3529,130,1174,1099,861,238,1099,29,0,2932.0,1266200.0,1576,1302,6,0,0,182,,1830,1704,126,2407,649,365,32,43,1167,3550,06,085,503312,06085503312,Santa Clara,29,2.64,2799,78.85,21.15,13.21,31.92,3.68,21.66,78.34,0.38,82.61,0.0,0.0,11.55,,6.89,1089,45.24,32.87
Census Tract 5033.13; Santa Clara County; California,4449,43.1,4449,636,75,0,3151,18,176,393,250001.0,72990.0,4433,537,1270,1270,1165,105,1270,15,0,,1675400.0,2218,1349,43,0,0,407,,2304,2218,86,3003,987,456,71,29,2123,4449,06,085,503313,06085503313,Santa Clara,15,1.18,3813,85.7,14.3,1.69,70.82,12.11,8.27,91.73,1.94,60.82,0.0,0.0,18.35,,3.73,1543,51.38,47.72
Census Tract 5033.15; Santa Clara County; California,7822,39.0,7822,1003,140,20,4832,39,789,999,152083.0,47725.0,7771,536,2165,2144,1273,871,2144,67,71,3232.0,978200.0,3867,2348,53,0,0,611,95120.0,4313,4046,267,5276,1209,217,59,71,4163,7822,06,085,503315,06085503315,Santa Clara,138,6.44,6819,87.18,12.82,1.79,61.77,6.9,40.62,59.38,1.37,60.72,0.0,0.0,15.8,24.6,6.19,1556,29.49,53.22
Census Tract 5033.21; Santa Clara County; California,4351,41.2,4351,333,5,207,3244,0,388,174,152238.0,52563.0,4342,109,1094,1089,1014,75,1089,112,11,3501.0,1349400.0,2168,1367,12,0,20,479,,2296,2265,31,3522,896,227,12,69,1707,4351,06,085,503321,06085503321,Santa Clara,123,11.29,4018,92.35,7.65,0.11,74.56,2.51,6.89,93.11,0.55,63.05,0.0,0.92,22.09,,1.35,1204,34.19,39.23
Census Tract 5033.22; Santa Clara County; California,4506,42.3,4506,555,126,103,2188,0,849,685,151250.0,47455.0,4506,201,1132,1132,823,309,1132,18,0,2716.0,1157300.0,2445,1649,45,0,14,232,68650.0,2839,2713,126,3412,754,159,23,12,2249,4506,06,085,503322,06085503322,Santa Clara,18,1.59,3951,87.68,12.32,2.8,48.56,4.46,27.3,72.7,1.84,67.44,0.0,0.57,9.49,28.08,4.44,948,27.78,49.91
Census Tract 5033.23; Santa Clara County; California,3809,44.1,3809,351,35,0,2360,0,397,666,169484.0,54125.0,3801,189,1052,1008,884,124,1008,9,39,,1132700.0,1775,1380,11,0,0,178,57155.0,1922,1842,80,2588,701,186,41,72,1767,3809,06,085,503323,06085503323,Santa Clara,48,4.76,3458,90.78,9.22,0.92,61.96,4.97,12.3,87.7,0.62,77.75,0.0,0.0,10.03,32.2,4.16,1000,38.64,46.39
Census Tract 5033.24; Santa Clara County; California,3333,43.2,3333,246,65,16,2491,6,16,493,170399.0,58024.0,3333,101,928,923,762,161,923,6,2,2474.0,1439700.0,1560,939,10,9,0,452,34710.0,1793,1709,84,2418,743,392,52,12,1629,3333,06,085,503324,06085503324,Santa Clara,8,0.87,3087,92.62,7.38,1.95,74.74,3.03,17.44,82.56,0.64,60.19,0.58,0.0,28.97,22.25,4.68,1199,49.59,48.87
Census Tract 5033.25; Santa Clara County; California,4478,40.4,4478,421,0,117,3187,0,135,618,145991.0,45203.0,4426,653,1146,1130,840,290,1130,9,0,2120.0,1184400.0,1861,1350,37,0,1,342,,2106,1991,94,2999,707,376,28,29,2162,4478,06,085,503325,06085503325,Santa Clara,9,0.8,4057,90.6,9.4,0.0,71.17,14.75,25.66,74.34,1.99,72.54,0.0,0.05,18.38,,4.46,1140,38.01,48.28
Census Tract 5033.26; Santa Clara County; California,6829,41.1,6829,895,42,0,4984,36,76,796,235673.0,76482.0,6784,129,1958,1887,1540,347,1887,19,6,3501.0,1892100.0,3207,2202,11,0,60,651,77335.0,3548,3325,217,4655,1636,943,59,254,3412,6829,06,085,503326,06085503326,Santa Clara,25,1.32,5934,86.89,13.11,0.62,72.98,1.9,18.39,81.61,0.34,68.66,0.0,1.87,20.3,24.11,6.12,2892,62.13,49.96
Census Tract 5033.27; Santa Clara County; California,4434,40.3,4434,508,27,87,2520,67,692,533,172381.0,64520.0,4390,335,1502,1376,1061,315,1376,66,173,3501.0,1231600.0,1728,927,0,0,9,473,35330.0,2004,1869,135,3085,957,424,76,36,2052,4434,06,085,503327,06085503327,Santa Clara,239,17.37,3926,88.54,11.46,0.61,56.83,7.63,22.89,77.11,0.0,53.65,0.0,0.52,27.37,20.45,6.74,1493,48.4,46.28
Census Tract 5033.29; Santa Clara County; California,3294,45.9,3294,557,35,0,2506,0,30,166,217369.0,82379.0,3293,243,1049,1023,870,153,1023,29,13,3501.0,1711600.0,1530,775,21,0,0,667,,1632,1586,46,2292,692,729,64,108,1745,3294,06,085,503329,06085503329,Santa Clara,42,4.11,2737,83.09,16.91,1.06,76.08,7.38,14.96,85.04,1.37,50.65,0.0,0.0,43.59,,2.82,1593,69.5,52.98
Census Tract 5033.30; Santa Clara County; California,6550,47.8,6550,475,356,0,5132,53,183,351,250001.0,106947.0,6550,110,1977,1963,1761,202,1963,18,0,3501.0,1939100.0,3017,1729,55,0,85,997,67150.0,3208,3109,99,4611,1563,1606,117,253,3618,6550,06,085,503330,06085503330,Santa Clara,18,0.92,6075,92.75,7.25,5.44,78.35,1.68,10.29,89.71,1.82,57.31,0.0,2.82,33.05,22.26,3.09,3539,76.75,55.24
Census Tract 5033.31; Santa Clara County; California,3481,59.8,3481,1052,19,0,1750,0,283,377,126324.0,70570.0,3481,199,1430,1384,1193,191,1384,74,13,2636.0,1234700.0,1307,795,8,0,18,276,34175.0,1393,1324,69,2874,949,437,183,81,1216,3481,06,085,503331,06085503331,Santa Clara,87,6.29,2429,69.78,30.22,0.55,50.27,5.72,13.8,86.2,0.61,60.83,0.0,1.38,21.12,26.15,4.95,1650,57.41,34.93
Census Tract 5033.32; Santa Clara County; California,5897,63.0,5897,2814,108,0,2070,0,245,660,132969.0,82656.0,5897,226,2874,2819,2509,310,2819,14,29,3501.0,999800.0,2385,1397,25,0,13,714,,2619,2473,146,4910,1545,795,148,224,2045,5897,06,085,503332,06085503332,Santa Clara,43,1.53,3083,52.28,47.72,1.83,35.1,3.83,11.0,89.0,1.05,58.57,0.0,0.55,29.94,,5.57,2712,55.23,34.68
Census Tract 5033.33; Santa Clara County; California,4590,40.8,4590,860,161,10,2367,0,839,353,213003.0,74001.0,4577,187,1379,1379,1145,234,1379,22,8,3501.0,1311400.0,2243,1569,13,0,12,443,62030.0,2589,2412,177,3365,1227,398,47,111,1783,4590,06,085,503333,06085503333,Santa Clara,30,2.18,3730,81.26,18.74,3.51,51.57,4.09,16.97,83.03,0.58,69.95,0.0,0.53,19.75,27.65,6.84,1783,52.99,38.85
Census Tract 5033.36; Santa Clara County; California,2861,43.0,2861,143,72,4,1917,0,275,450,190000.0,51934.0,2852,200,810,810,655,155,810,38,7,3264.0,982100.0,1591,1050,52,11,26,274,36030.0,1675,1607,68,2223,592,217,8,24,1278,2861,06,085,503336,06085503336,Santa Clara,45,5.56,2718,95.0,5.0,2.52,67.0,7.01,19.14,80.86,3.27,66.0,0.69,1.63,17.22,22.65,4.06,841,37.83,44.67
Census Tract 5033.37; Santa Clara County; California,4409,38.8,4409,296,184,48,3088,0,261,532,159904.0,44221.0,4382,332,1114,1099,932,167,1099,73,14,2693.0,797800.0,2264,1526,21,0,66,418,53700.0,2550,2374,176,3290,998,261,39,6,2426,4409,06,085,503337,06085503337,Santa Clara,87,7.92,4113,93.29,6.71,4.17,70.04,7.58,15.2,84.8,0.93,67.4,0.0,2.92,18.46,23.72,6.9,1304,39.64,55.02
Census Tract 5033.38; Santa Clara County; California,3972,44.9,3972,665,13,0,2953,0,120,221,250001.0,124993.0,3972,63,1277,1184,1127,57,1184,16,13,3501.0,2000001.0,2016,1036,19,0,0,731,,2248,2144,91,2917,1013,832,91,126,2402,3972,06,085,503338,06085503338,Santa Clara,29,2.45,3307,83.26,16.74,0.33,74.35,1.59,4.81,95.19,0.94,51.39,0.0,0.0,36.26,,4.05,2062,70.69,60.47
Census Tract 5033.39; Santa Clara County; California,3827,46.3,3827,778,22,0,2680,0,0,347,250001.0,144341.0,3827,38,1289,1240,1161,79,1240,20,0,3501.0,2000001.0,1994,1191,44,0,0,591,51615.0,2136,2045,91,2715,1066,718,202,263,1715,3827,06,085,503339,06085503339,Santa Clara,20,1.61,3049,79.67,20.33,0.57,70.03,0.99,6.37,93.63,2.21,59.73,0.0,0.0,29.64,25.89,4.26,2249,82.84,44.81
Census Tract 5034.01; Santa Clara County; California,4073,36.9,4073,255,35,101,936,0,1750,996,111576.0,32096.0,4026,558,985,903,650,253,903,28,0,3501.0,840600.0,1979,1410,42,0,8,102,50535.0,2138,2012,126,2959,246,59,16,7,1760,4073,06,085,503401,06085503401,Santa Clara,28,3.1,3818,93.74,6.26,0.86,22.98,13.86,28.02,71.98,2.12,71.25,0.0,0.4,5.15,25.54,5.89,328,11.08,43.21
Census Tract 5034.02; Santa Clara County; California,4279,40.6,4279,307,5,27,1258,0,1727,955,79306.0,29985.0,4243,592,1074,1000,433,567,1000,12,110,2041.0,870900.0,1948,1275,24,0,120,180,45965.0,2216,1961,255,2821,403,54,39,7,2168,4279,06,085,503402,06085503402,Santa Clara,122,12.2,3972,92.83,7.17,0.12,29.4,13.95,56.7,43.3,1.23,65.45,0.0,6.16,9.24,23.6,11.51,503,17.83,50.67
Census Tract 5035.04; Santa Clara County; California,5526,37.5,5526,116,59,24,1439,185,1916,1787,139180.0,33600.0,5515,358,1253,1129,711,418,1129,20,24,3501.0,846300.0,2890,2244,11,10,18,139,70025.0,3141,2980,161,3617,719,125,8,9,3012,5526,06,085,503504,06085503504,Santa Clara,44,3.9,5410,97.9,2.1,1.07,26.04,6.49,37.02,62.98,0.38,77.65,0.35,0.62,4.81,24.23,5.13,861,23.8,54.51
Census Tract 5035.06; Santa Clara County; California,6220,33.8,6220,290,180,179,1641,203,2832,895,101146.0,25548.0,6195,359,1280,1203,669,534,1203,0,39,2813.0,894800.0,2738,1704,22,11,0,319,,3015,2802,212,3723,217,55,12,9,3014,6220,06,085,503506,06085503506,Santa Clara,39,3.24,5930,95.34,4.66,2.89,26.38,5.79,44.39,55.61,0.8,62.24,0.4,0.0,11.65,,7.03,293,7.87,48.46
Census Tract 5035.07; Santa Clara County; California,2290,37.8,2290,50,18,0,797,8,664,753,168716.0,35065.0,2290,97,436,418,310,108,418,0,0,2563.0,1069000.0,1146,741,46,0,0,36,,1303,1214,89,1546,126,61,0,4,1264,2290,06,085,503507,06085503507,Santa Clara,0,0.0,2240,97.82,2.18,0.79,34.8,4.24,25.84,74.16,4.01,64.66,0.0,0.0,3.14,,6.83,191,12.35,55.2
Census Tract 5035.08; Santa Clara County; California,5979,36.9,5979,619,262,18,1013,98,2327,1642,125469.0,32753.0,5832,600,1254,1219,842,377,1219,27,11,2463.0,924100.0,2613,2011,15,9,0,112,,3118,2802,316,4140,496,97,8,0,2529,5979,06,085,503508,06085503508,Santa Clara,38,3.12,5360,89.65,10.35,4.38,16.94,10.29,30.93,69.07,0.57,76.96,0.34,0.0,4.29,,10.13,601,14.52,42.3
Census Tract 5035.09; Santa Clara County; California,3990,34.3,3990,245,151,114,1283,0,1284,913,151786.0,34734.0,3965,178,822,796,613,183,796,12,34,3501.0,1003200.0,1861,1408,2,0,0,170,52835.0,2167,1975,192,2549,371,139,6,24,2150,3990,06,085,503509,06085503509,Santa Clara,46,5.78,3745,93.86,6.14,3.78,32.16,4.49,22.99,77.01,0.11,75.66,0.0,0.0,9.13,28.39,8.86,540,21.18,53.88
Census Tract 5035.10; Santa Clara County; California,4270,35.9,4270,603,3,116,857,15,1936,740,135926.0,41245.0,4270,209,1288,1102,672,430,1102,27,6,2590.0,916000.0,2283,1461,73,0,7,247,54685.0,2602,2448,154,2866,494,145,19,20,1751,4270,06,085,503510,06085503510,Santa Clara,33,2.99,3667,85.88,14.12,0.07,20.07,4.89,39.02,60.98,3.2,63.99,0.0,0.31,10.82,23.95,5.92,678,23.66,41.01
Census Tract 5035.11; Santa Clara County; California,3560,39.6,3560,261,111,61,1662,0,698,767,125972.0,38294.0,3560,339,818,787,602,185,787,20,27,3200.0,1016400.0,1596,1193,8,12,11,108,42575.0,1845,1663,182,2438,415,67,4,11,1700,3560,06,085,503511,06085503511,Santa Clara,47,5.97,3299,92.67,7.33,3.12,46.69,9.52,23.51,76.49,0.5,74.75,0.75,0.69,6.77,26.68,9.86,497,20.39,47.75
Census Tract 5036.01; Santa Clara County; California,3524,33.8,3524,878,85,18,664,0,1130,749,98021.0,35377.0,3524,490,946,925,351,574,925,36,32,2126.0,923700.0,1697,1121,21,0,11,195,42040.0,1852,1755,97,2134,274,123,5,14,1477,3524,06,085,503601,06085503601,Santa Clara,68,7.35,2646,75.09,24.91,2.41,18.84,13.9,62.05,37.95,1.24,66.06,0.0,0.65,11.49,24.77,5.24,416,19.49,41.91
Census Tract 5036.02; Santa Clara County; California,4876,36.2,4876,285,105,0,1527,0,1110,1849,98611.0,36039.0,4876,386,1270,1270,661,609,1270,40,133,2145.0,782700.0,2215,1385,37,0,30,224,,2514,2385,129,3148,354,157,31,46,2432,4876,06,085,503602,06085503602,Santa Clara,173,13.62,4591,94.16,5.84,2.15,31.32,7.92,47.95,52.05,1.67,62.53,0.0,1.35,10.11,,5.13,588,18.68,49.88
Census Tract 5037.03; Santa Clara County; California,3858,35.9,3858,165,128,43,923,0,1076,1523,105455.0,29902.0,3817,255,880,862,402,460,862,10,10,2143.0,940600.0,2028,1483,55,0,0,196,48940.0,2210,2163,47,2567,227,140,0,0,2066,3858,06,085,503703,06085503703,Santa Clara,20,2.32,3693,95.72,4.28,3.32,23.92,6.68,53.36,46.64,2.71,73.13,0.0,0.0,9.66,24.13,2.13,367,14.3,53.55
Census Tract 5037.07; Santa Clara County; California,4665,40.5,4665,396,141,23,2020,0,1069,1016,109000.0,38529.0,4639,299,1415,1344,664,680,1344,73,19,2793.0,680900.0,2437,1497,3,0,0,113,,2664,2527,137,3363,633,277,17,18,2645,4665,06,085,503707,06085503707,Santa Clara,92,6.85,4269,91.51,8.49,3.02,43.3,6.45,50.6,49.4,0.12,61.43,0.0,0.0,4.64,,5.14,945,28.1,56.7
Census Tract 5037.08; Santa Clara County; California,2530,39.6,2530,212,2,0,1703,75,342,196,103446.0,38566.0,2530,301,708,686,400,286,686,30,36,1810.0,959400.0,1234,872,42,0,18,123,30785.0,1399,1283,116,1772,451,57,40,25,1140,2530,06,085,503708,06085503708,Santa Clara,66,9.62,2318,91.62,8.38,0.08,67.31,11.9,41.69,58.31,3.4,70.66,0.0,1.46,9.97,24.95,8.29,573,32.34,45.06
Census Tract 5037.09; Santa Clara County; California,5862,38.7,5862,342,323,18,3544,0,1433,202,78089.0,49023.0,5816,1073,2361,2163,689,1474,2163,16,289,1745.0,1080000.0,2554,1733,38,0,0,458,49805.0,2738,2554,184,4530,957,385,25,211,3458,5862,06,085,503709,06085503709,Santa Clara,305,14.1,5520,94.17,5.83,5.51,60.46,18.45,68.15,31.85,1.49,67.85,0.0,0.0,17.93,19.5,6.72,1578,34.83,58.99
Census Tract 5037.10; Santa Clara County; California,3046,38.3,3046,257,0,56,1161,99,472,1001,43125.0,26974.0,3046,595,1184,1062,201,861,1062,9,229,1270.0,925200.0,1417,1125,32,0,0,140,,1648,1540,108,2040,232,40,14,11,1671,3046,06,085,503710,06085503710,Santa Clara,238,22.41,2789,91.56,8.44,0.0,38.12,19.53,81.07,18.93,2.26,79.39,0.0,0.0,9.88,,6.55,297,14.56,54.86
Census Tract 5037.11; Santa Clara County; California,4023,34.0,4023,273,16,6,1189,16,1046,1477,109167.0,33909.0,3986,659,1025,990,502,488,990,9,8,2260.0,928600.0,1818,1040,0,9,47,166,37480.0,2023,1975,48,2517,416,74,0,18,1847,4023,06,085,503711,06085503711,Santa Clara,17,1.72,3750,93.21,6.79,0.4,29.56,16.53,49.29,50.71,0.0,57.21,0.5,2.59,9.13,20.62,2.37,508,20.18,45.91
Census Tract 5037.12; Santa Clara County; California,3770,46.4,3770,213,56,28,1725,0,322,1426,50612.0,28473.0,3575,965,1345,1288,299,989,1288,0,194,1646.0,652900.0,1372,783,54,7,52,118,31560.0,1467,1429,38,2679,460,158,0,55,2221,3770,06,085,503712,06085503712,Santa Clara,194,15.06,3557,94.35,5.65,1.49,45.76,26.99,76.79,23.21,3.94,57.07,0.51,3.79,8.6,23.0,2.59,673,25.12,58.91
Census Tract 5037.13; Santa Clara County; California,3082,30.8,3082,139,163,9,1032,0,665,1074,68636.0,28255.0,3082,475,1131,1074,269,805,1074,0,144,2072.0,512200.0,1358,946,13,0,0,117,,1488,1433,55,1943,253,31,17,3,1491,3082,06,085,503713,06085503713,Santa Clara,144,13.41,2943,95.49,4.51,5.29,33.48,15.41,74.95,25.05,0.96,69.66,0.0,0.0,8.62,,3.7,304,15.65,48.38
Census Tract 5038.02; Santa Clara County; California,7647,38.2,7647,766,183,1,3063,566,1904,1164,114023.0,42071.0,7504,666,2114,2053,1114,939,2053,55,62,2736.0,1135600.0,3554,2463,83,0,101,418,75420.0,3940,3655,285,4882,1120,365,0,100,3125,7647,06,085,503802,06085503802,Santa Clara,117,5.7,6881,89.98,10.02,2.39,40.05,8.88,45.74,54.26,2.34,69.3,0.0,2.84,11.76,21.22,7.23,1585,32.47,40.87
Census Tract 5038.03; Santa Clara County; California,5388,37.3,5388,526,163,65,2974,0,488,1172,190855.0,59839.0,5388,176,1285,1241,854,387,1241,53,0,3501.0,1128900.0,2923,2267,41,0,0,448,64455.0,3367,2944,423,3746,996,327,141,108,2993,5388,06,085,503803,06085503803,Santa Clara,53,4.27,4862,90.24,9.76,3.03,55.2,3.27,31.18,68.82,1.4,77.56,0.0,0.0,15.33,22.05,12.56,1572,41.96,55.55
Census Tract 5038.04; Santa Clara County; California,6231,39.8,6231,698,232,30,3604,136,1007,524,141289.0,56370.0,6207,391,1871,1871,1094,777,1871,58,95,2818.0,1017100.0,3450,2259,122,0,0,562,76350.0,3853,3598,255,4703,1116,591,51,96,3505,6231,06,085,503804,06085503804,Santa Clara,153,8.18,5533,88.8,11.2,3.72,57.84,6.3,41.53,58.47,3.54,65.48,0.0,0.0,16.29,22.13,6.62,1854,39.42,56.25
Census Tract 5039.02; Santa Clara County; California,6187,34.1,6187,1140,28,74,1520,0,2013,1412,121083.0,34428.0,6159,587,1564,1479,839,640,1479,0,0,2379.0,936700.0,3419,2550,60,0,104,236,85730.0,3603,3468,135,4134,648,95,40,0,2582,6187,06,085,503902,06085503902,Santa Clara,0,0.0,5047,81.57,18.43,0.45,24.57,9.53,43.27,56.73,1.75,74.58,0.0,3.04,6.9,25.07,3.75,783,18.94,41.73
Census Tract 5039.03; Santa Clara County; California,2911,39.4,2911,399,97,5,1358,0,408,644,131806.0,47471.0,2899,261,895,817,436,381,817,26,27,2133.0,1075600.0,1466,1085,48,12,0,174,32760.0,1615,1540,75,2268,412,145,62,14,1527,2911,06,085,503903,06085503903,Santa Clara,53,6.49,2512,86.29,13.71,3.33,46.65,9.0,46.63,53.37,3.27,74.01,0.82,0.0,11.87,22.35,4.64,633,27.91,52.46
Census Tract 5040.01; Santa Clara County; California,4873,39.8,4873,530,48,1,1237,30,2094,933,87364.0,37359.0,4833,541,1543,1494,793,701,1494,44,48,2335.0,843900.0,2441,1793,75,0,8,154,63775.0,2781,2584,197,3630,650,123,23,25,2528,4873,06,085,504001,06085504001,Santa Clara,92,6.16,4343,89.12,10.88,0.99,25.38,11.19,46.92,53.08,3.07,73.45,0.0,0.33,6.31,26.13,7.08,821,22.62,51.88
Census Tract 5040.02; Santa Clara County; California,6376,37.2,6376,749,17,132,2186,0,2282,1010,92091.0,29808.0,6376,721,1470,1391,855,536,1391,31,25,2534.0,934300.0,3084,2037,31,0,31,210,72150.0,3261,3123,138,4013,518,93,18,15,3036,6376,06,085,504002,06085504002,Santa Clara,56,4.03,5627,88.25,11.75,0.27,34.28,11.31,38.53,61.47,1.01,66.05,0.0,1.01,6.81,23.39,4.23,644,16.05,47.62
Census Tract 5041.01; Santa Clara County; California,3628,42.7,3628,608,39,67,883,10,1509,512,144167.0,47638.0,3603,295,1134,1006,769,237,1006,14,0,2485.0,945700.0,1791,1289,16,0,0,189,45875.0,1988,1883,105,2859,496,213,86,39,1390,3628,06,085,504101,06085504101,Santa Clara,14,1.39,3020,83.24,16.76,1.07,24.34,8.19,23.56,76.44,0.89,71.97,0.0,0.0,10.55,25.61,5.28,834,29.17,38.31
Census Tract 5041.02; Santa Clara County; California,5273,40.8,5273,459,0,75,1618,11,2317,793,156450.0,45939.0,5182,454,1347,1279,980,299,1279,21,26,3501.0,1002600.0,2611,1930,7,7,38,218,66085.0,2903,2759,144,3876,655,249,11,10,2325,5273,06,085,504102,06085504102,Santa Clara,47,3.67,4814,91.3,8.7,0.0,30.68,8.76,23.38,76.62,0.27,73.92,0.27,1.46,8.35,25.31,4.96,925,23.86,44.09
Census Tract 5042.01; Santa Clara County; California,6020,42.0,6020,1980,227,23,2390,23,551,826,197750.0,69954.0,5972,402,1888,1748,1400,348,1748,14,0,3243.0,1279400.0,3096,1622,14,0,41,879,69985.0,3403,3260,143,4302,1281,782,175,70,2041,6020,06,085,504201,06085504201,Santa Clara,14,0.8,4040,67.11,32.89,3.77,39.7,6.73,19.91,80.09,0.45,52.39,0.0,1.32,28.39,22.6,4.2,2308,53.65,33.9
Census Tract 5042.02; Santa Clara County; California,4151,49.7,4151,1268,154,74,1480,0,683,492,229028.0,93555.0,4151,176,1370,1275,1132,143,1275,9,11,3116.0,1614200.0,2130,1199,20,0,35,576,58770.0,2332,2186,146,3371,1057,711,36,144,1808,4151,06,085,504202,06085504202,Santa Clara,20,1.57,2883,69.45,30.55,3.71,35.65,4.24,11.22,88.78,0.94,56.29,0.0,1.64,27.04,27.59,6.26,1948,57.79,43.56
Census Tract 5043.07; Santa Clara County; California,5716,40.8,5716,745,35,0,3691,0,498,747,154801.0,66637.0,5716,246,1884,1873,1424,449,1873,54,61,2717.0,1276100.0,2916,1828,125,8,16,592,69365.0,3112,2932,180,4065,1262,763,39,50,2899,5716,06,085,504307,06085504307,Santa Clara,115,6.14,4971,86.97,13.03,0.61,64.57,4.3,23.97,76.03,4.29,62.69,0.27,0.55,20.3,23.79,5.78,2114,52.0,50.72
Census Tract 5043.08; Santa Clara County; California,4898,47.4,4898,1108,69,74,2714,0,221,712,212941.0,83111.0,4834,387,1488,1480,1205,275,1480,18,56,2854.0,1678800.0,2430,1323,0,0,2,755,55535.0,2586,2460,126,3727,1137,647,111,239,2079,4898,06,085,504308,06085504308,Santa Clara,74,5.0,3790,77.38,22.62,1.41,55.41,8.01,18.58,81.42,0.0,54.44,0.0,0.08,31.07,22.85,4.87,2134,57.26,42.45
Census Tract 5043.11; Santa Clara County; California,8850,36.7,8850,891,224,65,6727,0,690,253,173106.0,83783.0,8757,362,3403,3282,1697,1585,3282,29,101,3226.0,1315200.0,5103,2911,178,14,0,1531,93545.0,5396,5140,256,6922,2324,1988,77,457,5736,8850,06,085,504311,06085504311,Santa Clara,130,3.96,7959,89.93,10.07,2.53,76.01,4.13,48.29,51.71,3.49,57.04,0.27,0.0,30.0,18.33,4.74,4846,70.01,64.81
Census Tract 5043.14; Santa Clara County; California,4425,44.9,4425,290,204,13,2949,0,705,264,210357.0,72210.0,4406,107,1391,1334,1089,245,1334,26,0,3343.0,1446600.0,2056,1404,65,17,35,414,52000.0,2287,2063,224,3281,847,502,25,318,2216,4425,06,085,504314,06085504314,Santa Clara,26,1.95,4135,93.45,6.55,4.61,66.64,2.43,18.37,81.63,3.16,68.29,0.83,1.7,20.14,25.29,9.79,1692,51.57,50.08
Census Tract 5043.15; Santa Clara County; California,6475,41.8,6475,1031,75,35,4372,0,612,350,182784.0,59675.0,6475,512,1962,1823,1463,360,1823,9,10,3501.0,1220000.0,3682,2498,21,0,0,576,80135.0,3837,3725,112,4611,1913,508,83,143,3575,6475,06,085,504315,06085504315,Santa Clara,19,1.04,5444,84.08,15.92,1.16,67.52,7.91,19.75,80.25,0.57,67.84,0.0,0.0,15.64,21.76,2.92,2647,57.41,55.21
Census Tract 5043.16; Santa Clara County; California,5403,39.7,5403,498,15,23,3850,0,344,673,192188.0,60672.0,5384,189,1548,1467,1115,352,1467,41,9,3449.0,1128800.0,2935,1859,28,0,50,610,64080.0,3169,2974,195,4005,1092,694,69,73,2981,5403,06,085,504316,06085504316,Santa Clara,50,3.41,4905,90.78,9.22,0.28,71.26,3.51,23.99,76.01,0.95,63.34,0.0,1.7,20.78,21.83,6.15,1928,48.14,55.17
Census Tract 5043.17; Santa Clara County; California,3639,43.8,3639,326,0,18,2616,0,353,326,180859.0,62528.0,3639,100,1148,1057,797,260,1057,41,0,3501.0,1360600.0,1829,1464,34,21,25,213,46730.0,1948,1890,58,2863,869,436,25,38,1861,3639,06,085,504317,06085504317,Santa Clara,41,3.88,3313,91.04,8.96,0.0,71.89,2.75,24.6,75.4,1.86,80.04,1.15,1.37,11.65,25.55,2.98,1368,47.78,51.14
Census Tract 5043.18; Santa Clara County; California,7989,36.3,7989,832,145,99,4404,101,1178,1230,106535.0,40289.0,7989,1166,2212,2130,1632,498,2130,45,0,2275.0,292000.0,3813,2491,110,10,81,679,85960.0,4307,4026,281,5309,1084,406,19,22,3844,7989,06,085,504318,06085504318,Santa Clara,45,2.11,7157,89.59,10.41,1.81,55.13,14.6,23.38,76.62,2.88,65.33,0.26,2.12,17.81,22.54,6.52,1531,28.84,48.12
Census Tract 5043.19; Santa Clara County; California,5980,41.1,5980,703,111,66,4075,0,688,337,227279.0,82383.0,5951,613,2072,1979,1540,439,1979,91,41,2921.0,1330500.0,3099,1735,37,19,53,992,56935.0,3402,3246,156,4674,1854,818,91,153,2805,5980,06,085,504319,06085504319,Santa Clara,132,6.67,5277,88.24,11.76,1.86,68.14,10.3,22.18,77.82,1.19,55.99,0.61,1.71,32.01,18.37,4.59,2916,62.39,46.91
Census Tract 5043.20; Santa Clara County; California,2990,47.4,2990,282,77,0,2131,0,276,224,183571.0,66011.0,2990,414,894,888,686,202,888,0,51,3501.0,1392400.0,1343,929,12,0,0,264,26920.0,1456,1385,71,2267,777,179,60,59,1568,2990,06,085,504320,06085504320,Santa Clara,51,5.74,2708,90.57,9.43,2.58,71.27,13.85,22.75,77.25,0.89,69.17,0.0,0.0,19.66,20.04,4.88,1075,47.42,52.44
Census Tract 5043.21; Santa Clara County; California,5556,38.0,5556,651,103,16,3222,0,423,1141,189867.0,67204.0,5556,233,1764,1691,1191,500,1691,43,29,2976.0,1312700.0,3030,1902,7,0,0,618,61130.0,3171,3090,81,4078,1257,483,95,68,2791,5556,06,085,504321,06085504321,Santa Clara,72,4.26,4905,88.28,11.72,1.85,57.99,4.19,29.57,70.43,0.23,62.77,0.0,0.0,20.4,20.17,2.55,1903,46.67,50.23
Census Tract 5043.22; Santa Clara County; California,5285,32.8,5285,452,256,21,3844,0,269,443,167583.0,81951.0,5285,752,2135,2121,777,1344,2121,0,47,3273.0,1121100.0,2775,1628,31,0,72,840,,3160,2891,269,4008,1251,1322,97,221,3350,5285,06,085,504322,06085504322,Santa Clara,47,2.22,4833,91.45,8.55,4.84,72.73,14.23,63.37,36.63,1.12,58.67,0.0,2.59,30.27,,8.51,2891,72.13,63.39
Census Tract 5043.23; Santa Clara County; California,5814,40.1,5814,1084,118,49,4245,0,156,162,161552.0,63368.0,5814,396,1880,1852,1016,836,1852,27,102,3074.0,1193100.0,2789,1771,91,35,0,757,48555.0,3162,2817,338,4299,1075,789,155,94,3185,5814,06,085,504323,06085504323,Santa Clara,129,6.97,4730,81.36,18.64,2.03,73.01,6.81,45.14,54.86,3.26,63.5,1.25,0.0,27.14,17.41,10.69,2113,49.15,54.78
Census Tract 5044.10; Santa Clara County; California,3960,40.2,3960,589,52,272,2387,0,432,228,153523.0,60084.0,3960,431,1256,1217,814,403,1217,51,89,2077.0,1225900.0,2053,1344,23,0,55,429,39630.0,2210,2090,120,2943,740,399,17,62,1987,3960,06,085,504410,06085504410,Santa Clara,140,11.5,3371,85.13,14.87,1.31,60.28,10.88,33.11,66.89,1.12,65.47,0.0,2.68,20.9,19.3,5.43,1218,41.39,50.18
Census Tract 5044.11; Santa Clara County; California,5553,38.9,5553,973,62,66,3353,0,793,306,166354.0,54738.0,5515,657,1651,1594,1173,421,1594,26,6,3381.0,1204100.0,3021,2214,44,0,0,434,97825.0,3448,3085,363,3853,985,498,213,75,2797,5553,06,085,504411,06085504411,Santa Clara,32,2.01,4580,82.48,17.52,1.12,60.38,11.91,26.41,73.59,1.46,73.29,0.0,0.0,14.37,32.38,10.53,1771,45.96,50.37
Census Tract 5044.12; Santa Clara County; California,4928,36.9,4928,278,30,0,3757,12,425,426,149659.0,48818.0,4923,378,1395,1395,807,588,1395,27,72,2360.0,999200.0,2493,1713,94,0,4,357,,2732,2574,158,3422,841,365,7,64,2949,4928,06,085,504412,06085504412,Santa Clara,99,7.1,4650,94.36,5.64,0.61,76.24,7.68,42.15,57.85,3.77,68.71,0.0,0.16,14.32,,5.78,1277,37.32,59.84
Census Tract 5044.13; Santa Clara County; California,1963,46.1,1963,178,27,0,1549,2,47,160,155982.0,67284.0,1963,142,788,741,443,298,741,12,106,1490.0,1233200.0,795,527,17,0,23,187,16905.0,862,823,39,1453,617,301,42,57,1266,1963,06,085,504413,06085504413,Santa Clara,118,15.92,1785,90.93,9.07,1.38,78.91,7.23,40.22,59.78,2.14,66.29,0.0,2.89,23.52,21.26,4.52,1017,69.99,64.49
Census Tract 5044.14; Santa Clara County; California,5141,43.2,5141,488,15,43,4166,0,87,342,165761.0,76124.0,5134,573,1761,1750,1177,573,1750,22,101,3501.0,1720200.0,2204,1233,72,0,28,643,44430.0,2360,2223,134,3636,1387,570,90,115,2574,5141,06,085,504414,06085504414,Santa Clara,123,7.03,4653,90.51,9.49,0.29,81.03,11.16,32.74,67.26,3.27,55.94,0.0,1.27,29.17,20.16,5.68,2162,59.46,50.07
Census Tract 5044.15; Santa Clara County; California,4885,43.4,4885,678,16,19,3727,0,238,207,213654.0,82350.0,4874,231,1536,1486,1252,234,1486,36,0,3501.0,1528100.0,2406,1437,19,0,1,673,51335.0,2531,2445,86,3545,1048,711,50,124,2669,4885,06,085,504415,06085504415,Santa Clara,36,2.42,4207,86.12,13.88,0.33,76.29,4.74,15.75,84.25,0.79,59.73,0.0,0.04,27.97,21.34,3.4,1933,54.53,54.64
Census Tract 5044.16; Santa Clara County; California,3791,35.5,3791,634,36,0,2962,0,89,70,190981.0,77474.0,3791,218,1218,1174,823,351,1174,0,17,3273.0,1330900.0,1918,1024,30,0,1,634,29840.0,2000,1904,69,2477,938,499,61,204,2173,3791,06,085,504416,06085504416,Santa Clara,17,1.45,3157,83.28,16.72,0.95,78.13,5.75,29.9,70.1,1.56,53.39,0.0,0.05,33.06,15.56,3.45,1702,68.71,57.32
Census Tract 5044.18; Santa Clara County; California,3951,42.3,3951,434,79,37,2145,0,944,312,116310.0,44016.0,3949,248,1166,1138,649,489,1138,10,35,2546.0,1016600.0,1950,1418,22,0,19,310,38830.0,2067,1994,73,2935,516,324,0,47,2132,3951,06,085,504418,06085504418,Santa Clara,45,3.95,3517,89.02,10.98,2.0,54.29,6.28,42.97,57.03,1.13,72.72,0.0,0.97,15.9,19.91,3.53,887,30.22,53.96
Census Tract 5044.21; Santa Clara County; California,5422,43.1,5422,559,250,0,4057,0,365,191,172500.0,62454.0,5376,292,1539,1516,1216,300,1516,34,0,3501.0,1596900.0,2617,1524,0,48,28,719,50635.0,2949,2640,309,3706,1220,672,84,210,2657,5422,06,085,504421,06085504421,Santa Clara,34,2.24,4863,89.69,10.31,4.61,74.82,5.43,19.79,80.21,0.0,58.23,1.83,1.07,27.47,19.35,10.48,2186,58.99,49.0
Census Tract 5044.22; Santa Clara County; California,3440,44.3,3440,184,25,67,2760,0,269,135,141111.0,47453.0,3428,334,963,916,577,339,916,30,24,2225.0,1280200.0,1715,1180,12,0,6,315,35875.0,1856,1804,52,2579,664,354,51,9,2127,3440,06,085,504422,06085504422,Santa Clara,54,5.9,3256,94.65,5.35,0.73,80.23,9.74,37.01,62.99,0.7,68.8,0.0,0.35,18.37,20.92,2.8,1078,41.8,61.83
Census Tract 5044.23; Santa Clara County; California,2101,38.1,2101,387,69,11,1194,0,258,182,181250.0,61476.0,2101,68,632,588,434,154,588,8,0,3501.0,1340500.0,994,622,11,0,15,185,20910.0,1085,1032,53,1529,572,206,40,52,795,2101,06,085,504423,06085504423,Santa Clara,8,1.36,1714,81.58,18.42,3.28,56.83,3.24,26.19,73.81,1.11,62.58,0.0,1.51,18.61,21.04,4.88,870,56.9,37.84
Census Tract 5044.24; Santa Clara County; California,4974,46.1,4974,873,11,0,3088,12,410,580,153333.0,60085.0,4974,247,1591,1570,971,599,1570,17,96,2892.0,1677900.0,2470,1529,91,0,10,694,47170.0,2628,2543,85,3651,1405,617,41,65,2431,4974,06,085,504424,06085504424,Santa Clara,113,7.2,4101,82.45,17.55,0.22,62.08,4.97,38.15,61.85,3.68,61.9,0.0,0.4,28.1,19.1,3.23,2128,58.29,48.87
Census Tract 5045.05; Santa Clara County; California,11610,31.9,11610,1159,382,0,8522,0,768,779,229572.0,97128.0,11610,294,4621,4392,1817,2575,4392,0,225,3501.0,1201700.0,7214,3835,203,35,16,2152,131170.0,7573,7242,305,8647,2973,3388,85,240,6773,11610,06,085,504505,06085504505,Santa Clara,225,5.12,10451,90.02,9.98,3.29,73.4,2.53,58.63,41.37,2.81,53.16,0.49,0.22,29.83,18.18,4.03,6686,77.32,58.34
Census Tract 5045.06; Santa Clara County; California,7188,35.8,7188,918,56,25,5371,29,594,195,164879.0,59599.0,7188,450,2301,2301,1317,984,2301,213,0,3036.0,739100.0,4021,2483,119,0,0,668,79300.0,4155,4092,63,4878,1412,802,167,93,4665,7188,06,085,504506,06085504506,Santa Clara,213,9.26,6270,87.23,12.77,0.78,74.72,6.26,42.76,57.24,2.96,61.75,0.0,0.0,16.61,19.72,1.52,2474,50.72,64.9
Census Tract 5045.07; Santa Clara County; California,6052,36.0,6052,770,147,16,3897,13,718,491,163724.0,55288.0,6052,385,1738,1664,1117,547,1664,6,177,2869.0,1213500.0,2943,1999,20,6,0,467,,3173,3036,137,4084,1131,539,76,56,2831,6052,06,085,504507,06085504507,Santa Clara,183,11.0,5282,87.28,12.72,2.43,64.39,6.36,32.87,67.13,0.68,67.92,0.2,0.0,15.87,,4.32,1802,44.12,46.78
Census Tract 5045.08; Santa Clara County; California,3862,38.5,3862,802,206,39,1590,29,779,417,186083.0,40937.0,2049,114,604,604,389,215,604,0,0,3229.0,1301100.0,1001,744,15,0,21,194,19285.0,1062,1060,2,3084,362,346,33,21,1599,3862,06,085,504508,06085504508,Santa Clara,0,0.0,3060,79.23,20.77,5.33,41.17,5.56,35.6,64.4,1.5,74.33,0.0,2.1,19.38,19.27,0.19,762,24.71,41.4
Census Tract 5045.09; Santa Clara County; California,4921,32.0,4921,238,51,37,4266,0,43,286,181165.0,99247.0,4921,123,2262,2086,867,1219,2086,0,64,3090.0,1518400.0,2896,1616,125,0,16,1057,,3047,2896,151,3896,1528,1653,146,213,3299,4921,06,085,504509,06085504509,Santa Clara,64,3.07,4683,95.16,4.84,1.04,86.69,2.5,58.44,41.56,4.32,55.8,0.0,0.55,36.5,,4.96,3540,90.86,67.04
Census Tract 5045.10; Santa Clara County; California,3900,33.8,3900,430,54,0,3151,0,10,255,159186.0,72799.0,3900,363,1565,1476,727,749,1476,112,94,2915.0,962500.0,2081,1141,32,0,73,677,,2273,2253,20,2834,1137,863,29,47,2287,3900,06,085,504510,06085504510,Santa Clara,206,13.96,3470,88.97,11.03,1.38,80.79,9.31,50.75,49.25,1.54,54.83,0.0,3.51,32.53,,0.88,2076,73.25,58.64
Census Tract 5046.01; Santa Clara County; California,1212,40.9,1212,429,13,15,313,0,123,319,74250.0,73528.0,1212,122,568,542,358,184,542,7,12,2765.0,188800.0,659,458,8,25,35,107,,747,682,65,941,328,79,28,43,384,1212,06,085,504601,06085504601,Santa Clara,19,3.51,783,64.6,35.4,1.07,25.83,10.07,33.95,66.05,1.21,69.5,3.79,5.31,16.24,,8.7,478,50.8,31.68
Census Tract 5046.02; Santa Clara County; California,1542,48.2,1542,372,33,0,286,0,661,190,121953.0,57227.0,1542,115,559,521,382,139,521,3,6,2107.0,1080800.0,815,666,0,0,1,63,,865,819,46,1162,337,96,0,0,523,1542,06,085,504602,06085504602,Santa Clara,9,1.73,1170,75.88,24.12,2.14,18.55,7.46,26.68,73.32,0.0,81.72,0.0,0.12,7.73,,5.32,433,37.26,33.92
Census Tract 5047; Santa Clara County; California,845,27.1,845,398,30,18,59,114,45,181,194917.0,58465.0,845,14,231,223,0,223,223,0,0,3501.0,,392,251,0,0,3,86,,392,284,0,435,114,135,21,21,95,845,06,085,504700,06085504700,Santa Clara,0,0.0,447,52.9,47.1,3.55,6.98,1.66,100.0,0.0,0.0,64.03,0.0,0.77,21.94,,0.0,291,66.9,11.24
Census Tract 5048.02; Santa Clara County; California,4506,41.2,4506,1211,11,117,1973,42,618,534,116525.0,59558.0,4478,372,1807,1694,1214,480,1694,70,53,2817.0,386300.0,2401,1608,56,12,33,405,45990.0,2566,2458,108,3493,1126,421,34,117,2106,4506,06,085,504802,06085504802,Santa Clara,123,7.26,3295,73.12,26.88,0.24,43.79,8.31,28.34,71.66,2.33,66.97,0.5,1.37,16.87,19.15,4.21,1698,48.61,46.74
Census Tract 5048.05; Santa Clara County; California,7409,36.3,7409,2781,170,0,2688,0,1106,664,149207.0,82694.0,7409,645,3328,3138,1816,1322,3138,58,35,3165.0,250000.0,4232,2439,100,50,115,1195,61500.0,4637,4371,266,5688,1504,988,81,246,3096,7409,06,085,504805,06085504805,Santa Clara,93,2.96,4628,62.46,37.54,2.29,36.28,8.71,42.13,57.87,2.36,57.63,1.18,2.72,28.24,14.53,5.74,2819,49.56,41.79
Census Tract 5048.06; Santa Clara County; California,2753,46.4,2753,666,0,0,1133,83,480,391,158750.0,71302.0,2753,95,826,826,551,275,826,50,71,3501.0,1367500.0,1489,915,7,12,67,211,29895.0,1679,1525,154,2221,483,317,18,96,1237,2753,06,085,504806,06085504806,Santa Clara,121,14.65,2087,75.81,24.19,0.0,41.16,3.45,33.29,66.71,0.47,61.45,0.81,4.5,14.17,20.08,9.17,914,41.15,44.93
Census Tract 5048.07; Santa Clara County; California,5920,32.9,5920,1585,80,0,3805,0,168,282,230829.0,135211.0,5920,200,2869,2869,983,1886,2869,33,119,3484.0,1102800.0,4187,1925,50,58,88,1848,,4373,4311,62,5100,1505,2298,88,455,4051,5920,06,085,504807,06085504807,Santa Clara,152,5.3,4335,73.23,26.77,1.35,64.27,3.38,65.74,34.26,1.19,45.98,1.39,2.1,44.14,,1.42,4346,85.22,68.43
Census Tract 5048.08; Santa Clara County; California,2111,37.7,2111,403,58,10,639,0,824,177,117054.0,49477.0,2111,222,691,691,310,381,691,51,81,1813.0,1595600.0,995,760,11,0,36,148,,1024,995,29,1532,390,193,7,16,1014,2111,06,085,504808,06085504808,Santa Clara,132,19.1,1708,80.91,19.09,2.75,30.27,10.52,55.14,44.86,1.11,76.38,0.0,3.62,14.87,,2.83,606,39.56,48.03
Census Tract 5049.02; Santa Clara County; California,4410,33.5,4410,900,113,0,2854,0,189,354,196797.0,106581.0,4410,166,1963,1797,608,1189,1797,18,126,3364.0,1455900.0,2519,1040,26,10,13,1065,35260.0,2736,2618,118,3139,1111,1138,31,151,2401,4410,06,085,504902,06085504902,Santa Clara,144,8.01,3510,79.59,20.41,2.56,64.72,3.76,66.17,33.83,1.03,41.29,0.4,0.52,42.28,14.0,4.31,2431,77.45,54.44
Census Tract 5049.03; Santa Clara County; California,5228,34.9,5228,852,86,0,3379,0,486,425,226711.0,112471.0,5228,180,2328,2240,525,1715,2240,39,19,3363.0,1699800.0,3264,1797,145,13,41,895,,3666,3399,267,4145,1357,1556,36,277,3247,5228,06,085,504903,06085504903,Santa Clara,58,2.59,4376,83.7,16.3,1.64,64.63,3.44,76.56,23.44,4.44,55.06,0.4,1.26,27.42,,7.28,3226,77.83,62.11
Census Tract 5050.06; Santa Clara County; California,11179,32.4,11179,1917,80,33,8682,0,81,386,240086.0,123959.0,11176,739,6027,5613,844,4769,5613,34,285,3292.0,1198200.0,8023,3985,83,66,180,2588,136430.0,8502,8357,145,9099,2744,4222,251,781,7799,11179,06,085,505006,06085505006,Santa Clara,319,5.68,9262,82.85,17.15,0.72,77.66,6.61,84.96,15.04,1.03,49.67,0.82,2.24,32.26,17.0,1.71,7998,87.9,69.76
Census Tract 5050.07; Santa Clara County; California,4223,40.4,4223,1055,153,14,1787,0,897,317,164115.0,49981.0,3954,278,1020,1005,620,385,1005,5,0,3188.0,1438000.0,2011,1297,15,2,79,305,36710.0,2225,2062,163,2949,614,252,75,36,1832,4223,06,085,505007,06085505007,Santa Clara,5,0.5,3168,75.02,24.98,3.62,42.32,7.03,38.31,61.69,0.75,64.5,0.1,3.93,15.17,18.25,7.33,977,33.13,43.38
Census Tract 5050.10; Santa Clara County; California,4756,36.4,4756,766,183,44,3096,0,354,313,202663.0,93129.0,4751,471,1616,1557,988,569,1557,42,80,3328.0,1534600.0,2788,1843,21,45,2,557,57560.0,3012,2872,140,3355,1133,870,32,127,2290,4756,06,085,505010,06085505010,Santa Clara,122,7.84,3990,83.89,16.11,3.85,65.1,9.91,36.54,63.46,0.75,66.1,1.61,0.07,19.98,20.65,4.65,2162,64.44,48.15
Census Tract 5050.11; Santa Clara County; California,4828,34.4,4828,968,36,0,3032,0,353,439,156446.0,83198.0,4828,142,2019,1964,506,1458,1964,66,146,3202.0,1293300.0,3035,1668,82,117,46,687,,3199,3132,67,3717,1303,927,107,352,2542,4828,06,085,505011,06085505011,Santa Clara,212,10.79,3860,79.95,20.05,0.75,62.8,2.94,74.24,25.76,2.7,54.96,3.86,1.52,22.64,,2.09,2689,72.34,52.65
Census Tract 5050.12; Santa Clara County; California,2659,32.0,2659,872,23,0,1552,0,49,163,218750.0,150057.0,2659,22,1630,1525,0,1525,1525,0,57,3450.0,,2109,1171,51,47,13,658,,2223,2163,60,2294,844,1031,0,235,1717,2659,06,085,505012,06085505012,Santa Clara,57,3.74,1787,67.21,32.79,0.86,58.37,0.83,100.0,0.0,2.42,55.52,2.23,0.62,31.2,,2.7,2110,91.98,64.57
Census Tract 5050.13; Santa Clara County; California,5637,29.9,5637,1096,16,0,3788,23,276,438,215775.0,106810.0,5621,320,2750,2698,44,2654,2698,0,414,3313.0,,4194,1418,560,87,180,1527,,4385,4286,99,4812,1580,2346,39,136,3946,5637,06,085,505013,06085505013,Santa Clara,414,15.34,4541,80.56,19.44,0.28,67.2,5.69,98.37,1.63,13.35,33.81,2.07,4.29,36.41,,2.26,4101,85.22,70.0
Census Tract 5050.14; Santa Clara County; California,6478,30.8,6478,631,726,15,3510,0,1079,517,159833.0,78353.0,6478,506,2774,2652,484,2168,2652,0,131,3099.0,308900.0,4287,2851,78,68,64,745,74805.0,4714,4411,303,4867,898,1569,133,210,3282,6478,06,085,505014,06085505014,Santa Clara,131,4.94,5847,90.26,9.74,11.21,54.18,7.81,81.75,18.25,1.82,66.5,1.59,1.49,17.38,17.45,6.43,2810,57.74,50.66
Census Tract 5050.15; Santa Clara County; California,5169,31.4,5169,838,22,0,2467,0,1426,416,167422.0,73529.0,5046,177,1989,1889,674,1215,1889,47,114,3407.0,279300.0,3209,1684,176,36,0,1069,,3596,3505,91,3781,717,1211,46,87,3048,5169,06,085,505015,06085505015,Santa Clara,161,8.52,4331,83.79,16.21,0.43,47.73,3.51,64.32,35.68,5.48,52.48,1.12,0.0,33.31,,2.53,2061,54.51,58.97
Census Tract 5051; Santa Clara County; California,3993,35.9,3993,781,135,1,1590,14,427,1045,115395.0,77800.0,3925,571,2129,2050,756,1294,2050,72,260,2261.0,991000.0,2499,1632,49,49,114,403,,2768,2657,111,3307,971,685,49,245,2026,3993,06,085,505100,06085505100,Santa Clara,332,16.2,3212,80.44,19.56,3.38,39.82,14.55,63.12,36.88,1.96,65.31,1.96,4.56,16.13,,4.01,1950,58.97,50.74
Census Tract 5052.02; Santa Clara County; California,8273,32.9,8273,1936,89,229,3662,0,1762,595,164928.0,98311.0,8214,1571,4065,3808,956,2852,3808,19,304,3325.0,1140200.0,5021,2993,127,0,100,1327,80950.0,5372,5192,180,6455,1485,1558,144,452,4389,8273,06,085,505202,06085505202,Santa Clara,323,8.48,6337,76.6,23.4,1.08,44.26,19.13,74.89,25.11,2.53,59.61,0.0,1.99,26.43,16.12,3.35,3639,56.37,53.05
Census Tract 5052.03; Santa Clara County; California,5725,22.5,5725,2794,250,23,1700,35,213,710,139028.0,54862.0,3500,974,1593,1519,800,719,1519,38,103,3266.0,1198700.0,2920,1046,225,49,626,781,49895.0,3275,3084,191,2480,994,581,138,76,1368,5725,06,085,505203,06085505203,Santa Clara,141,9.28,2931,51.2,48.8,4.37,29.69,27.83,47.33,52.67,7.71,35.82,1.68,21.44,26.75,17.09,5.83,1789,72.14,23.9
Census Tract 5053.01; Santa Clara County; California,5414,34.2,5414,967,46,70,3043,0,883,405,200781.0,96705.0,5414,307,2198,2055,453,1602,2055,28,104,3389.0,1573900.0,3357,1957,245,0,52,810,,3684,3472,212,4220,1166,1038,103,277,3155,5414,06,085,505301,06085505301,Santa Clara,132,6.42,4447,82.14,17.86,0.85,56.21,5.67,77.96,22.04,7.3,58.3,0.0,1.55,24.13,,5.75,2584,61.23,58.27
Census Tract 5053.02; Santa Clara County; California,4958,34.7,4958,1631,77,0,2487,61,167,535,213365.0,94268.0,4950,314,1724,1679,1078,601,1679,26,84,3501.0,1615900.0,2829,1398,26,54,18,960,,2948,2836,112,3449,950,814,63,226,2006,4958,06,085,505302,06085505302,Santa Clara,110,6.55,3327,67.1,32.9,1.55,50.16,6.34,35.8,64.2,0.92,49.42,1.91,0.64,33.93,,3.8,2053,59.52,40.46
Census Tract 5053.03; Santa Clara County; California,5877,38.8,5877,1567,239,50,2560,0,793,668,124491.0,73457.0,5877,283,2416,2231,888,1343,2231,26,19,2361.0,1515200.0,3862,2763,17,22,68,470,,4007,3874,133,4093,1390,894,45,83,3148,5877,06,085,505303,06085505303,Santa Clara,45,2.02,4310,73.34,26.66,4.07,43.56,4.82,60.2,39.8,0.44,71.54,0.57,1.76,12.17,,3.32,2412,58.93,53.56
Census Tract 5053.04; Santa Clara County; California,3499,40.5,3499,1068,4,31,1897,0,158,341,226731.0,119625.0,3491,200,1182,1182,1011,171,1182,18,0,3501.0,1707800.0,2059,1347,10,21,0,590,38755.0,2238,2151,87,2713,760,855,11,42,1585,3499,06,085,505304,06085505304,Santa Clara,18,1.52,2431,69.48,30.52,0.11,54.22,5.73,14.47,85.53,0.49,65.42,1.02,0.0,28.65,18.82,3.89,1668,61.48,45.3
Census Tract 5053.05; Santa Clara County; California,5672,40.4,5672,2092,0,16,3208,0,89,267,205550.0,97825.0,5647,358,2359,2205,1250,955,2205,28,60,2966.0,1725900.0,3140,2156,39,135,1,724,52410.0,3352,3205,147,4293,1318,1453,181,538,2598,5672,06,085,505305,06085505305,Santa Clara,88,3.99,3580,63.12,36.88,0.0,56.56,6.34,43.31,56.69,1.24,68.66,4.3,0.03,23.06,16.69,4.39,3490,81.3,45.8
Census Tract 5054.01; Santa Clara County; California,6607,32.3,6607,1472,177,0,4291,0,176,491,162000.0,95424.0,6607,952,3007,2908,659,2249,2908,0,94,3057.0,1027000.0,4262,2531,255,0,63,1051,,4575,4224,197,5375,1821,1860,126,330,4168,6607,06,085,505401,06085505401,Santa Clara,94,3.23,5135,77.72,22.28,2.68,64.95,14.41,77.34,22.66,5.98,59.39,0.0,1.48,24.66,,4.31,4137,76.97,63.08
Census Tract 5054.02; Santa Clara County; California,3051,42.2,3051,876,25,0,1458,0,310,382,167457.0,90944.0,3051,320,1240,1207,693,514,1207,50,104,2471.0,1544300.0,1831,1090,53,107,48,320,37315.0,1982,1850,132,2386,591,672,62,52,1344,3051,06,085,505402,06085505402,Santa Clara,154,12.76,2175,71.29,28.71,0.82,47.79,10.49,42.58,57.42,2.89,59.53,5.84,2.62,17.48,20.38,6.66,1377,57.71,44.05
Census Tract 5054.03; Santa Clara County; California,8136,33.1,8136,1856,65,0,4981,0,599,635,182500.0,94885.0,8132,492,3897,3660,831,2829,3660,25,189,2885.0,1281600.0,4593,2539,141,0,19,1290,70720.0,4920,4644,276,6149,1804,1883,26,475,4026,8136,06,085,505403,06085505403,Santa Clara,214,5.85,6280,77.19,22.81,0.8,61.22,6.05,77.3,22.7,3.07,55.28,0.0,0.41,28.09,15.4,5.61,4188,68.11,49.48
Census Tract 5055; Santa Clara County; California,4771,37.2,4771,2016,263,39,1247,0,607,599,171855.0,74043.0,4771,184,1798,1695,771,924,1695,7,29,2402.0,1686500.0,2373,1708,12,56,70,353,41785.0,2653,2409,244,3274,1224,471,45,129,1037,4771,06,085,505500,06085505500,Santa Clara,36,2.12,2755,57.74,42.26,5.51,26.14,3.86,54.51,45.49,0.51,71.98,2.36,2.95,14.88,17.61,9.2,1869,57.09,21.74
Census Tract 5056; Santa Clara County; California,4808,26.4,4808,2466,157,22,1584,0,219,360,140263.0,61974.0,3515,708,1582,1462,413,1049,1462,15,141,2487.0,1446000.0,2521,1035,48,136,545,468,,2731,2575,156,2565,811,629,36,161,1472,4808,06,085,505600,06085505600,Santa Clara,156,10.67,2342,48.71,51.29,3.27,32.95,20.14,71.75,28.25,1.9,41.06,5.39,21.62,18.56,,5.71,1637,63.82,30.62
Census Tract 5057; Santa Clara County; California,5636,35.2,5636,2239,74,33,1980,0,310,1000,125740.0,80218.0,5581,1027,2779,2605,833,1772,2605,26,107,2702.0,1510100.0,3109,1894,33,26,194,941,,3404,3109,295,3943,1189,907,47,170,1806,5636,06,085,505700,06085505700,Santa Clara,133,5.11,3397,60.27,39.73,1.31,35.13,18.4,68.02,31.98,1.06,60.92,0.84,6.24,30.27,,8.67,2313,58.66,32.04
Census Tract 5058; Santa Clara County; California,3683,41.2,3683,2122,23,136,648,17,275,462,169722.0,105941.0,3683,156,1725,1524,1074,450,1524,9,0,3250.0,1502500.0,2142,1416,22,9,9,516,33840.0,2242,2094,82,2811,996,535,54,79,632,3683,06,085,505800,06085505800,Santa Clara,9,0.59,1561,42.38,57.62,0.62,17.59,4.24,29.53,70.47,1.03,66.11,0.42,0.42,24.09,15.8,3.66,1664,59.2,17.16
Census Tract 5059.01; Santa Clara County; California,4101,37.4,4101,1856,4,0,1625,67,283,266,182763.0,98188.0,4073,199,1670,1636,839,797,1636,70,237,2768.0,1677800.0,2617,1314,200,42,93,714,,2709,2617,92,3224,1161,751,88,113,1441,4101,06,085,505901,06085505901,Santa Clara,307,18.77,2245,54.74,45.26,0.1,39.62,4.89,48.72,51.28,7.64,50.21,1.6,3.55,27.28,,3.4,2113,65.54,35.14
Census Tract 5059.02; Santa Clara County; California,3893,36.2,3893,1722,92,35,1171,0,437,436,107079.0,77877.0,3782,265,1923,1842,621,1221,1842,0,46,2300.0,1396400.0,2100,1370,17,0,0,587,36225.0,2525,2407,118,3016,859,533,74,108,1368,3893,06,085,505902,06085505902,Santa Clara,46,2.5,2171,55.77,44.23,2.36,30.08,7.01,66.29,33.71,0.81,65.24,0.0,0.0,27.95,17.25,4.67,1574,52.19,35.14
Census Tract 5060; Santa Clara County; California,4988,39.6,4988,2055,22,0,2017,0,249,645,197202.0,92400.0,4988,149,1941,1809,1179,630,1809,8,0,3192.0,1541100.0,2781,1772,63,12,8,550,53930.0,2958,2808,72,3922,1297,939,132,185,2098,4988,06,085,506000,06085506000,Santa Clara,8,0.44,2933,58.8,41.2,0.44,40.44,2.99,34.83,65.17,2.27,63.72,0.43,0.29,19.78,19.39,2.43,2553,65.09,42.06
Census Tract 5061.01; Santa Clara County; California,4643,40.2,4643,1755,57,0,1951,0,310,570,190750.0,88924.0,4625,203,1695,1604,1106,498,1604,54,16,3047.0,2000001.0,2428,1579,19,0,64,651,39060.0,2543,2437,106,3403,885,689,96,391,1914,4643,06,085,506101,06085506101,Santa Clara,70,4.36,2888,62.2,37.8,1.23,42.02,4.39,31.05,68.95,0.78,65.03,0.0,2.64,26.81,16.09,4.17,2061,60.56,41.22
Census Tract 5061.02; Santa Clara County; California,4434,39.6,4434,1456,55,23,1965,0,436,499,189439.0,95008.0,4434,242,1904,1806,975,831,1806,9,15,3501.0,1732100.0,2378,1228,19,68,0,940,35985.0,2529,2405,116,3478,1126,1042,178,160,1700,4434,06,085,506102,06085506102,Santa Clara,24,1.33,2978,67.16,32.84,1.24,44.32,5.46,46.01,53.99,0.8,51.64,2.86,0.0,39.53,15.13,4.59,2506,72.05,38.34
Census Tract 5061.03; Santa Clara County; California,5187,38.2,5187,1160,65,122,3068,128,147,497,231563.0,104641.0,5187,323,1758,1758,1168,590,1758,118,16,3390.0,2000001.0,2514,1456,28,9,72,684,46060.0,2647,2551,96,3729,971,1080,130,481,2775,5187,06,085,506103,06085506103,Santa Clara,134,7.62,4027,77.64,22.36,1.25,59.15,6.23,33.56,66.44,1.11,57.92,0.36,2.86,27.21,18.32,3.63,2662,71.39,53.5
Census Tract 5062.02; Santa Clara County; California,8313,41.7,8313,2259,180,40,4670,0,313,851,189032.0,89834.0,8065,310,2738,2686,1753,933,2686,71,77,2800.0,2000001.0,3689,2267,95,18,103,825,90865.0,3861,3739,122,5837,1884,1597,280,160,3949,8313,06,085,506202,06085506202,Santa Clara,148,5.51,6054,72.83,27.17,2.17,56.18,3.84,34.74,65.26,2.58,61.45,0.49,2.79,22.36,24.63,3.16,3921,67.17,47.5
Census Tract 5062.03; Santa Clara County; California,6717,32.9,6717,763,91,34,4263,0,1337,229,142791.0,59270.0,6717,483,2483,2384,635,1749,2384,72,39,2547.0,793500.0,3540,2458,133,109,50,648,62570.0,3794,3605,189,4374,1340,1223,54,245,4045,6717,06,085,506203,06085506203,Santa Clara,111,4.66,5954,88.64,11.36,1.35,63.47,7.19,73.36,26.64,3.76,69.44,3.08,1.41,18.31,17.68,4.98,2862,65.43,60.22
Census Tract 5062.04; Santa Clara County; California,5860,44.5,5860,1222,173,1,3552,0,251,661,200288.0,77531.0,5860,371,2227,2049,1430,619,2049,0,20,3103.0,1758400.0,2904,1898,83,18,0,531,69080.0,3145,2984,161,4186,1210,1388,58,256,3241,5860,06,085,506204,06085506204,Santa Clara,20,0.98,4638,79.15,20.85,2.95,60.61,6.33,30.21,69.79,2.86,65.36,0.62,0.0,18.29,23.79,5.12,2912,69.57,55.31
Census Tract 5063.01; Santa Clara County; California,4994,38.9,4994,1902,64,0,1736,0,251,1041,138411.0,66024.0,4920,473,2413,2147,674,1473,2147,0,114,2528.0,1240600.0,2881,1252,87,22,198,851,45730.0,3060,2921,139,4112,1278,450,102,143,2015,4994,06,085,506301,06085506301,Santa Clara,114,5.31,3092,61.91,38.09,1.28,34.76,9.61,68.61,31.39,3.02,43.46,0.76,6.87,29.54,15.87,4.54,1973,47.98,40.35
Census Tract 5063.02; Santa Clara County; California,6357,39.0,6357,2693,337,358,2327,0,162,480,182908.0,99643.0,6333,247,2830,2734,1169,1565,2734,16,105,3062.0,1709700.0,3689,2505,0,0,3,750,69870.0,4063,3868,195,4724,1626,1155,53,282,2144,6357,06,085,506302,06085506302,Santa Clara,121,4.43,3664,57.64,42.36,5.3,36.61,3.9,57.24,42.76,0.0,67.9,0.0,0.08,20.33,18.94,4.8,3116,65.96,33.73
Census Tract 5063.04; Santa Clara County; California,5956,32.8,5956,1569,178,52,2300,0,1353,504,113893.0,70217.0,5956,701,2599,2273,487,1786,2273,0,153,2382.0,1638000.0,2796,1646,33,0,65,710,,3375,3106,269,4045,804,819,60,329,2628,5956,06,085,506304,06085506304,Santa Clara,153,6.73,4387,73.66,26.34,2.99,38.62,11.77,78.57,21.43,1.18,58.87,0.0,2.32,25.39,,7.97,2012,49.74,44.12
Census Tract 5063.05; Santa Clara County; California,5235,39.5,5235,1502,394,23,1462,53,1512,289,96150.0,58855.0,5220,664,2497,2098,551,1547,2098,0,308,2135.0,1675600.0,2497,1855,0,0,0,333,52980.0,2825,2625,200,3597,720,360,64,250,2185,5235,06,085,506305,06085506305,Santa Clara,308,14.68,3733,71.31,28.69,7.53,27.93,12.72,73.74,26.26,0.0,74.29,0.0,0.0,13.34,21.22,7.08,1394,38.75,41.74
Census Tract 5064.01; Santa Clara County; California,4758,38.8,4758,1918,295,157,1183,0,483,722,172134.0,115949.0,4748,325,2378,2194,628,1566,2194,72,94,3039.0,1513200.0,3034,1939,91,0,6,789,54555.0,3152,3072,80,3849,1334,866,71,114,1661,4758,06,085,506401,06085506401,Santa Clara,166,7.57,2840,59.69,40.31,6.2,24.86,6.84,71.38,28.62,3.0,63.91,0.0,0.2,26.01,17.98,2.54,2385,61.96,34.91
Census Tract 5064.02; Santa Clara County; California,5257,40.9,5257,2159,92,52,1155,6,660,1133,121413.0,74220.0,5139,441,2364,2180,968,1212,2180,48,109,2430.0,1628100.0,2423,1615,19,25,150,367,51520.0,2705,2492,213,4113,1409,673,82,120,1986,5257,06,085,506402,06085506402,Santa Clara,157,7.2,3098,58.93,41.07,1.75,21.97,8.58,55.6,44.4,0.78,66.65,1.03,6.19,15.15,21.26,7.87,2284,55.53,37.78
Census Tract 5065.02; Santa Clara County; California,5040,34.5,5040,3209,179,18,376,0,501,757,143500.0,87431.0,5040,251,2499,2224,1011,1213,2224,21,18,2843.0,1168200.0,3059,1960,33,56,95,768,,3174,3138,36,3744,1413,776,135,96,1104,5040,06,085,506502,06085506502,Santa Clara,39,1.75,1831,36.33,63.67,3.55,7.46,4.98,54.54,45.46,1.08,64.07,1.83,3.11,25.11,,1.13,2420,64.64,21.9
Census Tract 5065.03; Santa Clara County; California,6623,35.8,6623,2987,56,14,1431,0,1252,883,111225.0,72549.0,6590,388,2868,2775,758,2017,2775,53,493,2330.0,1727600.0,2923,1907,10,9,1,529,60320.0,3345,2978,367,4833,1352,592,67,169,2253,6623,06,085,506503,06085506503,Santa Clara,546,19.68,3636,54.9,45.1,0.85,21.61,5.89,72.68,27.32,0.34,65.24,0.31,0.03,18.1,20.64,10.97,2180,45.11,34.02
Census Tract 5065.04; Santa Clara County; California,2136,36.0,2136,475,89,43,222,0,795,512,104787.0,47365.0,2136,126,867,808,90,718,808,0,38,2260.0,853900.0,1251,1059,16,0,53,68,,1370,1289,81,1460,324,132,0,0,972,2136,06,085,506504,06085506504,Santa Clara,38,4.7,1661,77.76,22.24,4.17,10.39,5.9,88.86,11.14,1.28,84.65,0.0,4.24,5.44,,5.91,456,31.23,45.51
Census Tract 5065.05; Santa Clara County; California,4187,33.3,4187,1506,367,18,877,0,1064,355,115833.0,57259.0,4086,622,1645,1514,729,785,1514,18,18,2338.0,1022700.0,1846,1171,23,0,0,376,,2164,2012,152,2633,663,460,25,53,1532,4187,06,085,506505,06085506505,Santa Clara,36,2.38,2681,64.03,35.97,8.77,20.95,15.22,51.85,48.15,1.25,63.43,0.0,0.0,20.37,,7.02,1201,45.61,36.59
Census Tract 5066.01; Santa Clara County; California,3825,40.8,3825,1517,19,80,1238,0,314,657,133194.0,81651.0,3825,172,1708,1486,706,780,1486,42,56,2132.0,1744800.0,2080,1240,55,11,42,520,39175.0,2259,2133,126,2702,756,457,85,85,1283,3825,06,085,506601,06085506601,Santa Clara,98,6.59,2308,60.34,39.66,0.5,32.37,4.5,52.49,47.51,2.64,59.62,0.53,2.02,25.0,18.83,5.58,1383,51.18,33.54
Census Tract 5066.03; Santa Clara County; California,4295,41.0,4295,1728,14,0,1698,0,66,789,250001.0,95793.0,4260,262,1528,1519,1001,518,1519,52,30,3501.0,1711200.0,2193,1248,31,20,2,566,40435.0,2288,2241,47,3114,1296,669,76,161,1474,4295,06,085,506603,06085506603,Santa Clara,82,5.4,2567,59.77,40.23,0.33,39.53,6.15,34.1,65.9,1.41,56.91,0.91,0.09,25.81,18.44,2.05,2202,70.71,34.32
Census Tract 5066.04; Santa Clara County; California,6855,41.3,6855,2428,41,7,3472,0,181,726,191843.0,95347.0,6855,183,2587,2417,1938,479,2417,15,0,2795.0,1878300.0,3307,1750,39,45,56,899,66510.0,3397,3386,11,4839,1316,1250,116,604,2654,6855,06,085,506604,06085506604,Santa Clara,15,0.62,4427,64.58,35.42,0.6,50.65,2.67,19.82,80.18,1.18,52.92,1.36,1.69,27.18,20.11,0.32,3286,67.91,38.72
Census Tract 5066.05; Santa Clara County; California,4275,41.7,4275,1427,279,2,1370,90,624,483,139265.0,69154.0,4275,341,1623,1560,808,752,1560,63,17,2380.0,1748900.0,2413,1534,37,0,56,582,42225.0,2583,2465,118,3372,931,491,76,181,1940,4275,06,085,506605,06085506605,Santa Clara,80,5.13,2848,66.62,33.38,6.53,32.05,7.98,48.21,51.79,1.53,63.57,0.0,2.32,24.12,17.5,4.57,1679,49.79,45.38
Census Tract 5066.06; Santa Clara County; California,4976,41.6,4976,1711,61,0,1669,0,393,1142,133700.0,70767.0,4953,430,1892,1844,1116,728,1844,0,81,2875.0,1614500.0,2386,1581,47,14,27,557,39925.0,2571,2423,148,3326,957,751,18,265,2109,4976,06,085,506606,06085506606,Santa Clara,81,4.39,3265,65.61,34.39,1.23,33.54,8.68,39.48,60.52,1.97,66.26,0.59,1.13,23.34,16.73,5.76,1991,59.86,42.38
Census Tract 5067.01; Santa Clara County; California,4620,42.4,4620,1956,34,0,2131,0,256,243,228173.0,104847.0,4613,200,1447,1421,1107,314,1421,21,8,3146.0,2000001.0,2404,1549,15,24,20,641,45545.0,2512,2435,77,3226,1296,633,112,191,1747,4620,06,085,506701,06085506701,Santa Clara,29,2.04,2664,57.66,42.34,0.74,46.13,4.34,22.1,77.9,0.62,64.43,1.0,0.83,26.66,18.95,3.07,2232,69.19,37.81
Census Tract 5067.02; Santa Clara County; California,5755,43.6,5755,2385,155,43,1825,0,923,424,122050.0,62815.0,5755,321,2156,1945,1049,896,1945,0,29,2829.0,1600100.0,2685,1911,0,24,7,584,48495.0,2968,2699,269,3910,1331,566,67,149,2577,5755,06,085,506702,06085506702,Santa Clara,29,1.49,3370,58.56,41.44,2.69,31.71,5.58,46.07,53.93,0.0,71.17,0.89,0.26,21.75,18.06,9.06,2113,54.04,44.78
Census Tract 5067.03; Santa Clara County; California,3870,37.6,3870,2030,119,0,984,292,161,284,154149.0,85370.0,3866,196,1525,1450,713,737,1450,0,65,2808.0,1532300.0,1843,1261,26,8,48,390,34840.0,2080,1890,190,2829,880,567,49,214,1509,3870,06,085,506703,06085506703,Santa Clara,65,4.48,1840,47.55,52.45,3.07,25.43,5.07,50.83,49.17,1.41,68.42,0.43,2.6,21.16,18.9,9.13,1710,60.45,38.99
Census Tract 5068.01; Santa Clara County; California,6216,43.2,6216,3964,11,0,1789,0,94,358,250001.0,114018.0,6076,219,2270,2226,1545,681,2226,28,0,3317.0,2000001.0,2857,1464,0,64,28,1027,59610.0,3110,2981,129,4323,1657,1293,230,359,1795,6216,06,085,506801,06085506801,Santa Clara,28,1.26,2252,36.23,63.77,0.18,28.78,3.6,30.59,69.41,0.0,51.24,2.24,0.98,35.95,20.86,4.15,3539,81.86,28.88
Census Tract 5068.02; Santa Clara County; California,5761,38.8,5761,2683,6,43,2034,0,124,871,202796.0,96307.0,5642,71,2115,2000,1457,543,2000,78,27,2854.0,1782500.0,3077,1937,0,0,42,853,56455.0,3141,3091,50,3972,1474,1046,188,139,2149,5761,06,085,506802,06085506802,Santa Clara,105,5.25,3078,53.43,46.57,0.1,35.31,1.26,27.15,72.85,0.0,62.95,0.0,1.36,27.72,18.35,1.59,2847,71.68,37.3
Census Tract 5068.03; Santa Clara County; California,7056,36.6,7056,3098,67,0,2282,0,549,1060,194219.0,78454.0,7047,473,2294,2274,1265,1009,2274,14,16,2652.0,1729300.0,3525,2317,21,0,4,799,69080.0,3746,3554,192,4513,1365,1003,133,183,2308,7056,06,085,506803,06085506803,Santa Clara,30,1.32,3958,56.09,43.91,0.95,32.34,6.71,44.37,55.63,0.6,65.73,0.0,0.11,22.67,19.6,5.13,2684,59.47,32.71
Census Tract 5068.04; Santa Clara County; California,4377,46.5,4377,2686,16,0,910,0,28,737,221071.0,108141.0,4377,108,1587,1536,1235,301,1536,0,0,3501.0,1838500.0,2128,1255,13,0,8,797,32950.0,2318,2128,190,3034,915,975,204,143,1110,4377,06,085,506804,06085506804,Santa Clara,0,0.0,1691,38.63,61.37,0.37,20.79,2.47,19.6,80.4,0.61,58.98,0.0,0.38,37.45,15.48,8.2,2237,73.73,25.36
Census Tract 5069; Santa Clara County; California,8160,44.9,8160,5764,49,0,1287,69,270,721,222166.0,134920.0,8003,255,2798,2781,2071,710,2781,13,149,3501.0,2000001.0,3413,2179,15,14,57,997,73280.0,3624,3408,202,5678,2093,1453,323,225,1897,8160,06,085,506900,06085506900,Santa Clara,162,5.83,2396,29.36,70.64,0.6,15.77,3.19,25.53,74.47,0.44,63.84,0.41,1.67,29.21,21.47,5.57,4094,72.1,23.25
Census Tract 5070.02; Santa Clara County; California,3325,52.4,3325,2546,6,0,603,0,20,150,250001.0,130682.0,3323,404,1178,1131,1034,97,1131,0,0,3295.0,2000001.0,1333,551,0,17,14,643,18040.0,1414,1342,72,2457,1062,799,48,129,744,3325,06,085,507002,06085507002,Santa Clara,0,0.0,779,23.43,76.57,0.18,18.14,12.16,8.58,91.42,0.0,41.34,1.28,1.05,48.24,13.53,5.09,2038,82.95,22.38
Census Tract 5070.03; Santa Clara County; California,2895,50.2,2895,1938,7,0,639,18,44,249,250001.0,192899.0,2881,35,1383,1158,960,198,1158,21,18,3392.0,2000001.0,1408,855,35,0,0,476,27625.0,1466,1446,20,2205,971,636,130,204,726,2895,06,085,507003,06085507003,Santa Clara,39,3.37,957,33.06,66.94,0.24,22.07,1.21,17.1,82.9,2.49,60.72,0.0,0.0,33.81,19.62,1.36,1941,88.03,25.08
Census Tract 5070.04; Santa Clara County; California,3844,48.6,3844,2493,210,0,731,0,52,358,175347.0,121053.0,3844,319,1951,1692,1001,691,1692,54,22,3253.0,2000001.0,1787,1166,44,0,83,494,,1935,1857,78,2902,1073,741,137,185,1136,3844,06,085,507004,06085507004,Santa Clara,76,4.49,1351,35.15,64.85,5.46,19.02,8.3,40.84,59.16,2.46,65.25,0.0,4.64,27.64,,4.03,2136,73.6,29.55
Census Tract 5071; Santa Clara County; California,2820,41.3,2820,2265,0,0,247,0,74,234,159821.0,110697.0,2820,107,1462,1339,503,836,1339,21,10,2426.0,2000001.0,1533,952,0,0,27,429,29095.0,1599,1568,31,2060,796,429,154,100,715,2820,06,085,507100,06085507100,Santa Clara,31,2.32,555,19.68,80.32,0.0,8.76,3.79,62.43,37.57,0.0,62.1,0.0,1.76,27.98,18.98,1.94,1479,71.8,25.35
Census Tract 5072.03; Santa Clara County; California,3097,39.4,3097,1542,29,0,778,0,310,438,224464.0,111581.0,3087,170,1270,1119,597,522,1119,0,40,3330.0,1977700.0,1580,754,29,12,83,654,,1628,1580,48,2078,591,546,68,154,1062,3097,06,085,507203,06085507203,Santa Clara,40,3.57,1555,50.21,49.79,0.94,25.12,5.51,46.65,53.35,1.84,47.72,0.76,5.25,41.39,,2.95,1359,65.4,34.29
Census Tract 5072.05; Santa Clara County; California,4459,44.4,4459,2690,15,0,1083,0,64,607,244521.0,131138.0,4459,180,1860,1748,1499,249,1748,0,0,3501.0,2000001.0,2019,1233,6,0,22,629,35270.0,2201,2030,171,3204,1315,793,234,240,1370,4459,06,085,507205,06085507205,Santa Clara,0,0.0,1769,39.67,60.33,0.34,24.29,4.04,14.24,85.76,0.3,61.07,0.0,1.09,31.15,17.47,7.77,2582,80.59,30.72
Census Tract 5072.06; Santa Clara County; California,2826,51.4,2826,1893,25,0,498,70,22,318,250001.0,165807.0,2807,32,1080,938,912,26,938,0,0,,2000001.0,1108,655,70,14,0,272,27135.0,1284,1189,95,2035,766,502,202,133,793,2826,06,085,507206,06085507206,Santa Clara,0,0.0,933,33.01,66.99,0.88,17.62,1.14,2.77,97.23,6.32,59.12,1.26,0.0,24.55,24.49,7.4,1603,78.77,28.06
Census Tract 5073.01; Santa Clara County; California,6387,51.6,6387,2601,0,0,3501,0,3,282,244207.0,147201.0,6357,346,2711,2384,2060,324,2384,0,24,3279.0,2000001.0,2672,1405,39,0,31,1113,,2868,2746,122,4819,1268,1784,168,511,2848,6387,06,085,507301,06085507301,Santa Clara,24,1.01,3786,59.28,40.72,0.0,54.81,5.44,13.59,86.41,1.46,52.58,0.0,1.16,41.65,,4.25,3731,77.42,44.59
Census Tract 5073.02; Santa Clara County; California,2654,55.3,2654,1395,7,0,995,0,39,218,250001.0,137701.0,2527,120,1007,932,793,139,932,0,0,3501.0,2000001.0,1256,696,0,9,30,431,,1332,1302,30,2065,680,683,142,142,825,2654,06,085,507302,06085507302,Santa Clara,0,0.0,1259,47.44,52.56,0.26,37.49,4.75,14.91,85.09,0.0,55.41,0.72,2.39,34.32,,2.25,1647,79.76,31.09
Census Tract 5074.01; Santa Clara County; California,5800,51.6,5800,1494,28,0,4052,0,0,226,244046.0,115479.0,5800,131,1941,1893,1740,153,1893,19,0,3501.0,2000001.0,2385,1353,18,48,20,898,,2490,2417,73,4396,1565,1399,195,403,2887,5800,06,085,507401,06085507401,Santa Clara,19,1.0,4306,74.24,25.76,0.48,69.86,2.26,8.08,91.92,0.75,56.73,2.01,0.84,37.65,,2.93,3562,81.03,49.78
Census Tract 5074.02; Santa Clara County; California,3922,51.7,3922,1478,6,29,1996,0,19,394,243720.0,110303.0,3906,116,1629,1561,1190,371,1561,15,35,3143.0,2000001.0,1916,1106,0,0,0,711,,2032,1943,89,3074,1275,774,129,140,1658,3922,06,085,507402,06085507402,Santa Clara,50,3.2,2444,62.32,37.68,0.15,50.89,2.97,23.77,76.23,0.0,57.72,0.0,0.0,37.11,,4.38,2318,75.41,42.27
Census Tract 5075; Santa Clara County; California,5955,52.2,5955,1512,0,0,4019,0,60,364,214375.0,109082.0,5955,77,2210,2130,1935,195,2130,10,0,3501.0,2000001.0,2345,1281,0,0,11,856,,2479,2390,89,4510,1352,1872,200,429,2906,5955,06,085,507500,06085507500,Santa Clara,10,0.47,4443,74.61,25.39,0.0,67.49,1.29,9.15,90.85,0.0,54.63,0.0,0.47,36.5,,3.59,3853,85.43,48.8
Census Tract 5076; Santa Clara County; California,6144,48.8,6144,1869,0,22,3796,0,12,445,250001.0,135066.0,6144,226,2171,2078,1761,317,2078,19,0,3501.0,2000001.0,3002,1741,67,0,19,1057,,3158,3002,156,4703,1922,1531,324,272,3129,6144,06,085,507600,06085507600,Santa Clara,19,0.91,4275,69.58,30.42,0.0,61.78,3.68,15.26,84.74,2.23,57.99,0.0,0.63,35.21,,4.94,4049,86.09,50.93
Census Tract 5077.01; Santa Clara County; California,3788,48.9,3788,720,0,7,2707,0,99,255,234886.0,117910.0,3788,63,1353,1319,1098,221,1319,0,0,3501.0,2000001.0,1762,828,13,29,0,734,,1866,1808,58,2864,909,1006,34,343,2024,3788,06,085,507701,06085507701,Santa Clara,0,0.0,3068,80.99,19.01,0.0,71.46,1.66,16.76,83.24,0.74,46.99,1.65,0.0,41.66,,3.11,2292,80.03,53.43
Census Tract 5077.02; Santa Clara County; California,6464,45.2,6464,1069,0,0,5218,62,42,73,250001.0,128703.0,6464,341,2262,2191,1855,336,2191,10,8,3501.0,2000001.0,2916,1799,30,14,108,864,54810.0,2962,2938,24,4530,1228,1810,240,698,3393,6464,06,085,507702,06085507702,Santa Clara,18,0.82,5395,83.46,16.54,0.0,80.72,5.28,15.34,84.66,1.03,61.69,0.48,3.7,29.63,18.8,0.81,3976,87.77,52.49
Census Tract 5077.04; Santa Clara County; California,3367,40.4,3367,966,3,0,2207,16,7,168,157014.0,81698.0,3358,198,1299,1235,613,622,1235,47,182,3501.0,2000001.0,1409,1034,2,34,0,305,,1474,1426,48,2328,888,614,77,121,1848,3367,06,085,507704,06085507704,Santa Clara,229,18.54,2401,71.31,28.69,0.09,65.55,5.9,50.36,49.64,0.14,73.39,2.41,0.0,21.65,,3.26,1700,73.02,54.89
Census Tract 5077.05; Santa Clara County; California,3953,44.6,3953,1106,18,0,2416,0,81,332,250001.0,114525.0,3776,229,1490,1353,1024,329,1353,8,0,3501.0,2000001.0,1912,1278,6,0,37,448,34460.0,1985,1935,50,2844,778,1038,202,288,1930,3953,06,085,507705,06085507705,Santa Clara,8,0.59,2847,72.02,27.98,0.46,61.12,6.06,24.32,75.68,0.31,66.84,0.0,1.94,23.43,18.02,2.52,2306,81.08,48.82
Census Tract 5078.05; Santa Clara County; California,4888,35.3,4888,1465,80,0,2942,0,167,234,201939.0,99717.0,4888,348,2098,1916,623,1293,1916,22,43,3426.0,2000001.0,2718,1702,50,31,32,562,50540.0,3006,2767,239,3482,1293,1118,129,235,2600,4888,06,085,507805,06085507805,Santa Clara,65,3.39,3423,70.03,29.97,1.64,60.19,7.12,67.48,32.52,1.84,62.62,1.14,1.18,20.68,18.59,7.95,2775,79.7,53.19
Census Tract 5078.06; Santa Clara County; California,5657,36.1,5657,721,78,0,4655,0,40,163,200887.0,93532.0,5657,415,2201,2110,605,1505,2110,12,27,3378.0,2000001.0,2748,1465,38,12,144,986,39725.0,2919,2773,146,3785,1613,1412,48,267,3853,5657,06,085,507806,06085507806,Santa Clara,39,1.85,4936,87.25,12.75,1.38,82.29,7.34,71.33,28.67,1.38,53.31,0.44,5.24,35.88,14.46,5.0,3340,88.24,68.11
Census Tract 5078.07; Santa Clara County; California,3115,44.4,3115,468,1,0,2492,0,7,147,250001.0,110980.0,3112,30,1085,1027,744,283,1027,9,0,3501.0,2000001.0,1381,799,0,0,17,486,,1478,1395,83,2088,605,858,66,173,1727,3115,06,085,507807,06085507807,Santa Clara,9,0.88,2647,84.98,15.02,0.03,80.0,0.96,27.56,72.44,0.0,57.86,0.0,1.23,35.19,,5.62,1702,81.51,55.44
Census Tract 5078.08; Santa Clara County; California,5720,42.9,5720,658,0,166,4696,0,6,194,250001.0,117118.0,5720,188,1943,1890,1329,561,1890,42,32,3501.0,2000001.0,2701,1489,33,34,21,1047,42020.0,2842,2711,131,3853,1211,1383,270,486,3501,5720,06,085,507808,06085507808,Santa Clara,74,3.92,5062,88.5,11.5,0.0,82.1,3.29,29.68,70.32,1.22,55.13,1.26,0.78,38.76,15.56,4.61,3350,86.95,61.21
Census Tract 5079.03; Santa Clara County; California,5037,44.5,5037,833,0,0,4167,0,20,17,223571.0,115614.0,5037,128,1798,1794,1460,334,1794,36,28,3501.0,2000001.0,2183,1150,113,0,8,824,,2311,2206,105,3450,1027,1552,73,320,2940,5037,06,085,507903,06085507903,Santa Clara,64,3.57,4204,83.46,16.54,0.0,82.73,2.54,18.62,81.38,5.18,52.68,0.0,0.37,37.75,,4.54,2972,86.14,58.37
Census Tract 5079.04; Santa Clara County; California,2963,49.8,2963,493,70,38,2144,0,0,218,250001.0,117596.0,2963,44,1123,1064,918,146,1064,14,0,3501.0,2000001.0,1407,785,14,12,0,514,21770.0,1510,1459,51,2154,638,880,40,222,1693,2963,06,085,507904,06085507904,Santa Clara,14,1.32,2470,83.36,16.64,2.36,72.36,1.48,13.72,86.28,1.0,55.79,0.85,0.0,36.53,15.47,3.38,1780,82.64,57.14
Census Tract 5079.05; Santa Clara County; California,6596,38.4,6596,966,261,0,3760,1337,272,0,141429.0,63552.0,6596,250,2273,2040,1085,955,2040,90,199,2336.0,2000001.0,2463,1609,21,22,38,679,,2785,2606,179,3960,1235,1232,105,126,3227,6596,06,085,507905,06085507905,Santa Clara,289,14.17,5630,85.35,14.65,3.96,57.0,3.79,46.81,53.19,0.85,65.33,0.89,1.54,27.57,,6.43,2698,68.13,48.92
Census Tract 5079.06; Santa Clara County; California,4499,45.8,4499,677,0,0,3594,1,130,97,250001.0,111567.0,4499,135,1496,1382,1045,337,1382,0,17,3501.0,2000001.0,2256,1290,25,20,64,742,37825.0,2440,2306,134,3130,1046,1091,75,452,2482,4499,06,085,507906,06085507906,Santa Clara,17,1.23,3822,84.95,15.05,0.0,79.88,3.0,24.38,75.62,1.11,57.18,0.89,2.84,32.89,16.77,5.49,2664,85.11,55.17
Census Tract 5080.03; Santa Clara County; California,2236,39.3,2236,504,0,16,1532,0,39,145,198500.0,77100.0,2236,203,812,756,485,271,756,4,10,3501.0,2000001.0,1012,538,12,54,9,350,,1076,1027,49,1516,559,458,27,97,1105,2236,06,085,508003,06085508003,Santa Clara,14,1.85,1732,77.46,22.54,0.0,68.52,9.08,35.85,64.15,1.19,53.16,5.34,0.89,34.58,,4.55,1141,75.26,49.42
Census Tract 5080.04; Santa Clara County; California,6131,36.2,6131,1349,0,9,4108,0,343,322,250001.0,112598.0,6131,77,2209,2116,1036,1080,2116,33,90,3396.0,2000001.0,3167,1823,8,44,119,993,62870.0,3413,3237,176,4122,1328,1260,319,351,3426,6131,06,085,508004,06085508004,Santa Clara,123,5.81,4782,78.0,22.0,0.0,67.0,1.26,51.04,48.96,0.25,57.56,1.39,3.76,31.35,19.85,5.16,3258,79.04,55.88
Census Tract 5080.05; Santa Clara County; California,3835,42.8,3835,1086,0,14,2449,0,64,222,206389.0,101778.0,3835,207,1632,1542,747,795,1542,18,163,3501.0,2000001.0,1585,790,0,0,42,627,21500.0,1711,1597,114,2783,831,1028,192,284,2116,3835,06,085,508005,06085508005,Santa Clara,181,11.74,2749,71.68,28.32,0.0,63.86,5.4,51.56,48.44,0.0,49.84,0.0,2.65,39.56,13.56,6.66,2335,83.9,55.18
Census Tract 5080.06; Santa Clara County; California,3817,51.1,3817,767,22,120,2704,15,7,182,240833.0,106313.0,3817,126,1452,1410,1142,268,1410,0,8,3501.0,2000001.0,2057,1194,38,27,89,583,29895.0,2140,2106,34,2810,991,901,100,168,2080,3817,06,085,508006,06085508006,Santa Clara,8,0.57,3050,79.91,20.09,0.58,70.84,3.3,19.01,80.99,1.85,58.05,1.31,4.33,28.34,14.53,1.59,2160,76.87,54.49
Census Tract 5081.01; Santa Clara County; California,6679,40.1,6679,1842,0,16,4216,0,75,530,250001.0,122695.0,6674,55,2485,2418,1461,957,2418,0,34,3501.0,2000001.0,3289,2020,27,13,68,929,53590.0,3471,3357,114,4525,1877,1449,165,358,3417,6679,06,085,508101,06085508101,Santa Clara,34,1.41,4837,72.42,27.58,0.0,63.12,0.82,39.58,60.42,0.82,61.42,0.4,2.07,28.25,16.29,3.28,3849,85.06,51.16
Census Tract 5081.02; Santa Clara County; California,3693,34.0,3693,897,71,16,2476,0,54,179,216094.0,105823.0,3650,18,1592,1353,520,833,1353,40,63,3478.0,2000001.0,1713,989,18,8,133,505,,1790,1725,65,2527,924,874,86,215,1972,3693,06,085,508102,06085508102,Santa Clara,103,7.61,2796,75.71,24.29,1.92,67.05,0.49,61.57,38.43,1.05,57.73,0.47,7.76,29.48,,3.63,2099,83.06,53.4
Census Tract 5082.03; Santa Clara County; California,5511,37.5,5511,2265,35,24,2944,0,35,208,250001.0,111410.0,5509,186,1889,1781,1113,668,1781,18,11,3501.0,2000001.0,2481,1242,40,34,16,961,33950.0,2594,2512,76,3639,1053,1494,113,383,2957,5511,06,085,508203,06085508203,Santa Clara,29,1.63,3246,58.9,41.1,0.64,53.42,3.38,37.51,62.49,1.61,50.06,1.37,0.64,38.73,13.68,2.93,3043,83.62,53.66
Census Tract 5082.04; Santa Clara County; California,4725,37.6,4725,986,67,0,3008,0,348,316,250001.0,122889.0,4725,220,1626,1617,906,711,1617,30,66,3501.0,2000001.0,2295,1390,16,26,8,725,,2506,2320,186,3194,965,1012,186,371,2449,4725,06,085,508204,06085508204,Santa Clara,96,5.94,3739,79.13,20.87,1.42,63.66,4.66,43.97,56.03,0.7,60.57,1.13,0.35,31.59,,7.42,2534,79.34,51.83
Census Tract 5082.05; Santa Clara County; California,4334,33.1,4334,939,34,0,2429,4,4,924,213981.0,103598.0,4332,125,1869,1672,528,1144,1672,27,34,3177.0,1772300.0,2551,1335,72,48,0,904,,2726,2593,133,3259,957,1148,167,182,2416,4334,06,085,508205,06085508205,Santa Clara,61,3.65,3395,78.33,21.67,0.78,56.05,2.89,68.42,31.58,2.82,52.33,1.88,0.0,35.44,,4.88,2454,75.3,55.75
Census Tract 5082.06; Santa Clara County; California,4048,40.5,4048,1433,0,7,2302,0,88,218,250001.0,112405.0,4048,141,1501,1424,1049,375,1424,0,0,3501.0,2000001.0,1949,1035,22,29,13,774,27665.0,2013,1973,40,2904,1166,836,134,185,1978,4048,06,085,508206,06085508206,Santa Clara,0,0.0,2615,64.6,35.4,0.0,56.87,3.48,26.33,73.67,1.13,53.1,1.49,0.67,39.71,14.19,1.99,2321,79.92,48.86
Census Tract 5083.01; Santa Clara County; California,4461,47.9,4461,1956,48,13,2175,0,103,166,250001.0,122263.0,4186,46,1550,1550,1238,312,1550,0,35,3033.0,2000001.0,1944,1206,100,0,12,569,37520.0,2049,1965,84,3382,1124,971,175,194,1605,4461,06,085,508301,06085508301,Santa Clara,35,2.26,2505,56.15,43.85,1.08,48.76,1.1,20.13,79.87,5.14,62.04,0.0,0.62,29.27,19.3,4.1,2464,72.86,35.98
Census Tract 5083.03; Santa Clara County; California,2647,51.1,2647,903,0,0,1480,0,88,176,219081.0,117066.0,2647,60,963,941,849,92,941,46,0,3501.0,2000001.0,1136,510,0,13,16,445,13535.0,1220,1155,65,2023,705,618,54,145,1186,2647,06,085,508303,06085508303,Santa Clara,46,4.89,1744,65.89,34.11,0.0,55.91,2.27,9.78,90.22,0.0,44.89,1.14,1.41,39.17,11.91,5.33,1522,75.23,44.81
Census Tract 5083.05; Santa Clara County; California,5284,32.9,5284,845,267,44,2653,0,945,530,121145.0,59171.0,5284,233,1987,1842,339,1503,1842,16,55,2500.0,1662900.0,2541,1799,17,23,34,433,46100.0,2691,2616,75,3353,1349,821,44,75,2625,5284,06,085,508305,06085508305,Santa Clara,71,3.85,4439,84.01,15.99,5.05,50.21,4.41,81.6,18.4,0.67,70.8,0.91,1.34,17.04,18.14,2.79,2289,68.27,49.68
Census Tract 5083.06; Santa Clara County; California,2980,47.0,2980,1077,7,0,1664,0,31,201,250001.0,136086.0,2980,55,1216,1156,728,428,1156,41,18,3501.0,2000001.0,1409,813,20,9,0,359,,1644,1502,142,2323,767,776,81,172,1733,2980,06,085,508306,06085508306,Santa Clara,59,5.1,1903,63.86,36.14,0.23,55.84,1.85,37.02,62.98,1.42,57.7,0.64,0.0,25.48,,8.64,1796,77.31,58.15
Census Tract 5084.01; Santa Clara County; California,8061,35.7,8061,2555,121,0,3922,0,553,910,198816.0,98848.0,7980,135,2498,2474,1587,887,2474,21,16,3383.0,2000001.0,3797,2358,39,48,18,1050,63400.0,4247,3934,313,5397,2071,1615,221,537,2997,8061,06,085,508401,06085508401,Santa Clara,37,1.5,5506,68.3,31.7,1.5,48.65,1.69,35.85,64.15,1.03,62.1,1.26,0.47,27.65,16.7,7.37,4444,82.34,37.18
Census Tract 5084.03; Santa Clara County; California,3176,41.9,3176,1568,11,0,1056,18,116,407,250001.0,126969.0,3069,69,1062,1003,850,153,1003,16,0,3501.0,2000001.0,1446,706,11,24,15,600,,1541,1511,30,2197,728,693,123,146,1099,3176,06,085,508403,06085508403,Santa Clara,16,1.6,1608,50.63,49.37,0.35,33.25,2.25,15.25,84.75,0.76,48.82,1.66,1.04,41.49,,1.95,1690,76.92,34.6
Census Tract 5084.04; Santa Clara County; California,6312,38.6,6312,2855,113,21,2722,28,150,423,213393.0,105826.0,6298,320,2364,2305,1292,1013,2305,15,25,3501.0,2000001.0,3098,1765,70,103,36,997,48690.0,3387,3114,273,4421,1562,1411,188,303,2793,6312,06,085,508404,06085508404,Santa Clara,40,1.74,3457,54.77,45.23,1.79,43.12,5.08,43.95,56.05,2.26,56.97,3.32,1.16,32.18,15.72,8.06,3464,78.35,44.25
Census Tract 5085.03; Santa Clara County; California,6020,34.7,6020,1313,101,71,4172,0,59,304,167763.0,91054.0,5942,475,2903,2643,724,1919,2643,38,224,2622.0,1616500.0,3175,1390,241,46,15,1211,50180.0,3280,3190,65,4428,1361,1855,36,269,3575,6020,06,085,508503,06085508503,Santa Clara,262,9.91,4707,78.19,21.81,1.68,69.3,7.99,72.61,27.39,7.59,43.78,1.45,0.47,38.14,15.8,1.98,3521,79.52,59.39
Census Tract 5085.05; Santa Clara County; California,4833,41.1,4833,1505,75,8,2089,0,441,715,205625.0,108849.0,4754,379,2160,2042,958,1084,2042,11,82,3243.0,1978800.0,2663,1571,81,43,9,849,37660.0,2759,2663,96,3821,1620,915,136,182,1948,4833,06,085,508505,06085508505,Santa Clara,93,4.55,3328,68.86,31.14,1.55,43.22,7.97,53.09,46.91,3.04,58.99,1.61,0.34,31.88,14.14,3.48,2853,74.67,40.31
Census Tract 5085.07; Santa Clara County; California,3388,31.4,3388,595,14,9,2500,16,21,233,174267.0,86793.0,3388,358,1625,1433,388,1045,1433,0,52,2804.0,978500.0,2030,989,7,10,36,780,32985.0,2201,2049,152,2565,1007,863,63,43,2120,3388,06,085,508507,06085508507,Santa Clara,52,3.63,2793,82.44,17.56,0.41,73.79,10.57,72.92,27.08,0.34,48.72,0.49,1.77,38.42,16.25,6.91,1976,77.04,62.57
Census Tract 5085.08; Santa Clara County; California,5873,36.1,5873,1349,74,10,2279,0,873,1288,133065.0,76494.0,5851,604,2121,2022,974,1048,2022,44,39,2687.0,2000001.0,2932,1776,198,79,97,494,62325.0,3258,3048,210,4102,972,841,64,209,2889,5873,06,085,508508,06085508508,Santa Clara,83,4.1,4524,77.03,22.97,1.26,38.8,10.32,51.83,48.17,6.75,60.57,2.69,3.31,16.85,21.26,6.45,2086,50.85,49.19
Census Tract 5085.09; Santa Clara County; California,4240,31.8,4240,718,46,37,2553,384,371,131,161270.0,92714.0,4240,388,2331,2240,61,2179,2240,0,504,2734.0,,2635,1246,313,18,136,727,,2828,2655,173,3352,800,1070,91,210,2541,4240,06,085,508509,06085508509,Santa Clara,504,22.5,3522,83.07,16.93,1.08,60.21,9.15,97.28,2.72,11.88,47.29,0.68,5.16,27.59,,6.12,2171,64.77,59.93
Census Tract 5085.10; Santa Clara County; California,3606,33.2,3606,509,0,211,1978,0,310,598,174167.0,82137.0,3598,512,1402,1292,473,819,1292,0,180,2837.0,1440700.0,2015,1076,230,18,143,325,41345.0,2315,2191,124,2608,581,1001,77,10,2146,3606,06,085,508510,06085508510,Santa Clara,180,13.93,3097,85.88,14.12,0.0,54.85,14.23,63.39,36.61,11.41,53.4,0.89,7.1,16.13,20.52,5.36,1669,64.0,59.51
Census Tract 5086.01; Santa Clara County; California,3914,40.8,3914,1372,0,9,1868,0,365,300,195804.0,120795.0,3914,167,1618,1560,926,634,1560,42,33,3501.0,2000001.0,2207,1281,60,114,17,611,35980.0,2323,2303,20,2897,949,632,47,486,1734,3914,06,085,508601,06085508601,Santa Clara,75,4.81,2542,64.95,35.05,0.0,47.73,4.27,40.64,59.36,2.72,58.04,5.17,0.77,27.68,16.3,0.86,2114,72.97,44.3
Census Tract 5086.02; Santa Clara County; California,6074,34.5,6074,2546,303,37,2320,0,281,587,180959.0,106331.0,6074,482,2881,2711,599,2112,2711,22,443,3277.0,1855200.0,3599,1312,340,46,75,1186,62165.0,3876,3608,217,4593,1596,1182,128,296,2256,6074,06,085,508602,06085508602,Santa Clara,465,17.15,3528,58.08,41.92,4.99,38.2,7.94,77.9,22.1,9.45,36.45,1.28,2.08,32.95,17.27,5.6,3202,69.71,37.14
Census Tract 5087.05; Santa Clara County; California,4452,32.3,4452,1172,11,0,2766,0,354,149,189571.0,109562.0,4444,76,1991,1905,564,1341,1905,37,99,3214.0,1632900.0,3083,1685,94,26,56,914,52965.0,3151,3091,56,3486,1004,1447,68,111,2348,4452,06,085,508705,06085508705,Santa Clara,136,7.14,3280,73.67,26.33,0.25,62.13,1.71,70.39,29.61,3.05,54.65,0.84,1.82,29.65,17.18,1.78,2630,75.44,52.74
Census Tract 5087.06; Santa Clara County; California,4295,35.8,4295,818,172,70,2443,12,406,374,216210.0,96775.0,4276,182,1679,1637,709,928,1637,21,87,3200.0,1315500.0,2521,1156,134,7,24,855,44285.0,2803,2594,209,3496,1045,1322,35,104,2830,4295,06,085,508706,06085508706,Santa Clara,108,6.6,3477,80.95,19.05,4.0,56.88,4.26,56.69,43.31,5.32,45.85,0.28,0.95,33.92,17.57,7.46,2506,71.68,65.89
Census Tract 5087.07; Santa Clara County; California,3907,33.1,3907,825,37,43,2172,0,341,489,173165.0,103876.0,3907,273,1698,1573,653,920,1573,21,122,2639.0,1530200.0,2524,1036,105,108,47,908,40040.0,2747,2562,185,3080,852,1088,14,114,1922,3907,06,085,508707,06085508707,Santa Clara,143,9.09,3082,78.88,21.12,0.95,55.59,6.99,58.49,41.51,4.16,41.05,4.28,1.86,35.97,15.86,6.73,2068,67.14,49.19
Census Tract 5087.08; Santa Clara County; California,6682,30.6,6682,826,15,0,5095,0,249,497,250001.0,151533.0,6682,491,3411,3172,927,2245,3172,14,451,3501.0,1694000.0,4831,2179,155,55,51,2025,54690.0,5273,4876,397,5361,1180,2821,16,752,4606,6682,06,085,508708,06085508708,Santa Clara,465,14.66,5856,87.64,12.36,0.22,76.25,7.35,70.78,29.22,3.21,45.1,1.14,1.06,41.92,11.32,7.53,4769,88.96,68.93
Census Tract 5088; Santa Clara County; California,3619,33.1,3619,533,157,44,1302,68,1107,408,143333.0,86405.0,3589,279,1418,1400,399,1001,1400,0,73,2805.0,1925800.0,2543,1332,231,32,63,409,,2656,2566,90,2654,579,645,42,178,1945,3619,06,085,508800,06085508800,Santa Clara,73,5.21,3086,85.27,14.73,4.34,35.98,7.77,71.5,28.5,9.08,52.38,1.26,2.48,16.08,,3.39,1444,54.41,53.74
Census Tract 5089; Santa Clara County; California,4428,38.8,4428,790,44,43,1993,0,901,657,156726.0,71432.0,4428,354,1734,1601,739,862,1601,11,22,2458.0,1302300.0,2513,1525,160,15,8,557,37930.0,2801,2579,217,3234,976,596,63,97,2241,4428,06,085,508900,06085508900,Santa Clara,33,2.06,3638,82.16,17.84,0.99,45.01,7.99,53.84,46.16,6.37,60.68,0.6,0.32,22.16,15.09,7.75,1732,53.56,50.61
Census Tract 5090.01; Santa Clara County; California,3031,37.6,3031,775,0,9,1052,0,885,310,162981.0,89395.0,3031,229,1146,1093,615,478,1093,0,23,2605.0,1662600.0,1890,958,1,4,19,484,,1961,1953,8,2303,384,493,65,92,1591,3031,06,085,509001,06085509001,Santa Clara,23,2.1,2256,74.43,25.57,0.0,34.71,7.56,43.73,56.27,0.05,50.69,0.21,1.01,25.61,,0.41,1034,44.9,52.49
Census Tract 5090.02; Santa Clara County; California,4097,36.2,4097,693,27,29,1122,0,1329,897,175625.0,82302.0,4097,255,1518,1434,784,650,1434,0,21,3200.0,1300900.0,2395,1509,123,8,29,464,,2508,2434,53,2922,624,654,52,73,1647,4097,06,085,509002,06085509002,Santa Clara,21,1.46,3404,83.09,16.91,0.66,27.39,6.22,45.33,54.67,5.14,63.01,0.33,1.21,19.37,,2.11,1403,48.02,40.2
Census Tract 5091.02; Santa Clara County; California,4704,32.0,4704,1324,50,30,2842,0,172,286,229505.0,127304.0,4704,260,2372,2229,572,1657,2229,31,98,3147.0,1273800.0,2992,1440,195,12,67,901,48605.0,3103,3029,74,3712,1168,1489,65,365,2570,4704,06,085,509102,06085509102,Santa Clara,129,5.79,3380,71.85,28.15,1.06,60.42,5.53,74.34,25.66,6.52,48.13,0.4,2.24,30.11,16.24,2.38,3087,83.16,54.63
Census Tract 5091.06; Santa Clara County; California,4123,33.0,4123,1578,56,15,1652,0,342,480,159951.0,109331.0,4115,256,2054,1985,480,1505,1985,12,153,2831.0,2000001.0,2586,1515,131,99,39,614,44895.0,2672,2595,77,3153,1119,894,98,296,2267,4123,06,085,509106,06085509106,Santa Clara,165,8.31,2545,61.73,38.27,1.36,40.07,6.22,75.82,24.18,5.07,58.58,3.83,1.51,23.74,17.36,2.88,2407,76.34,54.98
Census Tract 5091.07; Santa Clara County; California,5107,30.3,5107,1154,269,0,2322,0,304,1058,143611.0,86887.0,4941,229,2234,2070,81,1989,2070,0,204,2787.0,1815900.0,3236,1712,65,78,0,697,,3343,3293,50,3523,886,1070,133,99,3078,5107,06,085,509107,06085509107,Santa Clara,204,9.86,3953,77.4,22.6,5.27,45.47,4.63,96.09,3.91,2.01,52.9,2.41,0.0,21.54,,1.5,2188,62.11,60.27
Census Tract 5091.08; Santa Clara County; California,4617,36.8,4617,1205,291,0,1837,0,443,841,219063.0,110130.0,4617,183,1962,1869,880,989,1869,32,102,2690.0,1519700.0,2812,1427,201,76,193,685,52160.0,2956,2852,104,3678,1197,1004,109,227,1993,4617,06,085,509108,06085509108,Santa Clara,134,7.17,3412,73.9,26.1,6.3,39.79,3.96,52.92,47.08,7.15,50.75,2.7,6.86,24.36,18.55,3.52,2537,68.98,43.17
Census Tract 5091.09; Santa Clara County; California,7153,32.3,7153,2083,81,18,2733,0,225,2013,250001.0,112535.0,7127,305,2851,2589,1076,1513,2589,9,105,3501.0,1686300.0,4279,2141,211,138,35,1257,64520.0,4402,4267,112,4810,1110,1963,178,309,3465,7153,06,085,509109,06085509109,Santa Clara,114,4.4,5070,70.88,29.12,1.13,38.21,4.28,58.44,41.56,4.93,50.04,3.23,0.82,29.38,15.08,2.54,3560,74.01,48.44
Census Tract 5091.10; Santa Clara County; California,3317,34.2,3317,1470,105,21,1447,0,96,178,192045.0,102077.0,3225,186,1637,1392,207,1185,1392,0,61,3501.0,1453100.0,1733,757,80,102,15,699,,1930,1807,123,2366,596,962,45,226,1731,3317,06,085,509110,06085509110,Santa Clara,61,4.38,1847,55.68,44.32,3.17,43.62,5.77,85.13,14.87,4.62,43.68,5.89,0.87,40.33,,6.37,1829,77.3,52.19
Census Tract 5091.11; Santa Clara County; California,4643,34.0,4643,1681,47,55,1674,0,314,872,135398.0,93742.0,4606,348,2140,1989,583,1406,1989,24,113,3068.0,382600.0,2381,1270,54,59,72,638,,2479,2401,78,3381,836,1035,123,207,2135,4643,06,085,509111,06085509111,Santa Clara,137,6.89,2962,63.79,36.21,1.01,36.05,7.56,70.69,29.31,2.27,53.34,2.48,3.02,26.8,,3.15,2201,65.1,45.98
Census Tract 5092.01; Santa Clara County; California,5287,38.8,5287,2530,74,36,1801,0,342,504,182611.0,124605.0,5287,93,2779,2681,1088,1593,2681,115,186,3005.0,1610000.0,3250,1415,222,172,82,1238,,3425,3321,104,4322,1120,1290,281,307,1925,5287,06,085,509201,06085509201,Santa Clara,301,11.23,2757,52.15,47.85,1.4,34.06,1.76,59.42,40.58,6.83,43.54,5.29,2.52,38.09,,3.04,2998,69.37,36.41
Census Tract 5092.02; Santa Clara County; California,4222,36.5,4222,1682,145,14,1619,0,332,430,228462.0,107162.0,4222,441,2019,1636,918,718,1636,16,104,2680.0,1823100.0,2289,1319,34,49,42,589,38655.0,2378,2329,49,3089,1140,673,167,295,1645,4222,06,085,509202,06085509202,Santa Clara,120,7.33,2540,60.16,39.84,3.43,38.35,10.45,43.89,56.11,1.49,57.62,2.14,1.83,25.73,16.89,2.06,2275,73.65,38.96
Census Tract 5093.02; Santa Clara County; California,3508,43.6,3508,1528,558,0,907,0,172,343,169896.0,94831.0,3472,180,1411,1222,685,537,1222,8,106,3348.0,2000001.0,1716,764,30,54,32,775,,1917,1786,131,2601,873,515,92,331,1539,3508,06,085,509302,06085509302,Santa Clara,114,9.33,1980,56.44,43.56,15.91,25.86,5.18,43.94,56.06,1.75,44.52,3.15,1.86,45.16,,6.83,1811,69.63,43.87
Census Tract 5093.03; Santa Clara County; California,3565,37.9,3565,1445,52,35,1510,0,78,445,175288.0,99244.0,3562,194,1893,1651,588,1063,1651,48,188,2500.0,1474500.0,1954,1010,88,113,87,518,30135.0,2010,1969,31,2874,807,811,115,295,1667,3565,06,085,509303,06085509303,Santa Clara,236,14.29,2120,59.47,40.53,1.46,42.36,5.45,64.39,35.61,4.5,51.69,5.78,4.45,26.51,15.42,1.54,2028,70.56,46.76
Census Tract 5093.04; Santa Clara County; California,3175,32.5,3175,1148,9,7,1345,0,274,392,207381.0,105096.0,3175,57,1312,1156,494,662,1156,7,0,3252.0,1634300.0,1934,1016,56,75,69,446,,2057,1967,90,2221,555,757,94,299,1544,3175,06,085,509304,06085509304,Santa Clara,7,0.61,2027,63.84,36.16,0.28,42.36,1.8,57.27,42.73,2.9,52.53,3.88,3.57,23.06,,4.38,1705,76.77,48.63
Census Tract 5094.01; Santa Clara County; California,4746,35.6,4746,1914,11,3,1763,0,383,672,149258.0,110974.0,4746,367,2592,2409,424,1985,2409,14,300,2811.0,1921100.0,3151,1485,106,146,71,1099,44995.0,3243,3187,56,3843,1156,1135,189,463,2428,4746,06,085,509401,06085509401,Santa Clara,314,13.03,2832,59.67,40.33,0.23,37.15,7.73,82.4,17.6,3.36,47.13,4.63,2.25,34.88,14.28,1.73,2943,76.58,51.16
Census Tract 5094.03; Santa Clara County; California,4115,30.7,4115,1431,19,59,1007,0,495,1104,177847.0,111559.0,4115,360,2382,2003,304,1699,2003,0,126,2845.0,710700.0,3085,1505,108,174,0,1152,,3143,3107,36,3226,956,591,193,411,2284,4115,06,085,509403,06085509403,Santa Clara,126,6.29,2684,65.22,34.78,0.46,24.47,8.75,84.82,15.18,3.5,48.78,5.64,0.0,37.34,,1.15,2151,66.68,55.5
Census Tract 5094.04; Santa Clara County; California,6256,33.9,6256,2023,9,19,3346,0,188,671,203864.0,142047.0,6256,231,3612,3208,1066,2142,3208,68,171,3501.0,1551800.0,3926,2167,278,34,91,1194,73525.0,4163,4019,144,4909,1335,1533,623,564,3434,6256,06,085,509404,06085509404,Santa Clara,239,7.45,4233,67.66,32.34,0.14,53.48,3.69,66.77,33.23,7.08,55.2,0.87,2.32,30.41,18.73,3.46,4055,82.6,54.89
Census Tract 5095; Santa Clara County; California,5617,34.5,5617,1750,91,84,1728,0,1226,738,178892.0,99753.0,5592,443,2873,2555,444,2111,2555,49,315,2798.0,2000001.0,3312,2025,49,54,24,822,65195.0,3586,3370,199,4144,1169,1015,228,474,2328,5617,06,085,509500,06085509500,Santa Clara,364,14.25,3867,68.84,31.16,1.62,30.76,7.92,82.62,17.38,1.48,61.14,1.63,0.72,24.82,19.68,5.55,2886,69.64,41.45
Census Tract 5096; Santa Clara County; California,3724,32.9,3724,1802,37,0,1199,0,196,490,188676.0,121777.0,3719,548,1825,1712,353,1359,1712,10,86,3284.0,2000001.0,2301,1167,79,124,16,808,40840.0,2473,2310,146,2737,1104,857,136,290,1428,3724,06,085,509600,06085509600,Santa Clara,96,5.61,1922,51.61,48.39,0.99,32.2,14.74,79.38,20.62,3.43,50.72,5.39,0.7,35.12,17.75,5.9,2387,87.21,38.35
Census Tract 5097; Santa Clara County; California,3064,35.8,3064,1599,116,24,924,0,99,302,209607.0,118848.0,3048,140,1558,1375,585,790,1375,10,79,3463.0,2000001.0,1783,796,84,79,38,648,25535.0,1878,1829,39,2184,706,732,54,428,1098,3064,06,085,509700,06085509700,Santa Clara,89,6.47,1465,47.81,52.19,3.79,30.16,4.59,57.45,42.55,4.71,44.64,4.43,2.13,36.34,14.32,2.08,1920,87.91,35.84
Census Tract 5098.01; Santa Clara County; California,5969,38.6,5969,2869,30,38,2036,0,423,573,167957.0,108606.0,5969,92,2686,2531,1336,1195,2531,39,207,2387.0,2000001.0,3105,1623,115,197,142,783,,3317,3136,181,4021,1257,1318,269,334,2196,5969,06,085,509801,06085509801,Santa Clara,246,9.72,3100,51.93,48.07,0.5,34.11,1.54,47.21,52.79,3.7,52.27,6.34,4.57,25.22,,5.46,3178,79.04,36.79
Census Tract 5098.02; Santa Clara County; California,3090,38.1,3090,1062,82,16,1017,0,169,744,220694.0,117531.0,3089,234,1201,1119,638,481,1119,37,0,2765.0,2000001.0,1568,946,64,8,71,377,,1703,1588,115,1999,706,595,108,243,1079,3090,06,085,509802,06085509802,Santa Clara,37,3.31,2028,65.63,34.37,2.65,32.91,7.58,42.98,57.02,4.08,60.33,0.51,4.53,24.04,,6.75,1652,82.64,34.92
Census Tract 5099.01; Santa Clara County; California,2602,42.3,2602,1527,15,0,750,0,139,171,250001.0,124284.0,2472,40,815,775,647,128,775,3,6,3501.0,2000001.0,1208,638,5,27,92,422,,1258,1224,34,1611,485,587,112,170,635,2602,06,085,509901,06085509901,Santa Clara,9,1.16,1075,41.31,58.69,0.58,28.82,1.62,16.52,83.48,0.41,52.81,2.24,7.62,34.93,,2.7,1354,84.05,24.4
Census Tract 5099.02; Santa Clara County; California,5161,45.6,5161,2458,298,77,1856,0,37,435,222955.0,119888.0,5076,555,1878,1834,1281,553,1834,30,161,2602.0,2000001.0,2320,1329,10,123,24,770,41295.0,2442,2365,77,3654,1279,974,245,333,1613,5161,06,085,509902,06085509902,Santa Clara,191,10.41,2703,52.37,47.63,5.77,35.96,10.93,30.15,69.85,0.43,57.28,5.3,1.03,33.19,17.8,3.15,2831,77.48,31.25
Census Tract 5100.01; Santa Clara County; California,5852,46.1,5852,3130,13,0,1988,0,107,614,250001.0,146134.0,5757,125,2089,1959,1782,177,1959,74,0,3492.0,2000001.0,2435,1156,33,49,50,1022,,2708,2446,262,3889,1348,1486,308,354,1881,5852,06,085,510001,06085510001,Santa Clara,74,3.78,2722,46.51,53.49,0.22,33.97,2.17,9.04,90.96,1.36,47.47,2.01,2.05,41.97,,9.68,3496,89.89,32.14
Census Tract 5100.02; Santa Clara County; California,4131,44.8,4131,1939,0,0,1654,0,90,448,250001.0,155150.0,4110,60,1431,1340,1140,200,1340,15,0,3501.0,2000001.0,1945,858,7,81,9,885,24745.0,2021,1968,53,2851,816,969,323,430,1590,4131,06,085,510002,06085510002,Santa Clara,15,1.12,2192,53.06,46.94,0.0,40.04,1.46,14.93,85.07,0.36,44.11,4.16,0.46,45.5,12.72,2.62,2538,89.02,38.49
Census Tract 5101; Santa Clara County; California,2792,51.1,2792,1474,16,0,1134,0,0,168,250001.0,147151.0,2792,275,1135,1045,917,128,1045,0,0,3501.0,2000001.0,1017,504,0,12,0,445,,1073,1049,24,1968,704,545,246,176,912,2792,06,085,510100,06085510100,Santa Clara,0,0.0,1318,47.21,52.79,0.57,40.62,9.85,12.25,87.75,0.0,49.56,1.18,0.0,43.76,,2.24,1671,84.91,32.66
Census Tract 5102; Santa Clara County; California,4565,47.8,4565,2564,0,0,1626,0,97,278,250001.0,158290.0,4565,39,1663,1574,1440,134,1574,35,0,3501.0,2000001.0,1989,1131,27,47,20,716,,2063,1989,74,3184,909,1252,240,375,1347,4565,06,085,510200,06085510200,Santa Clara,35,2.22,2001,43.83,56.17,0.0,35.62,0.85,8.51,91.49,1.36,56.86,2.36,1.01,36.0,,3.59,2776,87.19,29.51
Census Tract 5103; Santa Clara County; California,4649,41.5,4649,2342,0,0,1851,0,77,379,250001.0,142061.0,4649,151,1861,1721,1307,414,1721,39,19,3501.0,2000001.0,2030,1001,10,31,109,739,,2158,2098,60,3242,1216,908,328,409,1605,4649,06,085,510300,06085510300,Santa Clara,58,3.37,2307,49.62,50.38,0.0,39.82,3.25,24.06,75.94,0.49,49.31,1.53,5.37,36.4,,2.78,2861,88.25,34.52
Census Tract 5104; Santa Clara County; California,3495,43.8,3495,1491,28,0,1647,0,139,190,250001.0,156282.0,3491,61,1459,1286,960,326,1286,8,0,3501.0,2000001.0,1693,810,8,30,48,716,,1766,1697,69,2480,854,844,166,392,1557,3495,06,085,510400,06085510400,Santa Clara,8,0.62,2004,57.34,42.66,0.8,47.12,1.75,25.35,74.65,0.47,47.84,1.77,2.84,42.29,,3.91,2256,90.97,44.55
Census Tract 5105; Santa Clara County; California,4911,48.8,4911,2450,2,0,2021,0,69,369,250001.0,151994.0,4805,248,1966,1751,1345,406,1751,42,94,3501.0,2000001.0,1875,1047,9,49,21,654,,1982,1895,87,3428,1007,1298,277,392,1836,4911,06,085,510500,06085510500,Santa Clara,136,7.77,2461,50.11,49.89,0.04,41.15,5.16,23.19,76.81,0.48,55.84,2.61,1.12,34.88,,4.39,2974,86.76,37.39
Census Tract 5106; Santa Clara County; California,6602,44.6,6602,2623,30,38,2415,0,745,751,198068.0,98033.0,6602,1241,2595,2302,1373,929,2302,14,50,3143.0,2000001.0,2644,1268,16,82,111,1053,35575.0,2840,2689,151,4424,1096,1215,544,822,2361,6602,06,085,510600,06085510600,Santa Clara,64,2.78,3979,60.27,39.73,0.45,36.58,18.8,40.36,59.64,0.61,47.96,3.1,4.2,39.83,13.45,5.32,3677,83.11,35.76
Census Tract 5107; Santa Clara County; California,4740,41.2,4740,1796,20,29,2357,0,19,519,182266.0,126535.0,4740,157,2500,2267,965,1302,2267,0,138,2808.0,2000001.0,3013,1410,70,113,57,1045,45350.0,3094,3035,59,3669,831,921,421,823,1912,4740,06,085,510700,06085510700,Santa Clara,138,6.09,2944,62.11,37.89,0.42,49.73,3.31,57.43,42.57,2.32,46.8,3.75,1.89,34.68,15.05,1.91,2996,81.66,40.34
Census Tract 5108.01; Santa Clara County; California,5244,48.1,5244,1705,321,0,2712,0,131,375,250001.0,131317.0,5244,85,2116,1893,1375,518,1893,35,35,3501.0,2000001.0,2293,950,0,157,38,923,,2428,2296,107,3710,1026,1474,232,615,2193,5244,06,085,510801,06085510801,Santa Clara,70,3.7,3539,67.49,32.51,6.12,51.72,1.62,27.36,72.64,0.0,41.43,6.85,1.66,40.25,,4.41,3347,90.22,41.82
Census Tract 5108.02; Santa Clara County; California,2014,43.4,2014,1088,0,5,687,0,61,173,250001.0,135835.0,2012,43,733,686,462,224,686,17,0,3501.0,2000001.0,908,485,17,49,40,293,14160.0,965,930,35,1385,435,520,72,158,652,2014,06,085,510802,06085510802,Santa Clara,17,2.48,926,45.98,54.02,0.0,34.11,2.14,32.65,67.35,1.87,53.41,5.4,4.41,32.27,15.59,3.63,1185,85.56,32.37
Census Tract 5108.03; Santa Clara County; California,3406,39.7,3406,1398,0,49,1622,0,26,311,250001.0,116893.0,3406,239,1239,1214,575,639,1214,4,120,2531.0,2000001.0,1755,656,50,62,172,653,,1801,1778,23,2259,800,622,128,301,1326,3406,06,085,510803,06085510803,Santa Clara,124,10.21,2008,58.95,41.05,0.0,47.62,7.02,52.64,47.36,2.85,37.38,3.53,9.8,37.21,,1.28,1851,81.94,38.93
Census Tract 5109; Santa Clara County; California,4431,47.4,4431,1965,66,0,1782,0,223,395,183536.0,123970.0,4431,93,2193,1863,1202,661,1863,96,159,3390.0,2000001.0,2169,1204,30,82,14,699,30625.0,2265,2181,84,3279,811,884,142,612,1525,4431,06,085,510900,06085510900,Santa Clara,255,13.69,2466,55.65,44.35,1.49,40.22,2.1,35.48,64.52,1.38,55.51,3.78,0.65,32.23,14.12,3.71,2449,74.69,34.42
Census Tract 5110; Santa Clara County; California,7180,40.2,7180,2611,31,0,3754,0,283,501,250001.0,106227.0,7180,126,2582,2348,1308,1040,2348,66,33,3501.0,2000001.0,3329,1770,123,263,0,1037,,3647,3361,286,4873,1301,1426,274,995,3310,7180,06,085,511000,06085511000,Santa Clara,99,4.22,4569,63.64,36.36,0.43,52.28,1.75,44.29,55.71,3.69,53.17,7.9,0.0,31.15,,7.84,3996,82.0,46.1
Census Tract 5111; Santa Clara County; California,5379,49.2,5379,2481,8,111,2356,6,39,378,250001.0,132629.0,5379,154,2059,1999,1643,356,1999,21,0,3501.0,2000001.0,2141,1169,0,185,0,676,,2452,2172,272,3945,1117,1583,252,340,1804,5379,06,085,511100,06085511100,Santa Clara,21,1.05,2898,53.88,46.12,0.15,43.8,2.86,17.81,82.19,0.0,54.6,8.64,0.0,31.57,,11.09,3292,83.45,33.54
Census Tract 5112; Santa Clara County; California,4765,45.0,4765,2838,50,2,1277,23,15,560,250001.0,156462.0,4765,122,1856,1728,1244,484,1728,12,20,3501.0,2000001.0,2289,903,24,139,18,1177,24255.0,2356,2300,56,3269,768,1141,419,557,1164,4765,06,085,511200,06085511200,Santa Clara,32,1.85,1927,40.44,59.56,1.05,26.8,2.56,28.01,71.99,1.05,39.45,6.07,0.79,51.42,10.6,2.38,2885,88.25,24.43
Census Tract 5113.01; Santa Clara County; California,4163,48.2,4163,2381,304,1,677,0,42,758,238750.0,136260.0,4069,139,1925,1670,824,846,1670,23,101,3463.0,2000001.0,2131,713,57,165,93,997,,2235,2159,76,3129,1072,1009,268,287,967,4163,06,085,511301,06085511301,Santa Clara,124,7.43,1782,42.81,57.19,7.3,16.26,3.42,50.66,49.34,2.67,33.46,7.74,4.36,46.79,,3.4,2636,84.24,23.23
Census Tract 5113.02; Santa Clara County; California,3880,48.6,3880,1779,18,86,1080,0,548,369,139167.0,95027.0,3727,680,2430,1886,527,1359,1886,53,596,2674.0,1934700.0,1928,587,42,201,162,632,,1953,1928,25,3071,1151,620,180,350,1724,3880,06,085,511302,06085511302,Santa Clara,649,34.41,2101,54.15,45.85,0.46,27.84,18.25,72.06,27.94,2.18,30.45,10.43,8.4,32.78,,1.28,2301,74.93,44.43
Census Tract 5114; Santa Clara County; California,3608,45.1,3608,1959,4,0,1289,0,44,312,250001.0,187708.0,3608,52,1518,1384,928,456,1384,0,54,3501.0,2000001.0,1833,775,32,155,57,749,25245.0,1870,1833,37,2616,736,863,192,488,1266,3608,06,085,511400,06085511400,Santa Clara,54,3.9,1649,45.7,54.3,0.11,35.73,1.44,32.95,67.05,1.75,42.28,8.46,3.11,40.86,13.77,1.98,2279,87.12,35.09
Census Tract 5115.01; Santa Clara County; California,4680,37.9,4680,2558,231,4,1412,0,73,402,173470.0,107454.0,4651,480,2255,1897,750,1147,1897,20,274,3408.0,2000001.0,2541,897,126,315,370,747,,2580,2554,26,3450,917,837,293,669,1750,4680,06,085,511501,06085511501,Santa Clara,294,15.5,2122,45.34,54.66,4.94,30.17,10.32,60.46,39.54,4.96,35.3,12.4,14.56,29.4,,1.01,2716,78.72,37.39
Census Tract 5115.02; Santa Clara County; California,3022,38.7,3022,1997,57,17,512,11,92,336,250001.0,129232.0,2071,17,1063,858,847,11,858,8,0,,2000001.0,1458,272,30,343,199,527,15685.0,1510,1490,20,1767,220,222,199,1072,893,3022,06,085,511502,06085511502,Santa Clara,8,0.93,1025,33.92,66.08,1.89,16.94,0.82,1.28,98.72,2.06,18.66,23.53,13.65,36.15,10.76,1.32,1713,96.94,29.55
Census Tract 5116.08; Santa Clara County; California,3316,20.5,3316,1380,244,91,954,10,259,378,42824.0,15105.0,318,114,293,235,0,235,235,0,112,1706.0,,1310,194,37,404,361,188,,1542,1344,198,575,249,187,0,39,670,3316,06,085,511608,06085511608,Santa Clara,112,47.66,1936,58.38,41.62,7.36,28.77,35.85,100.0,0.0,2.82,14.81,30.84,27.56,14.35,,12.84,475,82.61,20.21
Census Tract 5116.09; Santa Clara County; California,3441,38.7,3441,1603,65,14,1097,23,266,373,148365.0,112661.0,3340,199,1970,1664,157,1507,1664,8,173,3501.0,1247000.0,1697,683,10,292,333,323,26615.0,1821,1758,56,2716,552,609,386,766,1532,3441,06,085,511609,06085511609,Santa Clara,181,10.88,1838,53.41,46.59,1.89,31.88,5.96,90.56,9.44,0.59,40.25,17.21,19.62,19.03,15.68,3.08,2313,85.16,44.52
Census Tract 5117.01; Santa Clara County; California,4368,51.4,4368,2732,0,0,1035,167,99,335,250001.0,167118.0,4368,155,1590,1489,1362,127,1489,7,0,3501.0,2000001.0,1887,890,30,41,31,851,28965.0,1972,1915,57,3139,884,1104,237,324,1288,4368,06,085,511701,06085511701,Santa Clara,7,0.47,1636,37.45,62.55,0.0,23.7,3.55,8.53,91.47,1.59,47.16,2.17,1.64,45.1,15.35,2.89,2549,81.2,29.49
Census Tract 5117.02; Santa Clara County; California,2859,48.3,2859,1529,0,0,1072,0,76,182,250001.0,145912.0,2859,109,1020,966,836,130,966,6,0,3501.0,2000001.0,1162,644,5,0,0,422,,1253,1162,91,2005,615,694,290,177,1036,2859,06,085,511702,06085511702,Santa Clara,6,0.62,1330,46.52,53.48,0.0,37.5,3.81,13.46,86.54,0.43,55.42,0.0,0.0,36.32,,7.26,1776,88.58,36.24
Census Tract 5117.04; Santa Clara County; California,4480,56.8,4480,1795,0,0,2292,51,64,278,250001.0,159543.0,4480,485,1919,1682,1588,94,1682,25,0,3501.0,2000001.0,1825,952,16,0,52,770,30755.0,1907,1840,67,3516,1169,1134,345,415,1606,4480,06,085,511704,06085511704,Santa Clara,25,1.49,2685,59.93,40.07,0.0,51.16,10.83,5.59,94.41,0.88,52.16,0.0,2.85,42.19,16.85,3.51,3063,87.12,35.85
Census Tract 5117.05; Santa Clara County; California,2145,43.7,2145,1278,26,2,588,10,34,207,250001.0,124959.0,2036,47,644,642,528,114,642,15,0,2869.0,2000001.0,991,482,28,287,11,160,17580.0,1021,995,26,1618,249,406,99,477,757,2145,06,085,511705,06085511705,Santa Clara,15,2.34,867,40.42,59.58,1.21,27.41,2.31,17.76,82.24,2.83,48.64,28.96,1.11,16.15,17.74,2.55,1231,76.08,35.29
Census Tract 5117.07; Santa Clara County; California,3047,58.5,3047,1712,90,0,989,22,62,172,203068.0,107234.0,2966,175,1309,1169,957,212,1169,54,64,3501.0,2000001.0,1042,382,3,0,11,514,,1115,1065,50,2209,662,683,217,127,796,3047,06,085,511707,06085511707,Santa Clara,118,10.09,1335,43.81,56.19,2.95,32.46,5.9,18.14,81.86,0.29,36.66,0.0,1.06,49.33,,4.48,1689,76.46,26.12
Census Tract 5118; Santa Clara County; California,4289,45.8,4289,3335,0,0,216,0,201,537,196786.0,107978.0,4273,171,1814,1634,1323,311,1634,27,0,2359.0,1224500.0,2368,1518,49,0,15,558,,2512,2384,128,3149,929,938,84,145,563,4289,06,085,511800,06085511800,Santa Clara,27,1.65,954,22.24,77.76,0.0,5.04,4.0,19.03,80.97,2.07,64.1,0.0,0.63,23.56,,5.1,2096,66.56,13.13
Census Tract 5119.05; Santa Clara County; California,3084,45.9,3084,1389,21,9,1493,0,0,172,250001.0,114664.0,3084,23,1108,1075,884,191,1075,19,0,3501.0,1711500.0,1367,749,19,18,0,533,29015.0,1409,1387,22,2058,725,606,126,123,1127,3084,06,085,511905,06085511905,Santa Clara,19,1.77,1695,54.96,45.04,0.68,48.41,0.75,17.77,82.23,1.39,54.79,1.32,0.0,38.99,21.23,1.56,1580,76.77,36.54
Census Tract 5119.07; Santa Clara County; California,4096,44.4,4096,1469,0,0,2237,0,219,171,250001.0,117748.0,4096,38,1341,1255,1109,146,1255,16,18,3501.0,1756600.0,1910,966,50,0,0,704,,2097,2026,71,2889,1117,770,115,258,2018,4096,06,085,511907,06085511907,Santa Clara,34,2.71,2627,64.14,35.86,0.0,54.61,0.93,11.63,88.37,2.62,50.58,0.0,0.0,36.86,,3.39,2260,78.23,49.27
Census Tract 5119.10; Santa Clara County; California,2992,52.7,2992,1689,0,0,945,133,0,225,250001.0,123951.0,2992,176,1096,1087,983,104,1087,8,0,3501.0,2000001.0,1431,1071,6,0,0,322,,1508,1446,62,2285,940,516,80,83,904,2992,06,085,511910,06085511910,Santa Clara,8,0.74,1303,43.55,56.45,0.0,31.58,5.88,9.57,90.43,0.42,74.84,0.0,0.0,22.5,,4.11,1619,70.85,30.21
Census Tract 5119.11; Santa Clara County; California,4601,52.5,4601,2673,165,0,1098,0,60,605,167639.0,101765.0,4601,320,2057,1973,1472,501,1973,29,0,1870.0,1718900.0,2343,1541,34,0,45,589,47365.0,2524,2417,107,3661,1404,524,80,170,1452,4601,06,085,511911,06085511911,Santa Clara,29,1.47,1928,41.9,58.1,3.59,23.86,6.96,25.39,74.61,1.45,65.77,0.0,1.92,25.14,20.22,4.24,2178,59.49,31.56
Census Tract 5119.12; Santa Clara County; California,5286,47.4,5286,1854,0,10,2846,0,74,502,232214.0,102624.0,5285,110,1726,1726,1530,196,1726,12,6,3501.0,2000001.0,2384,1230,51,0,29,787,54335.0,2524,2391,133,3767,1277,1388,135,289,2533,5286,06,085,511912,06085511912,Santa Clara,18,1.04,3432,64.93,35.07,0.0,53.84,2.08,11.36,88.64,2.14,51.59,0.0,1.22,33.01,22.79,5.27,3089,82.0,47.92
Census Tract 5119.13; Santa Clara County; California,4282,44.2,4282,2739,27,64,886,0,36,530,250001.0,120286.0,4277,25,1443,1432,1294,138,1432,0,0,3501.0,1902800.0,2295,1270,8,0,8,837,,2362,2321,41,2945,1256,603,87,172,1055,4282,06,085,511913,06085511913,Santa Clara,0,0.0,1543,36.03,63.97,0.63,20.69,0.58,9.64,90.36,0.35,55.34,0.0,0.35,36.47,,1.74,2118,71.92,24.64
Census Tract 5119.14; Santa Clara County; California,6287,43.9,6287,2978,56,11,2167,0,87,988,250001.0,107577.0,6287,119,2088,2080,1913,167,2080,49,0,3391.0,1825600.0,2971,1572,127,10,88,1110,60915.0,3220,3138,82,4147,1342,1215,333,240,2250,6287,06,085,511914,06085511914,Santa Clara,49,2.36,3309,52.63,47.37,0.89,34.47,1.89,8.03,91.97,4.27,52.91,0.34,2.96,37.36,20.5,2.55,3130,75.48,35.79
Census Tract 5119.15; Santa Clara County; California,3754,37.4,3754,1220,0,66,765,0,501,1202,81458.0,46297.0,3754,627,1467,1393,532,861,1393,0,373,2331.0,1273900.0,1576,788,0,82,20,459,,1785,1706,79,2356,521,357,84,64,1539,3754,06,085,511915,06085511915,Santa Clara,373,26.78,2534,67.5,32.5,0.0,20.38,16.7,61.81,38.19,0.0,50.0,5.2,1.27,29.12,,4.43,1026,43.55,41.0
Census Tract 5119.16; Santa Clara County; California,4483,41.2,4483,1833,215,41,1582,0,273,539,191735.0,87209.0,4478,172,1635,1548,956,592,1548,10,39,2247.0,1637800.0,2146,1486,92,0,46,408,52455.0,2431,2193,238,2916,971,652,46,117,1638,4483,06,085,511916,06085511916,Santa Clara,49,3.17,2650,59.11,40.89,4.8,35.29,3.84,38.24,61.76,4.29,69.25,0.0,2.14,19.01,24.44,9.79,1786,61.25,36.54
Census Tract 5119.17; Santa Clara County; California,4379,50.2,4379,1446,117,5,2541,0,43,227,250001.0,118478.0,4379,37,1663,1638,1581,57,1638,14,0,3501.0,2000001.0,2056,1179,18,0,7,739,49840.0,2175,2103,72,3228,1043,1123,126,284,2311,4379,06,085,511917,06085511917,Santa Clara,14,0.85,2933,66.98,33.02,2.67,58.03,0.84,3.48,96.52,0.88,57.34,0.0,0.34,35.94,24.24,3.31,2576,79.8,52.77
Census Tract 5119.18; Santa Clara County; California,3243,47.3,3243,1319,0,18,1123,0,414,369,250001.0,95813.0,3243,50,1044,982,937,45,982,27,0,3501.0,2000001.0,1408,950,0,0,0,414,,1509,1421,88,2384,686,660,135,133,1072,3243,06,085,511918,06085511918,Santa Clara,27,2.75,1924,59.33,40.67,0.0,34.63,1.54,4.58,95.42,0.0,67.47,0.0,0.0,29.4,,5.83,1614,67.7,33.06
Census Tract 5120.01; Santa Clara County; California,6102,42.9,6102,1349,198,97,3171,0,407,880,205750.0,78337.0,6084,105,1884,1846,1685,161,1846,39,0,3501.0,1343500.0,3425,2158,99,0,19,800,84775.0,3761,3537,224,4471,1485,783,154,50,2505,6102,06,085,512001,06085512001,Santa Clara,39,2.11,4753,77.89,22.11,3.24,51.97,1.73,8.72,91.28,2.89,63.01,0.0,0.55,23.36,24.75,5.96,2472,55.29,41.05
Census Tract 5120.05; Santa Clara County; California,6650,39.2,6650,3329,57,0,1812,0,310,1142,198012.0,70984.0,6640,214,2200,2148,1785,363,2148,12,0,2283.0,1355600.0,3267,1737,223,0,39,1006,,3485,3394,91,4515,1396,877,163,76,1603,6650,06,085,512005,06085512005,Santa Clara,12,0.56,3321,49.94,50.06,0.86,27.25,3.22,16.9,83.1,6.83,53.17,0.0,1.19,30.79,,2.61,2512,55.64,24.11
Census Tract 5120.19; Santa Clara County; California,4380,38.0,4380,1784,41,7,1313,42,218,975,122813.0,58905.0,4363,623,1539,1517,931,586,1517,21,22,3173.0,1207100.0,1957,1392,38,0,18,411,,2162,2033,118,2966,896,261,107,72,1291,4380,06,085,512019,06085512019,Santa Clara,43,2.83,2596,59.27,40.73,0.94,29.98,14.28,38.63,61.37,1.94,71.13,0.0,0.92,21.0,,5.46,1336,45.04,29.47
Census Tract 5120.21; Santa Clara County; California,5782,41.0,5782,1742,153,113,2622,0,505,647,148548.0,64078.0,5779,493,2095,1986,1670,316,1986,71,36,3501.0,1058100.0,3247,1991,78,0,0,987,,3400,3177,153,4217,1319,575,204,110,2433,5782,06,085,512021,06085512021,Santa Clara,107,5.39,4040,69.87,30.13,2.65,45.35,8.53,15.91,84.09,2.4,61.32,0.0,0.0,30.4,,4.5,2208,52.36,42.08
Census Tract 5120.22; Santa Clara County; California,6275,38.9,6275,1023,185,67,3087,0,581,1332,94495.0,37684.0,6238,1118,1948,1880,1092,788,1880,33,84,2373.0,398000.0,2738,1843,33,9,7,409,60360.0,3194,3017,177,4482,759,212,74,14,2807,6275,06,085,512022,06085512022,Santa Clara,117,6.22,5252,83.7,16.3,2.95,49.2,17.92,41.91,58.09,1.21,67.31,0.33,0.26,14.94,22.05,5.54,1059,23.63,44.73
Census Tract 5120.23; Santa Clara County; California,5346,34.4,5346,1326,266,101,1258,0,835,1560,106684.0,49658.0,5337,301,2001,1892,988,904,1892,48,37,2594.0,686700.0,2673,1786,2,35,52,378,62270.0,2956,2874,82,3653,660,458,76,55,1416,5346,06,085,512023,06085512023,Santa Clara,85,4.49,4020,75.2,24.8,4.98,23.53,5.64,47.78,52.22,0.07,66.82,1.31,1.95,14.14,23.3,2.77,1249,34.19,26.49
Census Tract 5120.24; Santa Clara County; California,5288,42.7,5288,2192,188,351,1043,0,359,1155,136168.0,61462.0,5274,463,1869,1813,862,951,1813,35,122,2150.0,1201300.0,2583,1633,107,0,66,486,47970.0,2795,2682,113,3703,1066,490,41,130,1943,5288,06,085,512024,06085512024,Santa Clara,157,8.66,3096,58.55,41.45,3.56,19.72,8.78,52.45,47.55,4.14,63.22,0.0,2.56,18.82,18.57,4.04,1727,46.64,36.74
Census Tract 5120.25; Santa Clara County; California,3062,43.8,3062,1274,74,13,950,12,146,593,220962.0,99847.0,3030,34,1010,984,851,133,984,0,56,3501.0,1338700.0,1495,823,23,0,10,417,33585.0,1672,1585,87,2170,658,521,49,93,869,3062,06,085,512025,06085512025,Santa Clara,56,5.69,1788,58.39,41.61,2.42,31.03,1.12,13.52,86.48,1.54,55.05,0.0,0.67,27.89,22.46,5.2,1321,60.88,28.38
Census Tract 5120.26; Santa Clara County; California,3734,39.4,3734,1025,46,40,1424,24,260,915,160156.0,66385.0,3725,128,1275,1245,1050,195,1245,18,0,3044.0,872600.0,2123,1234,29,0,0,474,51715.0,2302,2202,100,2663,687,380,148,29,1464,3734,06,085,512026,06085512026,Santa Clara,18,1.45,2709,72.55,27.45,1.23,38.14,3.44,15.66,84.34,1.37,58.13,0.0,0.0,22.33,24.36,4.34,1244,46.71,39.21
Census Tract 5120.27; Santa Clara County; California,3908,42.7,3908,1525,32,6,1098,0,482,765,106406.0,58566.0,3901,282,1674,1547,660,887,1547,0,141,2885.0,1191000.0,1924,1064,27,4,8,550,41435.0,2160,2040,120,2810,586,410,58,66,1272,3908,06,085,512027,06085512027,Santa Clara,141,9.11,2383,60.98,39.02,0.82,28.1,7.23,57.34,42.66,1.4,55.3,0.21,0.42,28.59,21.54,5.56,1120,39.86,32.55
Census Tract 5120.29; Santa Clara County; California,8115,35.5,8115,3839,52,0,1782,0,658,1784,180725.0,63122.0,8110,137,2529,2529,1971,558,2529,17,0,3364.0,1161100.0,3985,3064,0,0,33,549,95375.0,4264,4038,226,5456,1474,910,127,83,1645,8115,06,085,512029,06085512029,Santa Clara,17,0.67,4276,52.69,47.31,0.64,21.96,1.69,22.06,77.94,0.0,76.89,0.0,0.83,13.78,23.93,5.3,2594,47.54,20.27
Census Tract 5120.30; Santa Clara County; California,2898,41.3,2898,1265,34,9,916,0,110,564,181326.0,74700.0,2898,117,951,899,772,127,899,36,0,3501.0,1435300.0,1316,744,0,0,0,325,26630.0,1463,1371,92,1969,547,365,15,153,971,2898,06,085,512030,06085512030,Santa Clara,36,4.0,1633,56.35,43.65,1.17,31.61,4.04,14.13,85.87,0.0,56.53,0.0,0.0,24.7,20.24,6.29,1080,54.85,33.51
Census Tract 5120.31; Santa Clara County; California,4099,43.1,4099,1763,18,0,1320,0,219,779,196727.0,83764.0,4099,183,1372,1372,1237,135,1372,5,7,3501.0,1389200.0,1853,1108,30,6,0,603,,1949,1893,56,2831,978,576,96,100,1113,4099,06,085,512031,06085512031,Santa Clara,12,0.87,2336,56.99,43.01,0.44,32.2,4.46,9.84,90.16,1.62,59.79,0.32,0.0,32.54,,2.87,1750,61.82,27.15
Census Tract 5120.32; Santa Clara County; California,3754,41.6,3754,1248,25,30,1646,0,282,523,173750.0,74710.0,3749,460,1391,1366,1003,363,1366,18,12,3501.0,1177900.0,1829,1048,45,32,0,443,41205.0,1934,1884,50,2664,1136,467,56,38,1427,3754,06,085,512032,06085512032,Santa Clara,30,2.2,2506,66.76,33.24,0.67,43.85,12.27,26.57,73.43,2.46,57.3,1.75,0.0,24.22,22.53,2.59,1697,63.7,38.01
Census Tract 5120.34; Santa Clara County; California,2997,41.6,2997,1143,56,7,822,0,447,522,157569.0,58622.0,2997,59,997,997,781,216,997,3,0,3406.0,991900.0,1414,1011,27,11,6,204,42245.0,1576,1488,76,2118,731,309,19,27,733,2997,06,085,512034,06085512034,Santa Clara,3,0.3,1854,61.86,38.14,1.87,27.43,1.97,21.66,78.34,1.91,71.5,0.78,0.42,14.43,29.88,4.82,1086,51.27,24.46
Census Tract 5120.35; Santa Clara County; California,4519,39.2,4519,1274,183,0,1571,0,607,884,198632.0,61716.0,4518,106,1345,1324,1008,316,1324,27,52,3350.0,1238600.0,2079,1359,0,0,0,492,47520.0,2301,2158,143,2975,917,374,64,95,1239,4519,06,085,512035,06085512035,Santa Clara,79,5.97,3245,71.81,28.19,4.05,34.76,2.35,23.87,76.13,0.0,65.37,0.0,0.0,23.67,22.86,6.21,1450,48.74,27.42
Census Tract 5120.36; Santa Clara County; California,4768,32.9,4768,1473,89,214,1667,0,488,837,138841.0,68600.0,4768,254,1827,1827,616,1211,1827,9,115,3164.0,1523600.0,2886,2118,54,0,55,458,70295.0,3067,2968,78,3491,1121,481,78,189,1775,4768,06,085,512036,06085512036,Santa Clara,124,6.79,3295,69.11,30.89,1.87,34.96,5.33,66.28,33.72,1.87,73.39,0.0,1.91,15.87,24.36,2.54,1869,53.54,37.23
Census Tract 5120.37; Santa Clara County; California,2989,41.4,2989,1051,43,55,1033,0,245,562,184333.0,74096.0,2977,85,961,950,833,117,950,19,4,3463.0,1305200.0,1396,925,4,6,11,392,31130.0,1525,1445,80,2132,567,308,25,37,923,2989,06,085,512037,06085512037,Santa Clara,23,2.42,1938,64.84,35.16,1.44,34.56,2.86,12.32,87.68,0.29,66.26,0.43,0.79,28.08,22.3,5.25,937,43.95,30.88
Census Tract 5120.38; Santa Clara County; California,3217,28.0,3217,648,397,64,1070,22,264,752,101308.0,41366.0,3217,269,1003,993,599,394,993,40,0,2741.0,,1470,937,33,0,15,261,34770.0,1682,1488,194,1821,304,110,83,16,753,3217,06,085,512038,06085512038,Santa Clara,40,4.03,2569,79.86,20.14,12.34,33.26,8.36,39.68,60.32,2.24,63.74,0.0,1.02,17.76,23.65,11.53,513,28.17,23.41
Census Tract 5120.39; Santa Clara County; California,5717,36.0,5717,835,364,37,1531,98,572,2280,134158.0,41911.0,5641,674,1442,1435,1011,424,1435,30,22,2164.0,1096000.0,2589,1997,12,0,0,210,53725.0,2736,2694,42,3633,603,310,39,38,1493,5717,06,085,512039,06085512039,Santa Clara,52,3.62,4882,85.39,14.61,6.37,26.78,11.95,29.55,70.45,0.46,77.13,0.0,0.0,8.11,20.75,1.54,990,27.25,26.12
Census Tract 5120.42; Santa Clara County; California,2830,38.8,2830,251,168,80,1255,8,470,598,111875.0,43410.0,2802,269,833,777,469,308,777,26,39,1819.0,1097900.0,1401,1007,18,24,0,137,34840.0,1565,1482,83,1897,382,215,8,33,1172,2830,06,085,512042,06085512042,Santa Clara,65,8.37,2579,91.13,8.87,5.94,44.35,9.6,39.64,60.36,1.28,71.88,1.71,0.0,9.78,24.87,5.3,638,33.63,41.41
Census Tract 5120.43; Santa Clara County; California,5266,39.0,5266,800,276,15,1196,0,1382,1597,81984.0,31868.0,5235,370,1703,1681,666,1015,1681,94,121,2114.0,849400.0,2466,1571,51,26,100,157,70285.0,2646,2552,94,3599,543,179,0,0,2390,5266,06,085,512043,06085512043,Santa Clara,215,12.79,4466,84.81,15.19,5.24,22.71,7.07,60.38,39.62,2.07,63.71,1.05,4.06,6.37,28.5,3.55,722,20.06,45.39
Census Tract 5120.45; Santa Clara County; California,5086,38.7,5086,2132,10,118,1430,3,227,1166,181528.0,71127.0,5082,197,1732,1705,1372,333,1705,85,0,3190.0,1276900.0,2540,1796,44,0,0,543,59900.0,2753,2579,174,3485,1198,707,71,103,1521,5086,06,085,512045,06085512045,Santa Clara,85,4.99,2954,58.08,41.92,0.2,28.12,3.88,19.53,80.47,1.73,70.71,0.0,0.0,21.38,23.58,6.32,2079,59.66,29.91
Census Tract 5120.47; Santa Clara County; California,5315,40.6,5315,2472,151,0,1532,5,115,1040,180909.0,66164.0,5297,182,1678,1634,1340,294,1634,27,4,3390.0,1338100.0,2564,1653,25,0,69,644,55015.0,2989,2730,259,3880,1137,543,23,84,1487,5315,06,085,512047,06085512047,Santa Clara,31,1.9,2843,53.49,46.51,2.84,28.82,3.44,17.99,82.01,0.98,64.47,0.0,2.69,25.12,21.46,8.67,1787,46.06,27.98
Census Tract 5120.52; Santa Clara County; California,4491,37.7,4491,1602,215,71,796,0,870,937,132699.0,58816.0,4475,245,1748,1733,728,1005,1733,22,133,3211.0,834700.0,2408,1665,0,0,33,414,50990.0,2665,2623,42,3385,882,393,110,114,1318,4491,06,085,512052,06085512052,Santa Clara,155,8.94,2889,64.33,35.67,4.79,17.72,5.47,57.99,42.01,0.0,69.14,0.0,1.37,17.19,21.18,1.58,1499,44.28,29.35
Census Tract 5120.53; Santa Clara County; California,4815,42.9,4815,1591,331,33,770,0,376,1714,117292.0,56886.0,4815,302,1656,1643,1088,555,1643,13,39,2633.0,1194800.0,2434,1355,45,0,26,901,42700.0,2572,2481,91,3350,1001,380,14,111,1219,4815,06,085,512053,06085512053,Santa Clara,52,3.16,3224,66.96,33.04,6.87,15.99,6.27,33.78,66.22,1.85,55.67,0.0,1.07,37.02,17.54,3.54,1506,44.96,25.32
Census Tract 5120.54; Santa Clara County; California,4457,31.6,4457,874,280,9,1131,0,346,1817,105292.0,48778.0,4457,536,1854,1825,29,1796,1825,0,136,2537.0,,2441,1368,92,0,0,565,58135.0,2815,2538,277,3146,725,376,24,77,2191,4457,06,085,512054,06085512054,Santa Clara,136,7.45,3583,80.39,19.61,6.28,25.38,12.03,98.41,1.59,3.77,56.04,0.0,0.0,23.15,23.82,9.84,1202,38.21,49.16
Census Tract 5120.55; Santa Clara County; California,3595,36.9,3595,323,373,21,1794,0,566,518,124398.0,42204.0,3559,225,921,864,417,447,864,0,14,3292.0,1269300.0,1862,1367,0,0,19,152,46035.0,1973,1929,44,2551,573,198,52,13,1818,3595,06,085,512055,06085512055,Santa Clara,14,1.62,3272,91.02,8.98,10.38,49.9,6.32,51.74,48.26,0.0,73.42,0.0,1.02,8.16,24.72,2.23,836,32.77,50.57
Census Tract 5120.56; Santa Clara County; California,3807,35.1,3807,655,227,47,608,57,1310,903,123674.0,38676.0,3807,316,1074,1045,679,366,1045,51,10,2740.0,1009100.0,1990,1641,14,0,0,43,63215.0,2297,2060,237,2759,486,109,68,19,1486,3807,06,085,512056,06085512056,Santa Clara,61,5.84,3152,82.79,17.21,5.96,15.97,8.3,35.02,64.98,0.7,82.46,0.0,0.0,2.16,31.77,10.32,682,24.72,39.03
Census Tract 5120.57; Santa Clara County; California,4385,35.1,4385,755,40,0,1583,0,1117,890,176016.0,57382.0,4385,419,1039,1039,757,282,1039,79,10,3327.0,993700.0,2443,1464,0,0,0,301,72695.0,2587,2575,12,3213,643,171,22,93,2112,4385,06,085,512057,06085512057,Santa Clara,89,8.57,3630,82.78,17.22,0.91,36.1,9.56,27.14,72.86,0.0,59.93,0.0,0.0,12.32,29.76,0.46,929,28.91,48.16
Census Tract 5120.58; Santa Clara County; California,5561,31.3,5561,1208,238,17,2474,0,427,1197,138750.0,73198.0,5561,245,2560,2452,463,1989,2452,13,89,3002.0,1113000.0,3815,2416,53,26,27,820,82980.0,4013,3908,90,3896,1171,732,10,162,2443,5561,06,085,512058,06085512058,Santa Clara,102,4.16,4353,78.28,21.72,4.28,44.49,4.41,81.12,18.88,1.39,63.33,0.68,0.71,21.49,21.75,2.24,2075,53.26,43.93
Census Tract 5120.59; Santa Clara County; California,7000,37.6,7000,2620,131,13,2134,0,789,1313,176250.0,69037.0,6994,364,2271,2262,1597,665,2262,12,5,3057.0,1336800.0,3391,2146,171,29,33,750,73560.0,3766,3662,104,4925,1822,922,104,121,2046,7000,06,085,512059,06085512059,Santa Clara,17,0.75,4380,62.57,37.43,1.87,30.49,5.2,29.4,70.6,5.04,63.29,0.86,0.97,22.12,21.69,2.76,2969,60.28,29.23
Census Tract 5121; Santa Clara County; California,1710,37.1,1710,433,10,0,229,0,218,820,121563.0,56315.0,1688,117,453,453,197,256,453,4,0,2331.0,1600400.0,757,470,0,0,4,205,17060.0,872,850,22,1195,168,35,5,6,559,1710,06,085,512100,06085512100,Santa Clara,4,0.88,1277,74.68,25.32,0.58,13.39,6.93,56.51,43.49,0.0,62.09,0.0,0.53,27.08,22.54,2.52,214,17.91,32.69
Census Tract 5122; Santa Clara County; California,5146,44.6,5146,2910,82,22,515,0,350,1267,250001.0,100572.0,5086,146,1730,1671,1493,178,1671,32,8,3501.0,1513600.0,2464,1394,31,0,78,681,75995.0,2685,2618,67,3644,1265,526,108,89,872,5146,06,085,512200,06085512200,Santa Clara,40,2.39,2236,43.45,56.55,1.59,10.01,2.87,10.65,89.35,1.26,56.57,0.0,3.17,27.64,30.84,2.5,1988,54.56,16.95
Census Tract 5123.05; Santa Clara County; California,4029,44.2,4029,2042,20,0,929,0,99,939,247321.0,97455.0,4000,70,1388,1301,1188,113,1301,7,0,3184.0,1455100.0,2130,1300,44,0,0,538,64850.0,2230,2157,73,2895,1118,429,132,69,912,4029,06,085,512305,06085512305,Santa Clara,7,0.54,1987,49.32,50.68,0.5,23.06,1.75,8.69,91.31,2.07,61.03,0.0,0.0,25.26,30.45,3.27,1748,60.38,22.64
Census Tract 5123.07; Santa Clara County; California,6529,49.2,6529,3197,183,22,558,0,378,2191,148064.0,63838.0,6527,219,2393,2347,1766,581,2347,56,41,2085.0,1149000.0,2713,1842,14,0,66,425,,3204,2897,307,4824,1172,471,99,37,1244,6529,06,085,512307,06085512307,Santa Clara,97,4.13,3332,51.03,48.97,2.8,8.55,3.36,24.76,75.24,0.52,67.9,0.0,2.43,15.67,,9.58,1779,36.88,19.05
Census Tract 5123.08; Santa Clara County; California,8550,40.3,8550,4818,119,72,1755,152,293,1341,248750.0,92557.0,8512,252,2846,2724,2384,340,2724,0,16,3501.0,1637500.0,3892,2239,29,0,0,1340,82590.0,4164,4082,82,5663,1732,1397,246,217,1706,8550,06,085,512308,06085512308,Santa Clara,16,0.59,3732,43.65,56.35,1.39,20.53,2.96,12.48,87.52,0.75,57.53,0.0,0.0,34.43,21.22,1.97,3592,63.43,19.95
Census Tract 5123.09; Santa Clara County; California,5110,44.6,5110,2656,23,0,952,7,126,1346,210212.0,77583.0,5110,54,1791,1682,1466,216,1682,56,19,3367.0,1299400.0,2428,1699,29,14,0,431,81705.0,2658,2530,128,3455,1176,370,59,73,1056,5110,06,085,512309,06085512309,Santa Clara,75,4.46,2454,48.02,51.98,0.45,18.63,1.06,12.84,87.16,1.19,69.98,0.58,0.0,17.75,33.65,4.82,1678,48.57,20.67
Census Tract 5123.10; Santa Clara County; California,5234,35.0,5234,1771,328,175,1061,0,554,1345,100506.0,48376.0,5234,437,1821,1793,769,1024,1793,9,172,1972.0,1188200.0,2301,1741,9,27,3,300,56060.0,2600,2439,161,3284,725,229,35,59,1649,5234,06,085,512310,06085512310,Santa Clara,181,10.09,3463,66.16,33.84,6.27,20.27,8.35,57.11,42.89,0.39,75.66,1.17,0.13,13.04,24.36,6.19,1048,31.91,31.51
Census Tract 5123.11; Santa Clara County; California,4119,40.8,4119,1678,312,23,744,0,313,1049,139074.0,61044.0,4059,256,1363,1312,1025,287,1312,41,5,3501.0,1045400.0,1833,1206,9,6,0,450,45855.0,2260,2034,226,2741,877,229,123,33,731,4119,06,085,512311,06085512311,Santa Clara,46,3.51,2441,59.26,40.74,7.57,18.06,6.31,21.88,78.12,0.49,65.79,0.33,0.0,24.55,25.02,10.0,1262,46.04,17.75
Census Tract 5123.12; Santa Clara County; California,4066,38.2,4066,1679,89,0,751,0,330,1217,206208.0,69346.0,4063,27,1313,1261,916,345,1261,0,0,3244.0,1058100.0,1798,904,17,0,11,602,37175.0,2182,2065,117,2575,935,269,32,43,729,4066,06,085,512312,06085512312,Santa Clara,0,0.0,2387,58.71,41.29,2.19,18.47,0.66,27.36,72.64,0.95,50.28,0.0,0.61,33.48,20.68,5.36,1279,49.67,17.93
Census Tract 5123.13; Santa Clara County; California,4008,32.5,4008,1342,113,13,291,0,494,1755,107198.0,47220.0,3960,435,1193,1193,479,714,1193,0,46,2710.0,1051300.0,1885,1340,30,9,22,176,55790.0,2068,1997,71,2514,691,144,119,54,888,4008,06,085,512313,06085512313,Santa Clara,46,3.86,2666,66.52,33.48,2.82,7.26,10.98,59.85,40.15,1.59,71.09,0.48,1.17,9.34,29.6,3.43,1008,40.1,22.16
Census Tract 5123.14; Santa Clara County; California,7110,33.4,7110,2646,140,53,1015,0,349,2907,152349.0,57822.0,7030,551,2511,2217,1205,1012,2217,42,61,2223.0,1057400.0,3160,2236,0,28,64,709,81375.0,3505,3342,163,4696,1209,371,117,9,1586,7110,06,085,512314,06085512314,Santa Clara,103,4.65,4464,62.78,37.22,1.97,14.28,7.84,45.65,54.35,0.0,70.76,0.89,2.03,22.44,25.75,4.65,1706,36.33,22.31
Census Tract 5124.01; Santa Clara County; California,3961,50.9,3961,1870,133,9,267,0,227,1455,197540.0,77183.0,3918,483,1463,1309,1064,245,1309,23,0,1743.0,1522700.0,2024,1439,0,0,91,378,,2115,2052,63,3046,704,212,115,0,1028,3961,06,085,512401,06085512401,Santa Clara,23,1.76,2091,52.79,47.21,3.36,6.74,12.33,18.72,81.28,0.0,71.1,0.0,4.5,18.68,,2.98,1031,33.85,25.95
Census Tract 5124.02; Santa Clara County; California,5696,44.6,5696,2593,139,89,457,25,544,1849,148833.0,66033.0,5696,322,1661,1634,1222,412,1634,55,0,2649.0,1510700.0,2539,1584,0,0,161,660,,2957,2658,299,4243,962,295,158,22,871,5696,06,085,512402,06085512402,Santa Clara,55,3.37,3103,54.48,45.52,2.44,8.02,5.65,25.21,74.79,0.0,62.39,0.0,6.34,25.99,,10.11,1437,33.87,15.29
Census Tract 5125.05; Santa Clara County; California,7683,34.9,7683,2304,99,205,781,0,1125,3169,99742.0,40185.0,7682,550,2296,2296,1232,1064,2296,0,82,2429.0,879300.0,3618,2909,77,48,36,260,102695.0,4004,3700,274,4847,738,204,13,23,1455,7683,06,085,512505,06085512505,Santa Clara,82,3.57,5379,70.01,29.99,1.29,10.17,7.16,46.34,53.66,2.13,80.4,1.33,1.0,7.19,28.38,6.84,978,20.18,18.94
Census Tract 5125.09; Santa Clara County; California,7855,32.1,7855,1801,330,4,1016,15,924,3765,184500.0,53189.0,7815,188,2064,1954,1618,336,1954,27,0,3435.0,1026700.0,3568,2401,5,0,50,731,,4157,3840,317,4902,847,469,9,110,1978,7855,06,085,512509,06085512509,Santa Clara,27,1.38,6054,77.07,22.93,4.2,12.93,2.41,17.2,82.8,0.14,67.29,0.0,1.4,20.49,,7.63,1435,29.27,25.18
Census Tract 5125.10; Santa Clara County; California,7673,45.6,7673,3183,53,75,1115,221,1116,1910,117083.0,62922.0,7662,287,2719,2670,1761,909,2670,57,169,2350.0,1076600.0,3430,2424,0,0,0,743,,3707,3512,195,5416,1312,637,122,56,1800,7673,06,085,512510,06085512510,Santa Clara,226,8.46,4490,58.52,41.48,0.69,14.53,3.75,34.04,65.96,0.0,70.67,0.0,0.0,21.66,,5.26,2127,39.27,23.46
Census Tract 5125.11; Santa Clara County; California,4774,36.1,4774,2036,161,0,162,0,597,1818,124625.0,49228.0,4759,584,1652,1556,918,638,1556,0,206,1511.0,951400.0,2178,1468,54,0,11,386,49535.0,2290,2230,60,2945,700,368,25,26,676,4774,06,085,512511,06085512511,Santa Clara,206,13.24,2738,57.35,42.65,3.37,3.39,12.27,41.0,59.0,2.48,67.4,0.0,0.51,17.72,22.74,2.62,1119,38.0,14.16
Census Tract 5125.12; Santa Clara County; California,3406,35.2,3406,996,0,0,347,0,724,1339,101793.0,43849.0,3406,408,1068,1043,610,433,1043,18,0,2737.0,956700.0,1456,1011,0,0,45,111,,1833,1533,300,2185,294,117,33,0,1127,3406,06,085,512512,06085512512,Santa Clara,18,1.73,2410,70.76,29.24,0.0,10.19,11.98,41.51,58.49,0.0,69.44,0.0,3.09,7.62,,16.37,444,20.32,33.09
Census Tract 5125.13; Santa Clara County; California,4003,34.0,4003,687,16,20,249,44,813,2174,84934.0,39576.0,3994,207,1239,1152,502,650,1152,0,55,1587.0,880400.0,1848,1356,17,33,0,105,52705.0,2013,1867,146,2392,353,68,0,0,1001,4003,06,085,512513,06085512513,Santa Clara,55,4.77,3316,82.84,17.16,0.4,6.22,5.18,56.42,43.58,0.92,73.38,1.79,0.0,5.68,28.52,7.25,421,17.6,25.01
Census Tract 5125.14; Santa Clara County; California,2899,34.9,2899,594,99,54,319,0,712,1121,111250.0,41013.0,2828,212,861,824,497,327,824,31,10,2231.0,1029300.0,1269,907,23,0,13,57,40355.0,1457,1269,188,1828,239,94,13,10,868,2899,06,085,512514,06085512514,Santa Clara,41,4.98,2305,79.51,20.49,3.41,11.0,7.5,39.68,60.32,1.81,71.47,0.0,1.02,4.49,31.8,12.9,356,19.47,29.94
Census Tract 5125.15; Santa Clara County; California,4837,41.7,4837,2489,72,51,782,9,424,1010,176250.0,63168.0,4830,42,1503,1492,1303,189,1492,19,0,3501.0,1210900.0,2240,1559,25,2,0,485,61105.0,2442,2349,93,3099,971,446,107,43,874,4837,06,085,512515,06085512515,Santa Clara,19,1.27,2348,48.54,51.46,1.49,16.17,0.87,12.67,87.33,1.12,69.6,0.09,0.0,21.65,27.28,3.81,1567,50.56,18.07
Census Tract 5125.16; Santa Clara County; California,4322,44.3,4322,1747,90,95,290,55,873,1172,159137.0,59703.0,4322,245,1507,1454,1131,323,1454,0,16,3501.0,1105300.0,1886,1107,10,0,18,148,67765.0,2260,2181,79,2741,517,340,74,33,793,4322,06,085,512516,06085512516,Santa Clara,16,1.1,2575,59.58,40.42,2.08,6.71,5.67,22.21,77.79,0.53,58.7,0.0,0.95,7.85,35.93,3.5,964,35.17,18.35
Census Tract 5126.02; Santa Clara County; California,3124,46.6,3124,995,25,28,239,0,297,1540,140556.0,49277.0,3119,280,958,840,569,271,840,8,0,2218.0,1059600.0,1427,970,23,0,23,197,35670.0,1582,1545,37,2233,342,104,20,21,583,3124,06,085,512602,06085512602,Santa Clara,8,0.95,2129,68.15,31.85,0.8,7.65,8.98,32.26,67.74,1.61,67.97,0.0,1.61,13.81,25.0,2.34,487,21.81,18.66
Census Tract 5126.03; Santa Clara County; California,4877,30.0,4877,769,64,63,170,0,1213,2598,90139.0,28652.0,4818,714,1283,1203,208,995,1203,0,69,1863.0,948700.0,2368,1738,15,10,80,84,68875.0,2619,2502,117,3002,208,67,22,0,1844,4877,06,085,512603,06085512603,Santa Clara,69,5.74,4108,84.23,15.77,1.31,3.49,14.82,82.71,17.29,0.63,73.4,0.42,3.38,3.55,29.09,4.47,297,9.89,37.81
Census Tract 5126.04; Santa Clara County; California,4637,31.7,4637,680,83,300,68,5,990,2511,83946.0,30716.0,4420,340,1172,1145,454,691,1145,0,13,2315.0,796600.0,2131,1678,35,0,75,73,,2323,2205,118,2780,228,109,0,6,1434,4637,06,085,512604,06085512604,Santa Clara,13,1.14,3957,85.34,14.66,1.79,1.47,7.69,60.35,39.65,1.64,78.74,0.0,3.52,3.43,,5.08,343,12.34,30.93
Census Tract 5130; Santa Clara County; California,12324,22.3,12324,5542,469,83,3904,20,638,1668,53696.0,28006.0,4141,906,2830,2335,73,2262,2335,0,1020,2022.0,1667600.0,5705,712,158,1896,1466,1055,66910.0,6388,5795,543,4372,1847,1792,210,163,3308,12324,06,085,513000,06085513000,Santa Clara,1020,43.68,6782,55.03,44.97,3.81,31.68,21.88,96.87,3.13,2.77,12.48,33.23,25.7,18.49,11.73,8.5,4012,91.77,26.84
Census Tract 5135; Santa Clara County; California,1009,49.5,1009,678,5,17,81,0,130,98,102750.0,48404.0,1009,154,348,281,176,105,281,0,0,1708.0,1239100.0,424,258,0,17,0,100,,532,487,45,746,111,47,20,0,216,1009,06,085,513500,06085513500,Santa Clara,0,0.0,331,32.8,67.2,0.5,8.03,15.26,37.37,62.63,0.0,60.85,4.01,0.0,23.58,,8.46,178,23.86,21.41
Census Tract 2501.03; Solano County; California,4507,43.5,4507,1046,817,9,1612,8,485,530,98000.0,43623.0,4506,510,1586,1488,934,554,1488,58,113,2133.0,628200.0,2102,1286,108,0,20,263,67900.0,2354,2131,223,3353,597,149,47,0,1691,4507,06,095,250103,06095250103,Solano,171,11.49,3461,76.79,23.21,18.13,35.77,11.32,37.23,62.77,5.14,61.18,0.0,0.95,12.51,32.3,9.47,793,23.65,37.52
Census Tract 2501.04; Solano County; California,2203,49.1,2203,546,366,8,859,0,188,236,96447.0,42900.0,2194,277,854,798,466,332,798,5,94,3207.0,651000.0,816,636,21,0,0,61,26815.0,1001,853,148,1753,400,84,26,23,740,2203,06,095,250104,06095250104,Solano,99,12.41,1657,75.22,24.78,16.61,38.99,12.63,41.6,58.4,2.57,77.94,0.0,0.0,7.48,32.86,14.79,533,30.41,33.59
Census Tract 2501.05; Solano County; California,7825,37.8,7825,1066,1262,8,3966,62,277,1184,117159.0,45974.0,7823,872,2536,2481,1563,918,2481,12,10,2510.0,721500.0,3042,2435,39,0,0,508,92275.0,3596,3285,300,5432,1862,167,29,81,2227,7825,06,095,250105,06095250105,Solano,22,0.89,6759,86.38,13.62,16.13,50.68,11.15,37.0,63.0,1.28,80.05,0.0,0.0,16.7,30.33,8.34,2139,39.38,28.46
Census Tract 2501.06; Solano County; California,3608,46.3,3608,810,351,15,1747,23,26,636,160313.0,54188.0,3593,182,1152,1094,961,133,1094,0,0,3069.0,759200.0,1702,1113,24,0,40,238,49695.0,1830,1730,100,2820,785,162,71,43,1312,3608,06,095,250106,06095250106,Solano,0,0.0,2798,77.55,22.45,9.73,48.42,5.07,12.16,87.84,1.41,65.39,0.0,2.35,13.98,29.2,5.46,1061,37.62,36.36
Census Tract 2502; Solano County; California,4385,38.8,4385,1073,1044,112,1202,34,375,545,75986.0,32037.0,4277,657,1560,1473,849,624,1473,58,148,1891.0,556200.0,1806,1314,71,0,45,143,55880.0,1914,1806,83,3011,540,147,15,0,1365,4385,06,095,250200,06095250200,Solano,206,13.99,3312,75.53,24.47,23.81,27.41,15.36,42.36,57.64,3.93,72.76,0.0,2.49,7.92,30.94,4.34,702,23.31,31.13
Census Tract 2503; Solano County; California,3481,42.0,3481,976,327,24,611,214,507,822,83043.0,47035.0,3429,215,1335,1200,730,470,1200,10,26,2217.0,460600.0,1640,1318,7,0,15,153,49015.0,1945,1641,299,2528,251,36,0,0,1168,3481,06,095,250300,06095250300,Solano,36,3.0,2505,71.96,28.04,9.39,17.55,6.27,39.17,60.83,0.43,80.37,0.0,0.91,9.33,29.89,15.37,287,11.35,33.55
Census Tract 2504; Solano County; California,3783,35.9,3783,1131,439,240,330,67,818,758,91161.0,35662.0,3783,349,1299,1299,749,550,1299,5,29,2259.0,481700.0,1612,1242,15,0,0,113,53385.0,2027,1831,196,2634,449,83,13,3,622,3783,06,095,250400,06095250400,Solano,34,2.62,2652,70.1,29.9,11.6,8.72,9.23,42.34,57.66,0.93,77.05,0.0,0.0,7.01,33.12,9.67,548,20.8,16.44
Census Tract 2505.01; Solano County; California,2515,42.9,2515,1146,137,0,356,19,364,493,101582.0,43806.0,2515,109,971,940,676,264,940,7,9,1453.0,575000.0,1262,864,7,4,17,125,37005.0,1408,1344,64,1832,358,127,0,23,265,2515,06,095,250501,06095250501,Solano,16,1.7,1369,54.43,45.57,5.45,14.16,4.33,28.09,71.91,0.55,68.46,0.32,1.35,9.9,29.32,4.55,508,27.73,10.54
Census Tract 2505.02; Solano County; California,3176,54.1,3176,1179,402,35,744,0,161,655,107000.0,75893.0,3147,210,1400,1362,1104,258,1362,0,0,1905.0,643200.0,1554,1102,5,0,33,193,44420.0,1670,1580,76,2485,463,321,8,26,487,3176,06,095,250502,06095250502,Solano,0,0.0,1997,62.88,37.12,12.66,23.43,6.67,18.94,81.06,0.32,70.91,0.0,2.12,12.42,28.58,4.55,818,32.92,15.33
Census Tract 2506.01; Solano County; California,4537,40.8,4537,789,992,110,582,35,1052,977,93607.0,35159.0,4521,685,1498,1453,1025,428,1453,14,0,2124.0,483800.0,2040,1468,28,0,41,261,63250.0,2394,2132,262,3144,484,199,23,19,1609,4537,06,095,250601,06095250601,Solano,14,0.96,3748,82.61,17.39,21.86,12.83,15.15,29.46,70.54,1.37,71.96,0.0,2.01,12.79,31.0,10.94,725,23.06,35.46
Census Tract 2506.04; Solano County; California,4122,48.9,4122,964,785,7,1346,0,536,484,133481.0,51271.0,4122,279,1605,1564,1138,426,1564,16,37,2678.0,602600.0,1883,1493,10,0,0,192,58130.0,2078,1972,86,3281,936,189,77,31,1512,4122,06,095,250604,06095250604,Solano,53,3.39,3158,76.61,23.39,19.04,32.65,6.77,27.24,72.76,0.53,79.29,0.0,0.0,10.2,30.87,4.14,1233,37.58,36.68
Census Tract 2506.05; Solano County; California,4124,44.0,4124,1362,600,18,737,9,602,796,132647.0,57912.0,4122,324,1526,1526,1195,331,1526,39,0,2998.0,670300.0,2235,1632,34,0,0,318,64165.0,2424,2298,126,2997,922,241,145,56,943,4124,06,095,250605,06095250605,Solano,39,2.56,2762,66.97,33.03,14.55,17.87,7.86,21.69,78.31,1.52,73.02,0.0,0.0,14.23,28.71,5.2,1364,45.51,22.87
Census Tract 2507.01; Solano County; California,3363,38.3,3363,332,922,7,266,0,1119,717,59474.0,27413.0,3252,759,1290,1212,765,447,1212,55,0,1920.0,,1415,1035,3,0,0,154,37450.0,1545,1445,100,2201,496,79,1,0,1154,3363,06,095,250701,06095250701,Solano,55,4.54,3031,90.13,9.87,27.42,7.91,23.34,36.88,63.12,0.21,73.14,0.0,0.0,10.88,26.47,6.47,576,26.17,34.31
Census Tract 2508.01; Solano County; California,4762,33.4,4762,1445,945,170,660,26,339,1177,113933.0,47566.0,4160,434,2035,1843,1031,812,1843,55,119,2147.0,620100.0,2455,1565,63,57,143,276,,2885,2642,243,3066,873,158,65,235,955,4762,06,095,250801,06095250801,Solano,174,9.44,3317,69.66,30.34,19.84,13.86,10.43,44.06,55.94,2.57,63.75,2.32,5.82,11.24,,8.42,1331,43.41,20.05
Census Tract 2509; Solano County; California,2906,37.7,2906,474,1079,15,718,8,256,356,48300.0,29985.0,2891,1143,1803,1675,131,1544,1675,9,353,1122.0,350000.0,1165,740,56,5,102,80,25765.0,1240,1226,14,2186,292,122,0,18,656,2906,06,095,250900,06095250900,Solano,362,21.61,2432,83.69,16.31,37.13,24.71,39.54,92.18,7.82,4.81,63.52,0.43,8.76,6.87,22.12,1.13,432,19.76,22.57
Census Tract 2510; Solano County; California,2289,35.4,2289,635,744,10,159,63,442,236,57354.0,41561.0,2289,340,1306,1161,272,889,1161,0,68,1618.0,537500.0,1223,884,102,0,11,189,,1307,1236,71,1613,315,109,10,8,241,2289,06,095,251000,06095251000,Solano,68,5.86,1654,72.26,27.74,32.5,6.95,14.85,76.57,23.43,8.34,72.28,0.0,0.9,15.45,,5.43,442,27.4,10.53
Census Tract 2511; Solano County; California,2505,48.6,2505,887,502,0,186,208,433,289,61250.0,34231.0,2461,655,1288,1179,584,595,1179,50,109,1986.0,470900.0,1207,795,61,0,4,203,,1305,1216,73,1942,293,47,0,10,888,2505,06,095,251100,06095251100,Solano,159,13.49,1618,64.59,35.41,20.04,7.43,26.62,50.47,49.53,5.05,65.87,0.0,0.33,16.82,,5.59,350,18.02,35.45
Census Tract 2512; Solano County; California,3228,38.1,3228,673,473,18,458,0,1157,449,87050.0,42297.0,3223,252,1270,1203,488,715,1203,18,34,2179.0,559400.0,1722,999,86,0,0,259,,1943,1807,136,2269,278,82,0,0,1237,3228,06,095,251200,06095251200,Solano,52,4.32,2555,79.15,20.85,14.65,14.19,7.82,59.43,40.57,4.99,58.01,0.0,0.0,15.04,,7.0,360,15.87,38.32
Census Tract 2513; Solano County; California,3241,45.6,3241,1857,106,0,204,7,383,684,118983.0,61813.0,3241,320,1324,1305,999,306,1305,7,0,2608.0,618800.0,1668,1159,33,0,0,417,43180.0,1803,1676,106,2547,500,238,67,55,409,3241,06,095,251300,06095251300,Solano,7,0.54,1384,42.7,57.3,3.27,6.29,9.87,23.45,76.55,1.98,69.48,0.0,0.0,25.0,25.89,5.88,860,33.77,12.62
Census Tract 2514; Solano County; California,6004,41.7,6004,2364,612,0,742,13,541,1732,77538.0,44481.0,5794,1094,2476,2429,1411,1018,2429,28,114,1863.0,608600.0,2832,2160,195,0,0,286,,3166,3016,150,4562,685,477,54,114,1400,6004,06,095,251400,06095251400,Solano,142,5.85,3640,60.63,39.37,10.19,12.36,18.88,41.91,58.09,6.89,76.27,0.0,0.0,10.1,,4.74,1330,29.15,23.32
Census Tract 2515; Solano County; California,3436,36.9,3436,722,690,108,434,0,1164,318,57924.0,31078.0,3436,756,1481,1431,419,1012,1431,11,249,1900.0,582800.0,1525,967,128,0,94,118,44540.0,1794,1605,189,2454,378,188,34,13,1028,3436,06,095,251500,06095251500,Solano,260,18.17,2714,78.99,21.01,20.08,12.63,22.0,70.72,29.28,8.39,63.41,0.0,6.16,7.74,29.21,10.54,613,24.98,29.92
Census Tract 2516; Solano County; California,2625,39.6,2625,739,444,93,134,0,765,450,53466.0,32686.0,2598,621,1162,1107,344,763,1107,0,60,2025.0,584500.0,1139,705,62,0,26,262,,1326,1140,186,1996,242,143,38,54,871,2625,06,095,251600,06095251600,Solano,60,5.42,1886,71.85,28.15,16.91,5.1,23.9,68.93,31.07,5.44,61.9,0.0,2.28,23.0,,14.03,477,23.9,33.18
Census Tract 2517.01; Solano County; California,3458,39.5,3458,888,731,13,441,24,363,998,55337.0,30248.0,3458,475,1632,1530,610,920,1530,31,76,1727.0,527700.0,1784,1331,169,0,0,119,60000.0,1890,1790,95,2448,431,205,11,25,836,3458,06,095,251701,06095251701,Solano,107,6.99,2570,74.32,25.68,21.14,12.75,13.74,60.13,39.87,9.47,74.61,0.0,0.0,6.67,33.63,5.03,672,27.45,24.18
Census Tract 2517.02; Solano County; California,2757,38.1,2757,520,693,0,1062,0,142,340,92708.0,41509.0,2757,123,1022,974,642,332,974,13,16,2147.0,380500.0,1476,1021,80,0,59,151,42770.0,1637,1554,83,1913,590,42,18,16,945,2757,06,095,251702,06095251702,Solano,29,2.98,2237,81.14,18.86,25.14,38.52,4.46,34.09,65.91,5.42,69.17,0.0,4.0,10.23,28.98,5.07,666,34.81,34.28
Census Tract 2518.02; Solano County; California,3036,46.7,3036,505,903,0,472,52,729,375,48883.0,29982.0,3036,624,1415,1268,400,868,1268,13,266,1371.0,340000.0,1399,729,153,0,18,121,48710.0,1477,1399,78,2355,400,141,0,0,1144,3036,06,095,251802,06095251802,Solano,279,22.0,2531,83.37,16.63,29.74,15.55,20.55,68.45,31.55,10.94,52.11,0.0,1.29,8.65,34.82,5.28,541,22.97,37.68
Census Tract 2518.03; Solano County; California,4663,41.9,4663,949,405,5,1353,9,1443,499,96694.0,37161.0,4650,431,1559,1478,1052,426,1478,18,17,2310.0,473800.0,2006,1312,45,13,32,159,58585.0,2177,2099,78,3375,381,85,84,22,1866,4663,06,095,251803,06095251803,Solano,35,2.37,3714,79.65,20.35,8.69,29.02,9.27,28.82,71.18,2.24,65.4,0.65,1.6,7.93,29.2,3.58,572,16.95,40.02
Census Tract 2518.04; Solano County; California,3470,41.4,3470,494,294,43,946,342,636,715,116429.0,39714.0,3470,186,1002,984,722,262,984,20,0,2728.0,608000.0,1586,1092,0,0,0,325,42955.0,1770,1594,176,2435,536,136,24,0,1146,3470,06,095,251804,06095251804,Solano,20,2.03,2976,85.76,14.24,8.47,27.26,5.36,26.63,73.37,0.0,68.85,0.0,0.0,20.49,27.08,9.94,696,28.58,33.03
Census Tract 2519.01; Solano County; California,5633,38.9,5633,1568,1102,24,730,14,1689,506,92992.0,32748.0,5316,725,1976,1799,711,1088,1799,42,232,2199.0,548200.0,2260,1526,44,13,0,192,83990.0,2648,2395,246,3809,478,181,57,24,1330,5633,06,095,251901,06095251901,Solano,274,15.23,4065,72.16,27.84,19.56,12.96,13.64,60.48,39.52,1.95,67.52,0.58,0.0,8.5,37.16,9.29,740,19.43,23.61
Census Tract 2519.02; Solano County; California,5127,42.9,5127,560,699,84,1055,190,1725,814,97800.0,35520.0,5095,426,1597,1522,1080,442,1522,0,12,2484.0,507500.0,2565,1863,43,0,16,170,75520.0,2811,2615,196,3734,534,129,35,0,2044,5127,06,095,251902,06095251902,Solano,12,0.79,4567,89.08,10.92,13.63,20.58,8.36,29.04,70.96,1.68,72.63,0.0,0.62,6.63,29.44,6.97,698,18.69,39.87
Census Tract 2519.03; Solano County; California,5664,39.0,5664,761,1064,37,1949,205,952,696,91052.0,39159.0,5664,362,1690,1672,1095,577,1672,32,84,2724.0,581500.0,2190,1676,31,11,0,180,61080.0,2545,2373,172,3920,1081,135,19,26,2018,5664,06,095,251903,06095251903,Solano,116,6.94,4903,86.56,13.44,18.79,34.41,6.39,34.51,65.49,1.42,76.53,0.5,0.0,8.22,27.89,6.76,1261,32.17,35.63
Census Tract 2520; Solano County; California,4270,55.8,4270,3398,30,49,220,0,45,528,91812.0,58920.0,4233,461,2430,2258,1418,840,2258,11,87,2014.0,680600.0,2013,1163,0,22,0,581,43425.0,2125,2028,97,3320,779,458,98,73,533,4270,06,095,252000,06095252000,Solano,98,4.34,872,20.42,79.58,0.7,5.15,10.89,37.2,62.8,0.0,57.77,1.09,0.0,28.86,21.57,4.56,1408,42.41,12.48
Census Tract 2521.02; Solano County; California,4224,39.3,4224,2150,253,0,441,59,456,865,92488.0,51688.0,4224,360,1875,1751,1239,512,1751,19,47,1991.0,625900.0,1907,1354,74,0,0,342,,2118,1930,124,3044,698,197,45,8,716,4224,06,095,252102,06095252102,Solano,66,3.77,2074,49.1,50.9,5.99,10.44,8.52,29.24,70.76,3.88,71.0,0.0,0.0,17.93,,5.85,948,31.14,16.95
Census Tract 2521.03; Solano County; California,5692,37.3,5692,961,1605,0,1592,46,659,829,75655.0,46360.0,5692,422,2147,2056,915,1141,2056,19,128,2091.0,656600.0,2609,1941,142,0,0,266,,2955,2573,194,4107,867,377,41,39,1336,5692,06,095,252103,06095252103,Solano,147,7.15,4731,83.12,16.88,28.2,27.97,7.41,55.5,44.5,5.44,74.4,0.0,0.0,10.2,,6.57,1324,32.24,23.47
Census Tract 2521.04; Solano County; California,5762,43.5,5762,2918,286,0,1509,0,370,679,173950.0,70085.0,5762,230,1872,1811,1631,180,1811,30,0,3103.0,929200.0,2829,1816,74,0,17,667,60705.0,3018,2902,100,4011,1517,489,127,75,943,5762,06,095,252104,06095252104,Solano,30,1.66,2844,49.36,50.64,4.96,26.19,3.99,9.94,90.06,2.62,64.19,0.0,0.6,23.58,21.46,3.31,2208,55.05,16.37
Census Tract 2521.05; Solano County; California,3176,47.0,3176,2107,113,0,300,0,200,456,136736.0,65764.0,3176,86,1291,1276,1034,242,1276,12,20,2210.0,810500.0,1459,1064,34,0,2,286,39655.0,1542,1459,83,2511,1017,235,43,57,346,3176,06,095,252105,06095252105,Solano,32,2.51,1069,33.66,66.34,3.56,9.45,2.71,18.97,81.03,2.33,72.93,0.0,0.14,19.6,27.18,5.38,1352,53.84,10.89
Census Tract 2521.06; Solano County; California,4384,42.5,4384,2870,187,20,469,10,226,602,118411.0,59795.0,4384,416,1792,1713,907,806,1713,7,34,2597.0,857100.0,1850,1190,26,0,25,463,39290.0,1970,1912,58,3018,1147,320,90,46,493,4384,06,095,252106,06095252106,Solano,41,2.39,1514,34.53,65.47,4.27,10.7,9.49,47.05,52.95,1.41,64.32,0.0,1.35,25.03,21.24,2.94,1603,53.11,11.25
Census Tract 2521.07; Solano County; California,3256,42.9,3256,1818,202,0,474,33,254,475,96406.0,56117.0,3213,484,1443,1407,890,517,1407,33,0,2721.0,779300.0,1550,1163,3,0,22,265,,1708,1622,84,2432,851,243,50,31,452,3256,06,095,252107,06095252107,Solano,33,2.35,1438,44.16,55.84,6.2,14.56,15.06,36.74,63.26,0.19,75.03,0.0,1.42,17.1,,4.92,1175,48.31,13.88
Census Tract 2521.08; Solano County; California,2854,46.3,2854,1779,222,11,217,0,63,562,163889.0,81346.0,2840,111,1258,1192,888,304,1192,14,22,2196.0,821200.0,1330,851,23,0,13,358,,1425,1330,95,2176,663,192,126,142,299,2854,06,095,252108,06095252108,Solano,36,3.02,1075,37.67,62.33,7.78,7.6,3.91,25.5,74.5,1.73,63.98,0.0,0.98,26.92,,6.67,1123,51.61,10.48
Census Tract 2522.03; Solano County; California,4299,43.0,4299,1739,344,0,1249,63,54,850,165078.0,78127.0,4296,183,1709,1661,1291,370,1661,14,47,2865.0,813100.0,2258,1575,24,0,46,440,51425.0,2353,2288,34,3100,814,539,132,133,621,4299,06,095,252203,06095252203,Solano,61,3.67,2560,59.55,40.45,8.0,29.05,4.26,22.28,77.72,1.06,69.75,0.0,2.04,19.49,22.77,1.44,1618,52.19,14.45
Census Tract 2522.04; Solano County; California,5874,41.3,5874,2231,660,0,1752,18,341,872,199821.0,70224.0,5862,173,1784,1784,1597,187,1784,11,0,3286.0,934500.0,2556,1738,36,4,63,501,68510.0,2823,2543,230,3637,1095,571,73,81,1043,5874,06,095,252204,06095252204,Solano,11,0.62,3643,62.02,37.98,11.24,29.83,2.95,10.48,89.52,1.41,68.0,0.16,2.46,19.6,26.8,8.15,1820,50.04,17.76
Census Tract 2522.05; Solano County; California,8310,41.4,8310,2648,682,16,3036,368,475,1085,165283.0,51634.0,8282,555,2344,2299,2164,135,2299,63,0,2690.0,671000.0,4273,3016,95,13,39,572,121305.0,4533,4381,152,5852,1356,325,7,96,1806,8310,06,095,252205,06095252205,Solano,63,2.74,5662,68.13,31.87,8.21,36.53,6.7,5.87,94.13,2.22,70.58,0.3,0.91,13.39,28.39,3.35,1784,30.49,21.73
Census Tract 2522.06; Solano County; California,5955,39.1,5955,2069,265,23,1641,145,468,1344,133804.0,52553.0,5910,670,1924,1894,1560,334,1894,108,7,3345.0,708600.0,2748,1981,23,0,9,490,88360.0,3153,2872,265,3971,1202,295,67,101,1321,5955,06,095,252206,06095252206,Solano,115,6.07,3886,65.26,34.74,4.45,27.56,11.34,17.63,82.37,0.84,72.09,0.0,0.33,17.83,32.15,8.4,1665,41.93,22.18
Census Tract 2523.05; Solano County; California,5919,38.8,5919,2629,818,28,1395,0,207,842,117721.0,53632.0,5906,468,2292,2188,1349,839,2188,0,0,2467.0,706300.0,3092,2424,35,0,21,494,66790.0,3211,3091,71,4121,987,494,103,7,1361,5919,06,095,252305,06095252305,Solano,0,0.0,3290,55.58,44.42,13.82,23.57,7.92,38.35,61.65,1.13,78.4,0.0,0.68,15.98,21.6,2.21,1591,38.61,22.99
Census Tract 2523.06; Solano County; California,2967,43.6,2967,1226,623,102,307,0,55,654,119710.0,48235.0,2967,394,1120,1101,906,195,1101,27,0,2281.0,663900.0,1209,908,21,0,12,180,,1334,1239,95,2110,502,206,32,11,596,2967,06,095,252306,06095252306,Solano,27,2.45,1741,58.68,41.32,21.0,10.35,13.28,17.71,82.29,1.74,75.1,0.0,0.99,14.89,,7.12,751,35.59,20.09
Census Tract 2523.10; Solano County; California,3123,52.6,3123,1838,378,0,462,0,132,313,154107.0,90741.0,3113,127,1395,1301,1103,198,1301,47,56,3501.0,1015400.0,1218,732,0,0,0,292,,1308,1253,37,2314,818,362,127,124,452,3123,06,095,252310,06095252310,Solano,103,7.92,1285,41.15,58.85,12.1,14.79,4.08,15.22,84.78,0.0,60.1,0.0,0.0,23.97,,2.83,1431,61.84,14.47
Census Tract 2523.11; Solano County; California,4239,39.9,4239,1389,597,0,779,160,608,706,145610.0,58535.0,4239,301,1559,1440,1094,346,1440,15,34,2829.0,776700.0,2115,1645,32,10,9,331,65095.0,2300,2070,175,3116,840,284,66,73,737,4239,06,095,252311,06095252311,Solano,49,3.4,2850,67.23,32.77,14.08,18.38,7.1,24.03,75.97,1.51,77.78,0.47,0.43,15.65,30.78,7.61,1263,40.53,17.39
Census Tract 2523.12; Solano County; California,3664,37.0,3664,1788,503,0,397,14,310,652,89464.0,52757.0,3664,268,1374,1358,628,730,1358,20,29,2494.0,605400.0,1733,1203,4,0,66,343,,1889,1653,86,2418,477,144,17,38,500,3664,06,095,252312,06095252312,Solano,49,3.61,1876,51.2,48.8,13.73,10.84,7.31,53.76,46.24,0.23,69.42,0.0,3.81,19.79,,4.55,676,27.96,13.65
Census Tract 2523.13; Solano County; California,4622,51.1,4622,2136,646,93,951,4,174,618,92143.0,47677.0,4612,399,2217,1984,936,1048,1984,0,201,2230.0,676600.0,1657,1114,32,0,68,333,,1848,1765,60,3731,577,273,128,36,513,4622,06,095,252313,06095252313,Solano,201,10.13,2486,53.79,46.21,13.98,20.58,8.65,52.82,47.18,1.93,67.23,0.0,4.1,20.1,,3.25,1014,27.18,11.1
Census Tract 2523.14; Solano County; California,4569,38.0,4569,1517,929,34,271,32,735,1051,92708.0,36228.0,4569,627,1541,1447,852,595,1447,0,47,2371.0,540200.0,2277,1506,0,0,34,438,49465.0,2439,2344,51,3249,517,133,5,44,596,4569,06,095,252314,06095252314,Solano,47,3.25,3052,66.8,33.2,20.33,5.93,13.72,41.12,58.88,0.0,66.14,0.0,1.49,19.24,21.72,2.09,699,21.51,13.04
Census Tract 2523.15; Solano County; California,4015,40.2,4015,1238,949,0,1033,0,380,415,109522.0,44536.0,4015,371,1322,1307,1091,216,1307,8,12,2948.0,620900.0,1835,1308,24,0,0,211,39930.0,1937,1802,66,2833,750,206,5,30,762,4015,06,095,252315,06095252315,Solano,20,1.53,2777,69.17,30.83,23.64,25.73,9.24,16.53,83.47,1.31,71.28,0.0,0.0,11.5,21.76,3.41,991,34.98,18.98
Census Tract 2523.16; Solano County; California,4246,38.7,4246,1365,617,15,464,14,711,1060,98393.0,34235.0,4215,532,1222,1222,743,479,1222,11,0,2597.0,572300.0,2023,1604,0,0,6,86,,2275,2135,75,2794,476,140,24,72,1323,4246,06,095,252316,06095252316,Solano,11,0.9,2881,67.85,32.15,14.53,10.93,12.62,39.2,60.8,0.0,79.29,0.0,0.3,4.25,,3.3,712,25.48,31.16
Census Tract 2523.17; Solano County; California,14017,36.3,14017,2967,3580,4,4444,146,450,2426,147491.0,48870.0,13883,696,3882,3745,2886,859,3745,0,0,3220.0,698000.0,6492,4941,85,0,0,684,228730.0,7086,6623,334,9160,2290,1011,123,94,3372,14017,06,095,252317,06095252317,Solano,0,0.0,11050,78.83,21.17,25.54,31.7,5.01,22.94,77.06,1.31,76.11,0.0,0.0,10.54,35.23,4.71,3518,38.41,24.06
Census Tract 2524.01; Solano County; California,4538,35.5,4538,1207,354,58,341,0,1989,589,77150.0,30541.0,4502,700,1474,1448,745,703,1448,34,5,2280.0,425400.0,2034,1646,27,0,84,75,61385.0,2348,2205,143,3178,173,46,81,0,1483,4538,06,095,252401,06095252401,Solano,39,2.69,3331,73.4,26.6,7.8,7.51,15.55,48.55,51.45,1.33,80.92,0.0,4.13,3.69,30.18,6.09,300,9.44,32.68
Census Tract 2524.02; Solano County; California,5332,32.6,5332,1054,409,0,589,0,1458,1822,77679.0,30839.0,5319,740,1729,1709,1006,703,1709,77,118,1805.0,498100.0,2043,1526,34,8,18,57,64550.0,2380,2104,273,3433,289,115,0,25,1879,5332,06,095,252402,06095252402,Solano,195,11.41,4278,80.23,19.77,7.67,11.05,13.91,41.14,58.86,1.66,74.69,0.39,0.88,2.79,31.6,11.47,429,12.5,35.24
Census Tract 2525.01; Solano County; California,2792,46.4,2792,830,328,39,190,0,515,890,56574.0,31925.0,2719,453,1024,1006,325,681,1006,0,108,1890.0,446700.0,1417,945,20,0,6,73,,1548,1461,87,2100,134,19,19,5,653,2792,06,095,252501,06095252501,Solano,108,10.74,1962,70.27,29.73,11.75,6.81,16.66,67.69,32.31,1.41,66.69,0.0,0.42,5.15,,5.62,177,8.43,23.39
Census Tract 2525.02; Solano County; California,1578,35.0,1578,448,295,6,218,0,371,240,80000.0,29086.0,1446,428,622,490,111,379,490,0,11,1784.0,448000.0,657,502,39,11,11,77,18515.0,744,645,63,1076,161,41,0,6,501,1578,06,095,252502,06095252502,Solano,11,2.24,1130,71.61,28.39,18.69,13.81,29.6,77.35,22.65,5.94,76.41,1.67,1.67,11.72,28.18,8.47,208,19.33,31.75
Census Tract 2526.04; Solano County; California,4010,32.0,4010,1015,674,0,147,11,1205,958,87823.0,28856.0,3868,422,1207,1148,378,770,1148,0,73,2211.0,478300.0,1609,1222,14,0,22,216,34645.0,1863,1593,199,2248,162,0,0,11,1075,4010,06,095,252604,06095252604,Solano,73,6.36,2995,74.69,25.31,16.81,3.67,10.91,67.07,32.93,0.87,75.95,0.0,1.37,13.42,21.53,10.68,173,7.7,26.81
Census Tract 2526.05; Solano County; California,5272,32.5,5272,1278,666,41,523,98,1559,1107,69615.0,36459.0,5272,1102,1962,1912,716,1196,1912,9,111,2010.0,518700.0,2465,1815,16,13,80,226,63480.0,2633,2560,73,3275,338,35,46,9,1553,5272,06,095,252605,06095252605,Solano,120,6.28,3994,75.76,24.24,12.63,9.92,20.9,62.55,37.45,0.65,73.63,0.53,3.25,9.17,25.75,2.77,428,13.07,29.46
Census Tract 2526.06; Solano County; California,5740,32.0,5740,1956,568,55,362,0,2006,793,48868.0,23326.0,5739,1336,1935,1920,865,1055,1920,112,265,1607.0,474800.0,2192,1338,0,46,146,194,66825.0,2408,2234,174,3623,268,26,27,0,2026,5740,06,095,252606,06095252606,Solano,377,19.64,3784,65.92,34.08,9.9,6.31,23.28,54.95,45.05,0.0,61.04,2.1,6.66,8.85,30.49,7.23,321,8.86,35.3
Census Tract 2526.07; Solano County; California,4002,30.3,4002,1107,501,0,357,118,1364,555,57938.0,23800.0,3998,1094,1250,1243,473,770,1243,91,91,2032.0,457500.0,1346,965,51,56,0,7,43685.0,1591,1361,230,2295,100,68,2,0,1241,4002,06,095,252607,06095252607,Solano,182,14.64,2895,72.34,27.66,12.52,8.92,27.36,61.95,38.05,3.79,71.69,4.16,0.0,0.52,32.46,14.46,170,7.41,31.01
Census Tract 2526.08; Solano County; California,4820,34.9,4820,1240,422,233,521,228,1513,663,91401.0,33623.0,4811,335,1572,1483,837,646,1483,0,57,1807.0,441500.0,2267,1802,42,0,17,145,58955.0,2534,2374,160,3294,234,77,20,43,1387,4820,06,095,252608,06095252608,Solano,57,3.84,3580,74.27,25.73,8.76,10.81,6.96,43.56,56.44,1.85,79.49,0.0,0.75,6.4,26.01,6.31,374,11.35,28.78
Census Tract 2526.10; Solano County; California,3039,49.4,3039,1078,567,51,522,0,385,436,82500.0,33896.0,3039,154,1030,1030,722,308,1030,25,0,2207.0,479300.0,1164,817,0,0,14,109,25970.0,1379,1239,134,2399,266,91,23,19,730,3039,06,095,252610,06095252610,Solano,25,2.43,1961,64.53,35.47,18.66,17.18,5.07,29.9,70.1,0.0,70.19,0.0,1.2,9.36,22.31,9.72,399,16.63,24.02
Census Tract 2526.11; Solano County; California,3874,30.6,3874,937,638,43,533,12,915,796,94773.0,29366.0,3825,297,1214,1164,560,604,1164,19,19,2179.0,443900.0,1665,1341,0,0,56,114,,1811,1652,146,2333,155,16,0,33,1053,3874,06,095,252611,06095252611,Solano,38,3.26,2937,75.81,24.19,16.47,13.76,7.76,51.89,48.11,0.0,80.54,0.0,3.36,6.85,,8.06,204,8.74,27.18
Census Tract 2527.02; Solano County; California,7119,38.7,7119,1907,1800,0,1582,87,364,1379,65833.0,35539.0,7082,1286,2738,2690,1462,1228,2690,10,268,1619.0,567500.0,2755,2325,10,0,15,124,90455.0,3499,2840,579,4702,742,205,67,30,1437,7119,06,095,252702,06095252702,Solano,278,10.33,5212,73.21,26.79,25.28,22.22,18.16,45.65,54.35,0.36,84.39,0.0,0.54,4.5,32.83,16.55,1044,22.2,20.19
Census Tract 2527.03; Solano County; California,4290,33.8,4290,877,1144,51,806,3,386,1023,91490.0,39148.0,4254,181,1414,1414,929,485,1414,13,51,2250.0,567100.0,2142,1655,0,3,0,170,66345.0,2304,2122,119,2833,357,135,76,0,784,4290,06,095,252703,06095252703,Solano,64,4.53,3413,79.56,20.44,26.67,18.79,4.25,34.3,65.7,0.0,77.26,0.14,0.0,7.94,30.97,5.16,568,20.05,18.28
Census Tract 2527.04; Solano County; California,4903,34.2,4903,1394,1093,156,645,81,498,1036,84063.0,34425.0,4903,491,1783,1724,802,922,1724,10,58,2167.0,521600.0,2243,1660,0,0,64,378,47695.0,2398,2251,112,3266,300,138,9,13,1033,4903,06,095,252704,06095252704,Solano,68,3.94,3509,71.57,28.43,22.29,13.16,10.01,53.48,46.52,0.0,74.01,0.0,2.85,16.85,21.26,4.67,460,14.08,21.07
Census Tract 2527.05; Solano County; California,6402,35.4,6402,1887,921,0,1086,16,1354,1138,115547.0,39504.0,6397,244,1893,1873,1400,473,1873,7,0,2478.0,596900.0,3257,2742,6,0,96,158,98105.0,3502,3281,143,4352,788,149,18,0,1511,6402,06,095,252705,06095252705,Solano,7,0.37,4515,70.52,29.48,14.39,16.96,3.81,25.25,74.75,0.18,84.19,0.0,2.95,4.85,30.12,4.08,955,21.94,23.6
Census Tract 2527.06; Solano County; California,4431,38.0,4431,1019,522,139,1236,47,516,952,128833.0,41955.0,4431,91,1278,1278,915,363,1278,45,0,3038.0,616900.0,2167,1830,25,0,12,71,65550.0,2491,2200,270,3064,683,247,29,0,1131,4431,06,095,252706,06095252706,Solano,45,3.52,3412,77.0,23.0,11.78,27.89,2.05,28.4,71.6,1.15,84.45,0.0,0.55,3.28,30.25,10.84,959,31.3,25.52
Census Tract 2527.07; Solano County; California,4490,38.5,4490,1269,955,17,574,345,724,606,88250.0,38286.0,4469,317,1714,1584,1132,452,1584,77,10,1803.0,485200.0,2258,1961,13,7,34,36,81840.0,2397,2271,120,3271,365,146,14,0,876,4490,06,095,252707,06095252707,Solano,87,5.49,3221,71.74,28.26,21.27,12.78,7.09,28.54,71.46,0.58,86.85,0.31,1.51,1.59,36.24,5.01,525,16.05,19.51
Census Tract 2528.01; Solano County; California,2814,22.9,2814,1578,222,23,362,33,80,516,82759.0,28170.0,2814,27,1075,864,8,856,864,0,25,3146.0,,1205,912,0,20,34,90,,1305,421,75,1309,254,69,7,21,162,2814,06,095,252801,06095252801,Solano,25,2.89,1236,43.92,56.08,7.89,12.86,0.96,99.07,0.93,0.0,75.68,1.66,2.82,7.47,,5.75,351,26.81,5.76
Census Tract 2528.02; Solano County; California,1103,21.9,1103,723,57,0,64,84,8,167,93393.0,32497.0,480,11,175,165,4,161,165,0,5,3000.0,,833,531,0,90,29,18,,870,242,8,389,109,19,48,4,81,1103,06,095,252802,06095252802,Solano,5,3.03,380,34.45,65.55,5.17,5.8,2.29,97.58,2.42,0.0,63.75,10.8,3.48,2.16,,0.92,180,46.27,7.34
Census Tract 2529.03; Solano County; California,4848,52.6,4848,3320,3,15,343,0,118,1049,127188.0,60920.0,4848,236,1982,1739,1379,360,1739,0,9,1788.0,1112600.0,2271,1684,0,0,92,259,64415.0,2309,2272,37,3533,720,250,53,150,457,4848,06,095,252903,06095252903,Solano,9,0.52,1528,31.52,68.48,0.06,7.08,4.87,20.7,79.3,0.0,74.15,0.0,4.05,11.4,28.36,1.6,1173,33.2,9.43
Census Tract 2529.04; Solano County; California,8754,36.7,8754,4365,557,280,2172,0,163,1217,113822.0,52611.0,8753,199,3408,3271,2184,1087,3271,56,165,2419.0,712500.0,4195,3326,32,18,30,519,127915.0,4746,4241,299,6034,1654,409,131,88,1606,8754,06,095,252904,06095252904,Solano,221,6.76,4389,50.14,49.86,6.36,24.81,2.27,33.23,66.77,0.76,79.28,0.43,0.72,12.37,30.49,6.3,2282,37.82,18.35
Census Tract 2529.08; Solano County; California,3693,34.3,3693,1801,627,74,233,0,542,416,98889.0,35167.0,3693,222,1236,1226,646,580,1226,0,9,2350.0,585100.0,1789,1543,0,10,11,68,47655.0,1856,1685,43,2342,331,111,26,0,585,3693,06,095,252908,06095252908,Solano,9,0.73,1892,51.23,48.77,16.98,6.31,6.01,47.31,52.69,0.0,86.25,0.56,0.61,3.8,26.64,2.32,468,19.98,15.84
Census Tract 2529.09; Solano County; California,6275,32.7,6275,3012,621,8,972,26,536,1100,158519.0,54354.0,6270,324,1908,1896,1724,172,1896,0,0,2756.0,632900.0,2983,2438,11,0,9,376,94325.0,3287,2965,178,4331,1179,373,85,40,663,6275,06,095,252909,06095252909,Solano,0,0.0,3263,52.0,48.0,9.9,15.49,5.17,9.07,90.93,0.37,81.73,0.0,0.3,12.6,31.62,5.42,1677,38.72,10.57
Census Tract 2529.10; Solano County; California,4847,44.7,4847,2575,242,0,674,0,513,843,136181.0,54770.0,4820,139,1788,1708,1343,365,1708,46,43,2705.0,603000.0,2510,1893,69,38,0,342,57190.0,2828,2296,213,3684,868,180,28,0,611,4847,06,095,252910,06095252910,Solano,89,5.21,2272,46.87,53.13,4.99,13.91,2.88,21.37,78.63,2.75,75.42,1.51,0.0,13.63,22.78,7.53,1076,29.21,12.61
Census Tract 2529.11; Solano County; California,5363,61.1,5363,3859,220,146,513,0,173,452,62285.0,47988.0,5264,449,2906,2701,1602,1099,2701,45,257,1930.0,505200.0,2189,1521,11,0,11,484,44295.0,2396,2271,78,4580,748,277,110,64,843,5363,06,095,252911,06095252911,Solano,302,11.18,1504,28.04,71.96,4.1,9.57,8.53,40.69,59.31,0.5,69.48,0.0,0.5,22.11,20.24,3.26,1199,26.18,15.72
Census Tract 2529.12; Solano County; California,5386,41.9,5386,3033,222,35,706,43,239,1108,167241.0,57638.0,5386,456,1907,1860,1577,283,1860,11,14,2628.0,674100.0,2882,2451,0,14,8,243,70230.0,3043,2871,144,3742,1072,298,70,18,675,5386,06,095,252912,06095252912,Solano,25,1.34,2353,43.69,56.31,4.12,13.11,8.47,15.22,84.78,0.0,85.05,0.49,0.28,8.43,24.37,4.73,1458,38.96,12.53
Census Tract 2529.13; Solano County; California,4415,39.0,4415,2647,396,16,540,21,124,671,111600.0,51025.0,4415,166,1630,1616,1248,368,1616,29,20,2941.0,611500.0,2146,1760,6,0,0,337,46320.0,2289,2157,66,3081,666,234,29,25,531,4415,06,095,252913,06095252913,Solano,49,3.03,1768,40.05,59.95,8.97,12.23,3.76,22.77,77.23,0.28,82.01,0.0,0.0,15.7,21.58,2.88,954,30.96,12.03
Census Tract 2529.14; Solano County; California,5811,33.0,5811,2428,764,128,595,19,928,949,114444.0,44256.0,5811,1005,1908,1814,1492,322,1814,0,0,2650.0,595100.0,2117,1752,0,0,0,226,60710.0,2457,2157,209,3647,723,194,48,11,545,5811,06,095,252914,06095252914,Solano,0,0.0,3383,58.22,41.78,13.15,10.24,17.29,17.75,82.25,0.0,82.76,0.0,0.0,10.68,28.68,8.51,976,26.76,9.38
Census Tract 2529.15; Solano County; California,6802,35.6,6802,3365,493,0,1357,55,425,1107,185150.0,57668.0,6773,94,2033,1909,1724,185,1909,45,0,3311.0,746200.0,3410,2611,12,0,0,569,83515.0,3741,3479,197,4288,1222,449,159,39,772,6802,06,095,252915,06095252915,Solano,45,2.36,3437,50.53,49.47,7.25,19.95,1.39,9.69,90.31,0.35,76.57,0.0,0.0,16.69,24.49,5.27,1869,43.59,11.35
Census Tract 2530; Solano County; California,5777,48.0,5777,1040,2388,132,201,33,1667,316,,6579.0,0,0,0,0,0,0,0,0,0,,,0,0,0,0,0,0,,0,0,0,5307,66,59,57,0,542,5777,06,095,253000,06095253000,Solano,0,,4737,82.0,18.0,41.34,3.48,,,,,,,,,,,182,3.43,9.38
Census Tract 2531.01; Solano County; California,5303,36.2,5303,3362,275,240,189,0,239,998,106958.0,50334.0,5212,792,2214,1951,1149,802,1951,68,31,2009.0,625200.0,2573,2017,0,0,107,358,43435.0,2636,2509,17,3714,722,231,231,23,649,5303,06,095,253101,06095253101,Solano,99,5.07,1941,36.6,63.4,5.19,3.56,15.2,41.11,58.89,0.0,78.39,0.0,4.16,13.91,16.88,0.64,1207,32.5,12.24
Census Tract 2531.05; Solano County; California,6407,35.0,6407,2984,704,35,372,0,753,1559,83563.0,42685.0,6407,736,2802,2681,1105,1576,2681,0,111,2397.0,454300.0,3632,2696,0,0,45,469,71860.0,4087,3321,370,4710,495,91,56,0,948,6407,06,095,253105,06095253105,Solano,111,4.14,3423,53.43,46.57,10.99,5.81,11.49,58.78,41.22,0.0,74.23,0.0,1.24,12.91,19.79,9.05,642,13.63,14.8
Census Tract 2531.06; Solano County; California,3569,33.2,3569,2294,317,56,120,0,470,312,92159.0,38730.0,3569,389,1423,1380,527,853,1380,7,35,2423.0,596100.0,1556,1296,0,16,65,99,35550.0,1852,1471,198,2468,372,100,18,24,457,3569,06,095,253106,06095253106,Solano,42,3.04,1275,35.72,64.28,8.88,3.36,10.9,61.81,38.19,0.0,83.29,1.03,4.18,6.36,22.85,10.69,514,20.83,12.8
Census Tract 2531.07; Solano County; California,5776,35.5,5776,2586,195,76,372,245,765,1537,78867.0,37268.0,5679,771,2196,2039,813,1226,2039,0,81,2121.0,577400.0,2891,2252,0,0,0,254,,3248,2992,154,3974,433,55,0,0,622,5776,06,095,253107,06095253107,Solano,81,3.97,3190,55.23,44.77,3.38,6.44,13.58,60.13,39.87,0.0,77.9,0.0,0.0,8.79,,4.74,488,12.28,10.77
Census Tract 2531.08; Solano County; California,3854,40.2,3854,2355,154,45,457,9,247,587,95840.0,44061.0,3854,316,1646,1479,986,493,1479,4,45,1996.0,556900.0,1754,1346,0,0,57,188,39980.0,1961,1773,165,2716,464,209,78,0,570,3854,06,095,253108,06095253108,Solano,49,3.31,1499,38.89,61.11,4.0,11.86,8.2,33.33,66.67,0.0,76.74,0.0,3.25,10.72,22.79,8.41,751,27.65,14.79
Census Tract 2532.01; Solano County; California,5122,43.0,5122,3652,100,14,169,9,188,990,135313.0,58062.0,5122,203,1884,1850,1589,261,1850,75,0,2371.0,661600.0,2319,1911,11,0,58,240,60235.0,2418,2319,74,3557,655,230,224,59,119,5122,06,095,253201,06095253201,Solano,75,4.05,1470,28.7,71.3,1.95,3.3,3.96,14.11,85.89,0.47,82.41,0.0,2.5,10.35,25.97,3.06,1168,32.84,2.32
Census Tract 2532.03; Solano County; California,3992,35.5,3992,2475,98,0,151,0,415,853,84917.0,38438.0,3932,251,1571,1527,918,609,1527,51,55,1903.0,608200.0,1696,1233,0,15,81,190,60685.0,1747,1642,51,2557,347,165,35,8,456,3992,06,095,253203,06095253203,Solano,106,6.94,1517,38.0,62.0,2.45,3.78,6.38,39.88,60.12,0.0,72.7,0.88,4.78,11.2,35.78,2.92,555,21.71,11.42
Census Tract 2532.05; Solano County; California,3286,36.1,3286,1884,114,15,467,29,280,497,106667.0,37329.0,3262,355,1034,1008,732,276,1008,39,30,1595.0,582400.0,1510,1027,0,12,30,309,30590.0,1690,1569,121,2023,594,92,17,0,425,3286,06,095,253205,06095253205,Solano,69,6.85,1402,42.67,57.33,3.47,14.21,10.88,27.38,72.62,0.0,68.01,0.79,1.99,20.46,20.26,7.16,703,34.75,12.93
Census Tract 2532.06; Solano County; California,3957,37.7,3957,2360,156,13,587,7,158,676,162284.0,72812.0,3953,117,1270,1270,1048,222,1270,17,0,3200.0,732100.0,2041,1627,21,11,0,252,56915.0,2208,2041,154,2646,805,206,73,32,547,3957,06,095,253206,06095253206,Solano,17,1.34,1597,40.36,59.64,3.94,14.83,2.96,17.48,82.52,1.03,79.72,0.54,0.0,12.35,27.89,6.97,1116,42.18,13.82
Census Tract 2532.07; Solano County; California,2606,49.9,2606,1470,97,0,300,0,348,391,117813.0,52885.0,2606,46,945,945,839,106,945,0,21,1125.0,703000.0,1121,969,0,0,13,107,,1176,1137,39,1963,469,117,40,32,461,2606,06,095,253207,06095253207,Solano,21,2.22,1136,43.59,56.41,3.72,11.51,1.77,11.22,88.78,0.0,86.44,0.0,1.16,9.55,,3.32,658,33.52,17.69
Census Tract 2532.08; Solano County; California,4574,34.6,4574,2881,269,0,580,0,445,399,112500.0,42590.0,4554,999,1479,1436,793,643,1436,0,26,1766.0,653700.0,1982,1558,0,11,0,283,,2112,1990,97,2538,476,325,47,37,995,4574,06,095,253208,06095253208,Solano,26,1.81,1693,37.01,62.99,5.88,12.68,21.94,44.78,55.22,0.0,78.61,0.55,0.0,14.28,,4.59,885,34.87,21.75
Census Tract 2533; Solano County; California,3680,39.9,3680,2517,109,3,68,0,502,481,103131.0,52926.0,3680,343,1270,1222,734,488,1222,19,20,1318.0,866700.0,1422,1066,0,0,45,127,34595.0,1478,1430,48,2442,457,116,60,54,608,3680,06,095,253300,06095253300,Solano,39,3.19,1163,31.6,68.4,2.96,1.85,9.32,39.93,60.07,0.0,74.96,0.0,3.16,8.93,24.33,3.25,687,28.13,16.52
Census Tract 2534.02; Solano County; California,8302,34.7,8302,4274,115,64,347,3,1944,1555,101196.0,41293.0,8286,1008,3100,2973,1789,1184,2973,50,141,1316.0,593400.0,4120,3244,0,26,86,318,93390.0,4332,4106,80,5473,648,416,112,19,1561,8302,06,095,253402,06095253402,Solano,191,6.42,4028,48.52,51.48,1.39,4.18,12.17,39.83,60.17,0.0,78.74,0.63,2.09,7.72,22.67,1.85,1195,21.83,18.8
Census Tract 2534.03; Solano County; California,5723,35.8,5723,3614,54,35,317,12,1000,691,104272.0,41219.0,5710,651,1869,1836,1558,278,1836,27,0,2800.0,600200.0,2717,2306,0,22,13,278,81240.0,3056,2781,228,3640,722,285,76,12,890,5723,06,095,253403,06095253403,Solano,27,1.47,2109,36.85,63.15,0.94,5.54,11.4,15.14,84.86,0.0,84.87,0.81,0.48,10.23,29.9,7.46,1095,30.08,15.55
Census Tract 2534.04; Solano County; California,5901,33.4,5901,3635,457,0,145,0,841,823,103060.0,42052.0,5901,346,2223,2075,880,1195,2075,14,97,1965.0,633400.0,2790,2186,0,0,0,528,52075.0,3100,2740,289,3760,538,223,59,21,771,5901,06,095,253404,06095253404,Solano,111,5.35,2266,38.4,61.6,7.74,2.46,5.86,57.59,42.41,0.0,78.35,0.0,0.0,18.92,18.66,9.32,841,22.37,13.07
Census Tract 2535.01; Solano County; California,6523,68.5,6523,3853,591,7,446,0,1354,272,81923.0,54285.0,6448,313,3777,3626,3231,395,3626,0,19,1858.0,492300.0,1645,1203,0,0,19,293,,2331,1693,638,5849,1245,379,127,288,876,6523,06,095,253501,06095253501,Solano,19,0.52,2670,40.93,59.07,9.06,6.84,4.85,10.89,89.11,0.0,73.13,0.0,1.16,17.81,,27.37,2039,34.86,13.43
Census Tract 2535.02; Solano County; California,4953,37.3,4953,3273,491,45,102,10,417,615,99000.0,37197.0,4849,818,1752,1684,995,689,1684,8,11,1480.0,480600.0,2250,1828,0,43,63,152,,2303,2268,35,3482,564,90,17,13,329,4953,06,095,253502,06095253502,Solano,19,1.13,1680,33.92,66.08,9.91,2.06,16.87,40.91,59.09,0.0,81.24,1.91,2.8,6.76,,1.52,684,19.64,6.64
Census Tract 9800; Solano County; California,0,,0,0,0,0,0,0,0,0,,,0,0,0,0,0,0,0,0,0,,,0,0,0,0,0,0,,0,0,0,0,0,0,0,0,0,0,06,095,980000,06095980000,Solano,0,,0,,,,,,,,,,,,,,,0,,
Census Tract 1501; Sonoma County; California,1955,53.6,1955,1514,13,0,121,0,65,242,123177.0,80149.0,1955,212,1169,882,632,250,882,7,3,2637.0,1583300.0,852,530,0,33,27,119,,910,876,34,1559,429,193,123,9,241,1955,06,097,150100,06097150100,Sonoma,10,1.13,441,22.56,77.44,0.66,6.19,10.84,28.34,71.66,0.0,62.21,3.87,3.17,13.97,,3.74,754,48.36,12.33
Census Tract 1502.03; Sonoma County; California,4891,59.7,4891,4253,113,43,72,114,18,278,89859.0,69634.0,4792,731,2682,2439,1899,540,2439,30,145,1750.0,989700.0,1763,1220,0,40,36,399,,1966,1802,164,3952,1232,514,42,74,458,4891,06,097,150203,06097150203,Sonoma,175,7.18,638,13.04,86.96,2.31,1.47,15.25,22.14,77.86,0.0,69.2,2.27,2.04,22.63,,8.34,1862,47.12,9.36
Census Tract 1502.04; Sonoma County; California,3679,52.5,3679,3038,15,0,48,15,207,356,128049.0,98209.0,3621,215,2026,1712,1035,677,1712,0,35,2293.0,1520700.0,1879,1476,0,19,89,283,,1964,1901,63,3050,1170,418,117,50,381,3679,06,097,150204,06097150204,Sonoma,35,2.04,641,17.42,82.58,0.41,1.3,5.94,39.54,60.46,0.0,78.55,1.01,4.74,15.06,,3.21,1755,57.54,10.36
Census Tract 1502.05; Sonoma County; California,4461,52.5,4461,3073,0,0,160,6,678,544,106053.0,56580.0,4456,199,2160,1822,1105,717,1822,0,0,1921.0,848300.0,2257,1628,0,0,91,438,49125.0,2453,2253,183,3603,671,420,81,32,819,4461,06,097,150205,06097150205,Sonoma,0,0.0,1388,31.11,68.89,0.0,3.59,4.47,39.35,60.65,0.0,72.13,0.0,4.03,19.41,21.77,7.46,1204,33.42,18.36
Census Tract 1502.06; Sonoma County; California,1293,59.1,1293,860,0,0,31,0,120,282,97727.0,137518.0,1293,101,857,766,443,323,766,0,36,2629.0,1660200.0,586,302,0,10,9,213,,660,591,69,1082,492,219,52,0,108,1293,06,097,150206,06097150206,Sonoma,36,4.7,433,33.49,66.51,0.0,2.4,7.81,42.17,57.83,0.0,51.54,1.71,1.54,36.35,,10.45,763,70.52,8.35
Census Tract 1503.03; Sonoma County; California,3880,66.9,3880,3080,8,19,37,0,95,641,121451.0,80359.0,3877,142,2294,1969,1682,287,1969,206,0,3114.0,795400.0,1565,780,0,14,37,508,,1710,1571,139,3500,974,525,258,57,358,3880,06,097,150303,06097150303,Sonoma,206,10.46,800,20.62,79.38,0.21,0.95,3.66,14.58,85.42,0.0,49.84,0.89,2.36,32.46,,8.13,1814,51.83,9.23
Census Tract 1503.04; Sonoma County; California,6066,44.1,6066,3850,27,141,48,0,546,1454,120746.0,53589.0,6066,338,2470,2342,1447,895,2342,15,0,1930.0,837500.0,3016,2273,18,65,50,423,78150.0,3218,3080,138,4434,842,469,32,95,1118,6066,06,097,150304,06097150304,Sonoma,15,0.64,2216,36.53,63.47,0.45,0.79,5.57,38.22,61.78,0.6,75.36,2.16,1.66,14.03,25.91,4.29,1438,32.43,18.43
Census Tract 1503.05; Sonoma County; California,4916,34.1,4916,1672,5,0,8,0,1871,1360,76364.0,31435.0,4916,1270,1802,1546,734,812,1546,8,16,1895.0,733300.0,2241,1709,21,43,30,189,,2420,2361,59,3127,460,104,44,53,1649,4916,06,097,150305,06097150305,Sonoma,24,1.55,3244,65.99,34.01,0.1,0.16,25.83,52.52,47.48,0.94,76.26,1.92,1.34,8.43,,2.44,661,21.14,33.54
Census Tract 1503.06; Sonoma County; California,3783,49.8,3783,2310,169,12,80,0,748,464,122353.0,65991.0,3783,291,1650,1488,1093,395,1488,70,17,2092.0,778200.0,1839,993,0,10,5,648,,2090,1872,218,3010,760,336,108,19,653,3783,06,097,150306,06097150306,Sonoma,87,5.85,1473,38.94,61.06,4.47,2.11,7.69,26.55,73.45,0.0,54.0,0.54,0.27,35.24,,10.43,1223,40.63,17.26
Census Tract 1505.01; Sonoma County; California,3070,59.1,3070,2548,0,0,144,0,148,230,165996.0,126552.0,3070,411,1565,1407,1056,351,1407,0,67,1505.0,1337000.0,1236,763,0,0,111,309,,1401,1345,56,2694,1070,433,71,200,308,3070,06,097,150501,06097150501,Sonoma,67,4.76,522,17.0,83.0,0.0,4.69,13.39,24.95,75.05,0.0,61.73,0.0,8.98,25.0,,4.0,1774,65.85,10.03
Census Tract 1505.02; Sonoma County; California,1756,49.3,1756,1147,98,11,37,0,139,324,114688.0,67409.0,1703,266,795,713,487,226,713,0,17,2136.0,893500.0,823,475,45,0,17,217,,921,841,80,1391,400,176,65,45,126,1756,06,097,150502,06097150502,Sonoma,17,2.38,609,34.68,65.32,5.58,2.11,15.62,31.7,68.3,5.47,57.72,0.0,2.07,26.37,,8.69,686,49.32,7.18
Census Tract 1506.01; Sonoma County; California,4085,41.4,4085,2262,3,238,151,0,907,524,108134.0,44201.0,4085,247,1532,1513,985,528,1513,0,41,2105.0,761600.0,2208,1544,44,17,3,265,53925.0,2394,2255,139,3045,450,198,74,0,1441,4085,06,097,150601,06097150601,Sonoma,41,2.71,1823,44.63,55.37,0.07,3.7,6.05,34.9,65.1,1.99,69.93,0.77,0.14,12.0,24.42,5.81,722,23.71,35.28
Census Tract 1506.02; Sonoma County; California,4783,44.7,4783,3363,100,118,90,0,402,710,112415.0,49206.0,4783,248,1691,1659,1410,249,1659,11,26,2616.0,800200.0,2349,1668,22,72,8,383,62920.0,2571,2361,210,3476,887,202,72,8,478,4783,06,097,150602,06097150602,Sonoma,37,2.23,1420,29.69,70.31,2.09,1.88,5.19,15.01,84.99,0.94,71.01,3.07,0.34,16.3,26.79,8.17,1169,33.63,9.99
Census Tract 1506.03; Sonoma County; California,6645,49.6,6645,4930,0,34,198,6,273,1204,85858.0,52412.0,6542,583,3070,3045,1582,1463,3045,10,471,1517.0,806000.0,2990,2125,68,0,107,532,79390.0,3208,3039,169,5184,1111,402,210,33,822,6645,06,097,150603,06097150603,Sonoma,481,15.8,1715,25.81,74.19,0.0,2.98,8.91,48.05,51.95,2.27,71.07,0.0,3.58,17.79,26.55,5.27,1756,33.87,12.37
Census Tract 1506.07; Sonoma County; California,4334,47.9,4334,3345,1,0,299,0,80,609,149250.0,80641.0,4302,266,1781,1740,1386,354,1740,32,39,2868.0,1052800.0,2145,1395,16,0,10,591,51085.0,2238,2170,58,3197,1161,326,58,65,577,4334,06,097,150607,06097150607,Sonoma,71,4.08,989,22.82,77.18,0.02,6.9,6.18,20.34,79.66,0.75,65.03,0.0,0.47,27.55,23.82,2.59,1610,50.36,13.31
Census Tract 1506.09; Sonoma County; California,5186,51.5,5186,3334,74,72,316,0,278,1112,103750.0,55324.0,5186,350,2270,2209,1606,603,2209,125,32,2654.0,617600.0,2526,1726,143,8,5,537,74195.0,2590,2536,54,4124,968,584,43,28,896,5186,06,097,150609,06097150609,Sonoma,157,7.11,1852,35.71,64.29,1.43,6.09,6.75,27.3,72.7,5.66,68.33,0.32,0.2,21.26,29.37,2.08,1623,39.35,17.28
Census Tract 1506.10; Sonoma County; California,3647,41.5,3647,2615,139,116,174,1,90,512,143324.0,63525.0,3647,202,1400,1361,1130,231,1361,28,0,2995.0,890900.0,1738,1177,0,11,42,421,48480.0,1898,1796,68,2561,871,171,109,10,340,3647,06,097,150610,06097150610,Sonoma,28,2.06,1032,28.3,71.7,3.81,4.77,5.54,16.97,83.03,0.0,67.72,0.63,2.42,24.22,27.89,3.58,1161,45.33,9.32
Census Tract 1506.11; Sonoma County; California,4609,44.2,4609,2750,110,0,199,37,728,785,130350.0,53904.0,4590,152,1678,1614,919,695,1614,10,17,2904.0,963600.0,2374,1521,8,0,59,547,46205.0,2633,2547,79,3352,878,465,117,70,889,4609,06,097,150611,06097150611,Sonoma,27,1.67,1859,40.33,59.67,2.39,4.32,3.31,43.06,56.94,0.34,64.07,0.0,2.49,23.04,19.46,3.0,1530,45.64,19.29
Census Tract 1506.12; Sonoma County; California,4729,40.2,4729,3131,134,100,219,5,235,905,135240.0,63980.0,4729,266,2042,1941,1112,829,1941,33,63,2872.0,926300.0,2345,1796,30,12,91,304,61455.0,2626,2542,76,3599,952,277,78,37,766,4729,06,097,150612,06097150612,Sonoma,96,4.95,1598,33.79,66.21,2.83,4.63,5.62,42.71,57.29,1.28,76.59,0.51,3.88,12.96,26.21,2.89,1344,37.34,16.2
Census Tract 1507.01; Sonoma County; California,5332,40.1,5332,3777,48,0,224,0,709,574,119219.0,73237.0,5332,392,2552,2351,881,1470,2351,25,17,2321.0,948200.0,2723,1659,10,0,88,691,59505.0,3170,2830,295,4034,1274,591,96,84,1119,5332,06,097,150701,06097150701,Sonoma,42,1.79,1555,29.16,70.84,0.9,4.2,7.35,62.53,37.47,0.37,60.93,0.0,3.23,25.38,21.85,9.31,2045,50.69,20.99
Census Tract 1507.02; Sonoma County; California,4879,47.2,4879,4158,29,0,53,0,100,539,140729.0,79777.0,4879,101,1975,1959,1728,231,1959,22,0,2150.0,1139100.0,2532,1788,31,0,38,551,72070.0,2645,2563,82,3664,1340,671,258,16,278,4879,06,097,150702,06097150702,Sonoma,22,1.12,721,14.78,85.22,0.59,1.09,2.07,11.79,88.21,1.22,70.62,0.0,1.5,21.76,28.46,3.1,2285,62.36,5.7
Census Tract 1508; Sonoma County; California,4543,49.0,4543,3292,79,6,105,0,414,647,109737.0,62900.0,4277,363,2149,2016,1057,959,2016,84,12,2294.0,1119200.0,2395,1235,49,6,229,606,,2440,2402,38,3589,1318,596,112,90,653,4543,06,097,150800,06097150800,Sonoma,96,4.76,1251,27.54,72.46,1.74,2.31,8.49,47.57,52.43,2.05,51.57,0.25,9.56,25.3,,1.56,2116,58.96,14.37
Census Tract 1509.01; Sonoma County; California,4990,40.6,4990,3077,0,61,216,32,886,718,110078.0,45556.0,4990,376,2271,2088,1306,782,2088,15,31,2191.0,793800.0,2670,1812,20,0,36,419,,2790,2710,80,3644,888,265,190,23,1179,4990,06,097,150901,06097150901,Sonoma,46,2.2,1913,38.34,61.66,0.0,4.33,7.54,37.45,62.55,0.75,67.87,0.0,1.35,15.69,,2.87,1366,37.49,23.63
Census Tract 1509.02; Sonoma County; California,3629,49.6,3629,2727,10,24,126,0,177,565,118300.0,68383.0,3629,412,1629,1576,982,594,1576,17,115,2485.0,1023800.0,1933,1239,87,0,96,366,43145.0,2170,2023,147,2944,944,234,92,54,223,3629,06,097,150902,06097150902,Sonoma,132,8.38,902,24.86,75.14,0.28,3.47,11.35,37.69,62.31,4.5,64.1,0.0,4.97,18.93,22.32,6.77,1324,44.97,6.14
Census Tract 1510; Sonoma County; California,3479,45.0,3479,2581,23,22,82,0,154,617,102104.0,62901.0,3467,177,1520,1387,725,662,1387,14,37,2156.0,1094400.0,1757,1276,19,0,21,266,39885.0,1896,1786,110,2644,537,238,88,31,394,3479,06,097,151000,06097151000,Sonoma,51,3.68,898,25.81,74.19,0.66,2.36,5.11,47.73,52.27,1.08,72.62,0.0,1.2,15.14,22.7,5.8,894,33.81,11.33
Census Tract 1511; Sonoma County; California,4897,39.9,4897,3709,74,17,61,0,510,526,127713.0,65078.0,4691,348,1850,1712,1163,549,1712,41,14,2284.0,1249000.0,2320,1469,9,31,208,440,49115.0,2556,2037,201,3512,841,321,133,126,444,4897,06,097,151100,06097151100,Sonoma,55,3.21,1188,24.26,75.74,1.51,1.25,7.42,32.07,67.93,0.39,63.32,1.34,8.97,18.97,21.17,7.86,1421,40.46,9.07
Census Tract 1512.03; Sonoma County; California,5156,41.2,5156,3440,82,50,252,0,313,1019,111017.0,57445.0,5156,371,2328,2328,1498,830,2328,28,39,2505.0,751500.0,2766,1890,77,21,48,481,66430.0,2963,2894,69,3684,937,377,8,67,577,5156,06,097,151203,06097151203,Sonoma,67,2.88,1716,33.28,66.72,1.59,4.89,7.2,35.65,64.35,2.78,68.33,0.76,1.74,17.39,24.02,2.33,1389,37.7,11.19
Census Tract 1512.04; Sonoma County; California,3394,39.2,3394,2188,87,181,114,0,337,487,89886.0,54474.0,3392,388,1509,1447,752,695,1447,56,87,2079.0,800000.0,1969,1420,26,0,13,270,44600.0,2035,1994,41,2562,573,251,71,26,638,3394,06,097,151204,06097151204,Sonoma,143,9.88,1206,35.53,64.47,2.56,3.36,11.44,48.03,51.97,1.32,72.12,0.0,0.66,13.71,22.65,2.01,921,35.95,18.8
Census Tract 1512.05; Sonoma County; California,2310,53.9,2310,1744,45,0,1,0,68,452,99594.0,76164.0,2297,222,1219,1099,797,302,1099,37,29,1854.0,1117500.0,913,558,15,43,15,128,,1014,940,74,1811,495,188,91,0,66,2310,06,097,151205,06097151205,Sonoma,66,6.01,566,24.5,75.5,1.95,0.04,9.66,27.48,72.52,1.64,61.12,4.71,1.64,14.02,,7.3,774,42.74,2.86
Census Tract 1512.06; Sonoma County; California,5310,35.2,5310,2752,194,88,117,12,1127,1020,70409.0,53316.0,5266,680,2216,2121,886,1235,2121,21,41,2122.0,696800.0,2900,2148,0,0,34,368,64310.0,3142,2987,155,3738,785,139,49,123,625,5310,06,097,151206,06097151206,Sonoma,62,2.92,2558,48.17,51.83,3.65,2.2,12.91,58.23,41.77,0.0,74.07,0.0,1.17,12.69,22.18,4.93,1096,29.32,11.77
Census Tract 1513.01; Sonoma County; California,3730,35.7,3730,2034,0,42,70,56,457,1071,85117.0,37812.0,3715,493,1486,1420,718,702,1420,19,18,1831.0,574100.0,1889,1557,0,39,9,159,45570.0,2043,1951,92,2467,373,92,0,0,763,3730,06,097,151301,06097151301,Sonoma,37,2.61,1696,45.47,54.53,0.0,1.88,13.27,49.44,50.56,0.0,82.42,2.06,0.48,8.42,24.12,4.5,465,18.85,20.46
Census Tract 1513.05; Sonoma County; California,6713,30.5,6713,2773,18,24,325,41,899,2633,86406.0,32507.0,6713,737,2474,2378,445,1933,2378,43,326,1912.0,561700.0,3340,2345,123,0,103,442,64365.0,3840,3494,337,4016,640,58,81,0,1791,6713,06,097,151305,06097151305,Sonoma,369,15.52,3940,58.69,41.31,0.27,4.84,10.98,81.29,18.71,3.68,70.21,0.0,3.08,13.23,19.27,8.78,779,19.4,26.68
Census Tract 1513.06; Sonoma County; California,3902,41.8,3902,2208,60,29,78,0,972,555,89511.0,49095.0,3902,451,1787,1709,879,830,1709,35,14,2175.0,447300.0,2219,1682,43,0,26,156,63990.0,2400,2218,130,2885,471,214,78,0,854,3902,06,097,151306,06097151306,Sonoma,49,2.87,1694,43.41,56.59,1.54,2.0,11.56,48.57,51.43,1.94,75.8,0.0,1.17,7.03,28.84,5.42,763,26.45,21.89
Census Tract 1513.07; Sonoma County; California,4964,38.4,4964,3559,76,50,240,12,625,402,135380.0,54167.0,4959,241,1847,1841,1316,525,1841,24,51,3163.0,761900.0,2690,2027,10,0,33,347,71455.0,2916,2711,205,3491,931,297,41,0,525,4964,06,097,151307,06097151307,Sonoma,75,4.07,1405,28.3,71.7,1.53,4.83,4.86,28.52,71.48,0.37,75.35,0.0,1.23,12.9,26.56,7.03,1269,36.35,10.58
Census Tract 1513.08; Sonoma County; California,4915,36.9,4915,2807,211,225,387,0,383,902,111822.0,51741.0,4909,342,2071,1988,1090,898,1988,31,69,2416.0,803100.0,2881,2216,18,0,0,382,,3022,2881,141,3316,598,108,223,22,509,4915,06,097,151308,06097151308,Sonoma,100,5.03,2108,42.89,57.11,4.29,7.87,6.97,45.17,54.83,0.62,76.92,0.0,0.0,13.26,,4.67,951,28.68,10.36
Census Tract 1513.09; Sonoma County; California,6300,40.7,6300,4442,162,0,733,0,184,779,112446.0,52998.0,6300,793,2485,2416,1645,771,2416,0,88,2750.0,775800.0,3073,2222,45,0,0,412,70850.0,3213,3167,46,4596,1210,354,145,139,586,6300,06,097,151309,06097151309,Sonoma,88,3.64,1858,29.49,70.51,2.57,11.63,12.59,31.91,68.09,1.46,72.31,0.0,0.0,13.41,23.06,1.43,1848,40.21,9.3
Census Tract 1513.10; Sonoma County; California,5945,22.7,5945,3245,322,51,473,0,685,1169,98094.0,32755.0,3589,390,1602,1507,807,700,1507,14,21,2519.0,609000.0,2977,2008,20,73,262,273,60435.0,3376,3057,319,2680,626,243,55,5,865,5945,06,097,151310,06097151310,Sonoma,35,2.32,2700,45.42,54.58,5.42,7.96,10.87,46.45,53.55,0.67,67.45,2.45,8.8,9.17,20.3,9.45,929,34.66,14.55
Census Tract 1513.11; Sonoma County; California,7596,31.5,7596,4506,88,179,809,228,424,1362,113125.0,53576.0,7580,614,2767,2719,1422,1297,2719,0,0,2306.0,798700.0,4220,2961,61,0,78,799,81000.0,4429,4273,156,4506,977,580,39,60,946,7596,06,097,151311,06097151311,Sonoma,0,0.0,3090,40.68,59.32,1.16,10.65,8.1,47.7,52.3,1.45,70.17,0.0,1.85,18.93,19.19,3.52,1656,36.75,12.45
Census Tract 1514.03; Sonoma County; California,4707,35.3,4707,2154,60,40,730,8,777,938,98571.0,58914.0,4702,90,1883,1738,1001,737,1738,8,137,1897.0,782400.0,2592,1701,7,51,76,299,46150.0,2756,2659,79,3221,686,396,62,31,1079,4707,06,097,151403,06097151403,Sonoma,145,8.34,2553,54.24,45.76,1.27,15.51,1.91,42.41,57.59,0.27,65.62,1.97,2.93,11.54,17.8,2.87,1175,36.48,22.92
Census Tract 1514.04; Sonoma County; California,3393,29.2,3393,553,78,71,372,56,1349,914,85556.0,26725.0,3368,246,922,884,410,474,884,15,10,2060.0,603400.0,1497,932,7,10,0,70,33125.0,1638,1568,70,1905,155,58,3,13,1158,3393,06,097,151404,06097151404,Sonoma,25,2.83,2840,83.7,16.3,2.3,10.96,7.3,53.62,46.38,0.47,62.26,0.67,0.0,4.68,22.13,4.27,229,12.02,34.13
Census Tract 1514.05; Sonoma County; California,7667,32.0,7667,2916,378,149,330,53,2801,1040,68070.0,27745.0,7667,600,2667,2533,1035,1498,2533,17,97,1728.0,207700.0,3664,2399,81,53,136,284,79015.0,4018,3723,295,4667,679,68,0,0,2203,7667,06,097,151405,06097151405,Sonoma,114,4.5,4751,61.97,38.03,4.93,4.3,7.83,59.14,40.86,2.21,65.47,1.45,3.71,7.75,21.57,7.34,747,16.01,28.73
Census Tract 1514.06; Sonoma County; California,3509,34.7,3509,1159,132,19,235,0,1608,356,74875.0,34409.0,3509,394,1431,1376,496,880,1376,19,129,1924.0,590500.0,1777,1281,94,15,51,34,,1982,1802,144,2470,420,86,0,28,990,3509,06,097,151406,06097151406,Sonoma,148,10.76,2350,66.97,33.03,3.76,6.7,11.23,63.95,36.05,5.29,72.09,0.84,2.87,1.91,,7.27,534,21.62,28.21
Census Tract 1515.03; Sonoma County; California,3224,52.3,3224,2504,18,10,105,10,164,413,176406.0,87197.0,3224,216,1249,1249,1188,61,1249,6,0,3501.0,1006200.0,1395,947,15,7,4,383,24645.0,1493,1429,64,2507,874,303,189,122,218,3224,06,097,151503,06097151503,Sonoma,6,0.48,720,22.33,77.67,0.56,3.26,6.7,4.88,95.12,1.08,67.89,0.5,0.29,27.46,17.67,4.29,1488,59.35,6.76
Census Tract 1515.04; Sonoma County; California,4126,46.1,4126,2842,190,0,124,6,38,926,147404.0,62949.0,4032,153,1429,1327,1066,261,1327,22,9,2715.0,758300.0,1967,1357,0,0,0,374,36330.0,2231,2008,223,3005,728,348,181,69,398,4126,06,097,151504,06097151504,Sonoma,31,2.34,1284,31.12,68.88,4.6,3.01,3.79,19.67,80.33,0.0,68.99,0.0,0.0,19.01,18.47,10.0,1326,44.13,9.65
Census Tract 1515.05; Sonoma County; California,1205,53.3,1205,1022,0,0,6,0,82,95,178500.0,93734.0,1205,13,647,510,496,14,510,24,0,,1179200.0,563,423,0,0,2,110,,673,579,94,974,295,119,100,17,74,1205,06,097,151505,06097151505,Sonoma,24,4.71,183,15.19,84.81,0.0,0.5,1.08,2.75,97.25,0.0,75.13,0.0,0.36,19.54,,13.97,531,54.52,6.14
Census Tract 1515.06; Sonoma County; California,5767,46.3,5767,4349,276,25,152,0,499,466,90180.0,55611.0,5767,593,2547,2547,1395,1152,2547,19,200,2369.0,623200.0,3097,2319,123,12,69,474,75915.0,3518,3126,392,4412,1151,802,78,82,754,5767,06,097,151506,06097151506,Sonoma,219,8.6,1418,24.59,75.41,4.79,2.64,10.28,45.23,54.77,3.97,74.88,0.39,2.23,15.31,24.51,11.14,2113,47.89,13.07
Census Tract 1516.01; Sonoma County; California,2532,73.5,2532,2187,0,3,30,0,50,262,82292.0,71592.0,2479,141,1811,1580,1142,438,1580,32,101,2551.0,782000.0,425,212,0,0,40,155,,541,493,48,2432,649,330,194,58,186,2532,06,097,151601,06097151601,Sonoma,133,8.42,345,13.63,86.37,0.0,1.18,5.69,27.72,72.28,0.0,49.88,0.0,9.41,36.47,,8.87,1231,50.62,7.35
Census Tract 1516.02; Sonoma County; California,3229,69.5,3229,2876,4,28,30,0,22,269,121447.0,92542.0,3229,125,1929,1752,1350,402,1752,43,41,3501.0,896000.0,1364,816,0,0,13,518,,1403,1380,23,3161,1339,551,144,91,329,3229,06,097,151602,06097151602,Sonoma,84,4.79,353,10.93,89.07,0.12,0.93,3.87,22.95,77.05,0.0,59.82,0.0,0.95,37.98,,1.64,2125,67.23,10.19
Census Tract 1517.01; Sonoma County; California,3269,42.3,3269,2302,0,50,73,48,432,364,98693.0,65267.0,3269,197,1553,1547,828,719,1547,6,8,1899.0,690000.0,1679,1166,10,8,0,217,,2105,1667,426,2433,693,249,105,45,379,3269,06,097,151701,06097151701,Sonoma,14,0.9,967,29.58,70.42,0.0,2.23,6.03,46.48,53.52,0.6,69.45,0.48,0.0,12.92,,20.24,1092,44.88,11.59
Census Tract 1517.02; Sonoma County; California,3916,51.4,3916,2900,82,208,130,0,167,429,102141.0,66787.0,3723,215,1894,1743,679,1064,1743,14,131,2587.0,1095100.0,1578,1021,53,0,40,363,,1874,1668,206,3028,1179,474,35,76,366,3916,06,097,151702,06097151702,Sonoma,145,8.32,1016,25.94,74.06,2.09,3.32,5.77,61.04,38.96,3.36,64.7,0.0,2.53,23.0,,10.99,1764,58.26,9.35
Census Tract 1518; Sonoma County; California,4781,43.4,4781,3715,0,26,105,0,229,706,138117.0,66424.0,4697,150,2131,2028,1518,510,2028,0,15,2162.0,778000.0,2712,1871,26,37,0,447,,2835,2794,41,3570,1140,398,138,29,238,4781,06,097,151800,06097151800,Sonoma,15,0.74,1066,22.3,77.7,0.0,2.2,3.19,25.15,74.85,0.96,68.99,1.36,0.0,16.48,,1.45,1705,47.76,4.98
Census Tract 1519; Sonoma County; California,2585,42.6,2585,1664,59,26,53,0,358,425,76034.0,50729.0,2529,392,1326,1188,506,682,1188,0,74,1703.0,623500.0,1392,996,0,29,32,271,,1527,1425,102,1959,527,148,85,7,315,2585,06,097,151900,06097151900,Sonoma,74,6.23,921,35.63,64.37,2.28,2.05,15.5,57.41,42.59,0.0,71.55,2.08,2.3,19.47,,6.68,767,39.15,12.19
Census Tract 1520; Sonoma County; California,2441,34.8,2441,1035,68,0,146,50,622,520,76458.0,62628.0,2434,429,1155,1118,160,958,1118,9,227,1783.0,750000.0,1439,881,50,6,59,178,,1596,1526,70,1798,435,149,122,15,673,2441,06,097,152000,06097152000,Sonoma,236,21.11,1406,57.6,42.4,2.79,5.98,17.63,85.69,14.31,3.47,61.22,0.42,4.1,12.37,,4.39,721,40.1,27.57
Census Tract 1521; Sonoma County; California,2901,36.1,2901,1356,245,44,177,5,607,467,103650.0,40152.0,2211,434,948,913,342,571,913,6,55,2072.0,668800.0,1321,919,48,15,82,182,21970.0,1432,1364,68,2134,264,128,23,0,553,2901,06,097,152100,06097152100,Sonoma,61,6.68,1545,53.26,46.74,8.45,6.1,19.63,62.54,37.46,3.63,69.57,1.14,6.21,13.78,16.63,4.75,415,19.45,19.06
Census Tract 1522.01; Sonoma County; California,3977,37.0,3977,2678,66,164,123,147,103,696,92444.0,52928.0,3975,199,1911,1757,774,983,1757,25,43,2116.0,700800.0,2359,1809,22,46,60,358,,2484,2373,111,2746,749,338,65,47,443,3977,06,097,152201,06097152201,Sonoma,68,3.87,1299,32.66,67.34,1.66,3.09,5.01,55.95,44.05,0.93,76.69,1.95,2.54,15.18,,4.47,1199,43.66,11.14
Census Tract 1522.03; Sonoma County; California,3146,52.2,3146,2068,32,56,217,0,314,459,76168.0,66728.0,3146,297,1853,1747,620,1127,1747,0,379,1609.0,883600.0,1649,1076,56,22,87,337,,1771,1719,52,2630,674,233,171,108,359,3146,06,097,152203,06097152203,Sonoma,379,21.69,1078,34.27,65.73,1.02,6.9,9.44,64.51,35.49,3.4,65.25,1.33,5.28,20.44,,2.94,1186,45.1,11.41
Census Tract 1522.04; Sonoma County; California,4339,46.1,4339,3019,7,49,145,18,726,375,92744.0,65499.0,4322,244,2049,1944,1244,700,1944,52,171,2313.0,644300.0,2052,1491,45,66,9,224,45990.0,2209,2147,62,3429,1031,451,107,35,599,4339,06,097,152204,06097152204,Sonoma,223,11.47,1320,30.42,69.58,0.16,3.34,5.65,36.01,63.99,2.19,72.66,3.22,0.44,10.92,22.41,2.81,1624,47.36,13.81
Census Tract 1522.05; Sonoma County; California,2183,53.5,2183,1715,23,0,17,146,14,268,143817.0,62262.0,2163,84,904,883,542,341,883,18,22,2758.0,918500.0,958,599,0,69,10,255,,1124,1070,54,1713,378,328,72,19,252,2183,06,097,152205,06097152205,Sonoma,40,4.53,468,21.44,78.56,1.05,0.78,3.88,38.62,61.38,0.0,62.53,7.2,1.04,26.62,,4.8,797,46.53,11.54
Census Tract 1523; Sonoma County; California,4032,55.8,4032,3390,20,0,106,0,229,287,166650.0,90362.0,4003,350,1931,1785,1500,285,1785,40,93,2294.0,913000.0,1626,1089,0,8,25,391,24305.0,1877,1685,192,3294,931,528,283,148,193,4032,06,097,152300,06097152300,Sonoma,133,7.45,642,15.92,84.08,0.5,2.63,8.74,15.97,84.03,0.0,66.97,0.49,1.54,24.05,14.95,10.23,1890,57.38,4.79
Census Tract 1524.01; Sonoma County; California,4517,54.8,4517,3091,0,36,670,14,28,678,198860.0,107202.0,4505,274,2241,2057,1799,258,2057,0,0,3501.0,1414600.0,1942,1558,41,15,24,205,33475.0,1968,1947,21,3518,1197,806,406,73,661,4517,06,097,152401,06097152401,Sonoma,0,0.0,1426,31.57,68.43,0.0,14.83,6.08,12.54,87.46,2.11,80.23,0.77,1.24,10.56,17.24,1.07,2482,70.55,14.63
Census Tract 1524.02; Sonoma County; California,3334,57.6,3334,2447,32,22,310,38,283,202,127569.0,84683.0,3295,425,1815,1763,800,963,1763,134,136,3178.0,964800.0,1509,1106,112,0,43,56,,1573,1573,0,2946,1042,391,205,60,538,3334,06,097,152402,06097152402,Sonoma,270,15.31,887,26.6,73.4,0.96,9.3,12.9,54.62,45.38,7.42,73.29,0.0,2.85,3.71,,0.0,1698,57.64,16.14
Census Tract 1525.01; Sonoma County; California,3949,38.8,3949,2413,95,4,517,0,411,509,131855.0,59650.0,3944,264,1592,1446,793,653,1446,0,16,2422.0,774700.0,2192,1541,12,41,40,401,37130.0,2361,2269,92,2797,758,430,133,76,716,3949,06,097,152501,06097152501,Sonoma,16,1.11,1536,38.9,61.1,2.41,13.09,6.69,45.16,54.84,0.55,70.3,1.87,1.82,18.29,16.94,3.9,1397,49.95,18.13
Census Tract 1525.02; Sonoma County; California,3908,40.8,3908,2429,1,95,123,0,447,813,89600.0,48566.0,3886,270,1661,1585,1291,294,1585,0,22,2324.0,635300.0,1879,1274,4,0,30,302,52820.0,2118,2055,63,2597,709,234,90,0,475,3908,06,097,152502,06097152502,Sonoma,22,1.39,1479,37.85,62.15,0.03,3.15,6.95,18.55,81.45,0.21,67.8,0.0,1.6,16.07,28.11,2.97,1033,39.78,12.15
Census Tract 1526.01; Sonoma County; California,6492,44.9,6492,4981,21,0,517,0,47,926,158971.0,75746.0,6476,133,2604,2452,1974,478,2452,42,27,2553.0,1004500.0,3034,2544,14,71,17,262,,3531,2979,424,4704,1250,518,456,108,685,6492,06,097,152601,06097152601,Sonoma,69,2.81,1511,23.27,76.73,0.32,7.96,2.05,19.49,80.51,0.46,83.85,2.34,0.56,8.64,,12.01,2332,49.57,10.55
Census Tract 1526.02; Sonoma County; California,987,55.8,987,894,7,3,0,0,16,67,87969.0,82019.0,987,35,595,481,433,48,481,0,0,,879100.0,488,338,0,0,53,65,,513,506,7,813,294,98,25,47,111,987,06,097,152602,06097152602,Sonoma,0,0.0,93,9.42,90.58,0.71,0.0,3.55,9.98,90.02,0.0,69.26,0.0,10.86,13.32,,1.36,464,57.07,11.25
Census Tract 1527.01; Sonoma County; California,5043,38.9,5043,3363,0,32,68,22,874,684,90000.0,43142.0,5038,528,2090,1804,1451,353,1804,23,12,2438.0,457700.0,1949,1511,0,13,24,267,,2106,2044,62,3375,608,403,36,56,568,5043,06,097,152701,06097152701,Sonoma,35,1.94,1680,33.31,66.69,0.0,1.35,10.48,19.57,80.43,0.0,77.53,0.67,1.23,13.7,,2.94,1103,32.68,11.26
Census Tract 1527.02; Sonoma County; California,4842,39.5,4842,3140,71,14,262,2,401,952,113772.0,53186.0,4547,172,2032,1773,1038,735,1773,35,0,2012.0,969300.0,2182,1531,0,37,28,237,,2376,2174,181,3562,771,307,51,11,666,4842,06,097,152702,06097152702,Sonoma,35,1.97,1702,35.15,64.85,1.47,5.41,3.78,41.46,58.54,0.0,70.16,1.7,1.28,10.86,,7.62,1140,32.0,13.75
Census Tract 1528.01; Sonoma County; California,4523,42.7,4523,2740,56,23,160,9,592,943,100139.0,50565.0,4505,363,1919,1832,1188,644,1832,84,45,2954.0,816400.0,2377,1717,11,0,14,333,,2509,2400,109,3323,717,213,107,39,538,4523,06,097,152801,06097152801,Sonoma,129,7.04,1783,39.42,60.58,1.24,3.54,8.06,35.15,64.85,0.46,72.23,0.0,0.59,14.01,,4.34,1076,32.38,11.89
Census Tract 1528.03; Sonoma County; California,4704,32.1,4704,1363,136,291,207,0,1990,717,80893.0,31380.0,4594,392,1484,1484,479,1005,1484,6,79,1922.0,454700.0,2490,1713,0,0,290,23,48960.0,2695,2556,139,2910,282,136,52,29,1472,4704,06,097,152803,06097152803,Sonoma,85,5.73,3341,71.02,28.98,2.89,4.4,8.53,67.72,32.28,0.0,68.8,0.0,11.65,0.92,19.66,5.16,499,17.15,31.29
Census Tract 1528.04; Sonoma County; California,2874,40.3,2874,1362,42,24,256,0,894,296,60531.0,34870.0,2868,551,1418,1292,124,1168,1292,0,277,1976.0,434000.0,1515,1134,69,0,18,98,,1726,1567,159,2013,313,88,19,10,799,2874,06,097,152804,06097152804,Sonoma,277,21.44,1512,52.61,47.39,1.46,8.91,19.21,90.4,9.6,4.55,74.85,0.0,1.19,6.47,,9.21,430,21.36,27.8
Census Tract 1529.03; Sonoma County; California,5084,42.9,5084,1600,289,130,329,0,1791,945,82351.0,32079.0,5072,692,1685,1685,976,709,1685,45,54,2015.0,526100.0,2227,1596,0,0,70,119,,2444,2341,94,3502,482,85,49,15,1781,5084,06,097,152903,06097152903,Sonoma,99,5.88,3484,68.53,31.47,5.68,6.47,13.64,42.08,57.92,0.0,71.67,0.0,3.14,5.34,,3.85,631,18.02,35.03
Census Tract 1529.04; Sonoma County; California,5393,41.2,5393,3026,177,115,521,0,973,581,131688.0,51393.0,5359,289,2026,1939,1355,584,1939,91,35,2590.0,717200.0,3049,2287,12,10,99,358,62645.0,3171,3038,109,3799,806,210,87,16,908,5393,06,097,152904,06097152904,Sonoma,126,6.5,2367,43.89,56.11,3.28,9.66,5.39,30.12,69.88,0.39,75.01,0.33,3.25,11.74,20.55,3.44,1119,29.46,16.84
Census Tract 1529.05; Sonoma County; California,3860,44.9,3860,2084,39,0,148,41,750,798,107625.0,51371.0,3853,176,1583,1531,962,569,1531,0,36,2306.0,652000.0,1928,1139,0,0,0,286,,2111,1998,109,2876,579,51,91,9,463,3860,06,097,152905,06097152905,Sonoma,36,2.35,1776,46.01,53.99,1.01,3.83,4.57,37.17,62.83,0.0,59.08,0.0,0.0,14.83,,5.16,730,25.38,11.99
Census Tract 1529.06; Sonoma County; California,6898,36.9,6898,4050,57,36,613,0,1178,964,132132.0,55073.0,6898,553,2430,2343,1520,823,2343,0,17,2491.0,826500.0,3420,2376,91,21,59,692,,3810,3522,288,4977,1246,433,86,48,1184,6898,06,097,152906,06097152906,Sonoma,17,0.73,2848,41.29,58.71,0.83,8.89,8.02,35.13,64.87,2.66,69.47,0.61,1.73,20.23,,7.56,1813,36.43,17.16
Census Tract 1530.01; Sonoma County; California,7253,34.9,7253,2578,299,227,129,0,2621,1399,82396.0,40104.0,7248,630,2903,2795,704,2091,2795,0,204,1854.0,681900.0,3982,2813,26,0,116,408,73050.0,4221,3982,239,5046,983,286,89,52,1839,7253,06,097,153001,06097153001,Sonoma,204,7.3,4675,64.46,35.54,4.12,1.78,8.69,74.81,25.19,0.65,70.64,0.0,2.91,10.25,18.35,5.66,1410,27.94,25.36
Census Tract 1530.02; Sonoma County; California,6847,38.5,6847,2532,58,27,29,20,2472,1709,88413.0,38571.0,6847,1460,2144,2076,1232,844,2076,0,25,1947.0,511200.0,3286,2137,0,40,128,263,,3813,3372,441,4925,424,192,59,0,2218,6847,06,097,153002,06097153002,Sonoma,25,1.2,4315,63.02,36.98,0.85,0.42,21.32,40.66,59.34,0.0,65.03,1.22,3.9,8.0,,11.57,675,13.71,32.39
Census Tract 1530.03; Sonoma County; California,5551,35.5,5551,2571,86,70,76,0,2054,694,70117.0,36486.0,5469,735,2167,2015,1090,925,2015,108,45,2346.0,478600.0,2809,2089,55,0,171,83,71150.0,2994,2858,136,3763,425,264,19,34,1695,5551,06,097,153003,06097153003,Sonoma,153,7.59,2980,53.68,46.32,1.55,1.37,13.44,45.91,54.09,1.96,74.37,0.0,6.09,2.95,25.33,4.54,742,19.72,30.54
Census Tract 1530.05; Sonoma County; California,5962,43.6,5962,3609,8,71,703,32,931,608,99646.0,52966.0,5949,715,2455,2395,1794,601,2395,61,78,2538.0,736200.0,2948,1945,0,0,19,433,,3245,3116,129,4435,1191,279,139,34,969,5962,06,097,153005,06097153005,Sonoma,139,5.8,2353,39.47,60.53,0.13,11.79,12.02,25.09,74.91,0.0,65.98,0.0,0.64,14.69,,3.98,1643,37.05,16.25
Census Tract 1530.06; Sonoma County; California,7133,47.2,7133,4290,78,118,428,0,1656,563,99272.0,45081.0,7132,849,2955,2831,1899,932,2831,108,0,2023.0,621700.0,3674,2803,0,0,81,361,,3867,3702,145,5444,931,541,33,17,1829,7133,06,097,153006,06097153006,Sonoma,108,3.81,2843,39.86,60.14,1.09,6.0,11.9,32.92,67.08,0.0,76.29,0.0,2.2,9.83,,3.75,1522,27.96,25.64
Census Tract 1531.02; Sonoma County; California,5273,32.3,5273,1249,0,269,248,0,2363,1144,75000.0,28401.0,5210,499,1495,1438,810,628,1438,0,48,2133.0,611400.0,2419,1787,32,0,62,226,50795.0,2697,2525,172,2976,171,31,61,0,1825,5273,06,097,153102,06097153102,Sonoma,48,3.34,4024,76.31,23.69,0.0,4.7,9.58,43.67,56.33,1.32,73.87,0.0,2.56,9.34,21.0,6.38,263,8.84,34.61
Census Tract 1531.03; Sonoma County; California,5112,33.4,5112,1917,25,79,258,21,1873,939,69596.0,26771.0,5099,977,1568,1561,641,920,1561,9,123,1430.0,626200.0,2385,1675,65,0,59,162,54335.0,2715,2476,239,3161,214,78,16,0,1716,5112,06,097,153103,06097153103,Sonoma,132,8.46,3195,62.5,37.5,0.49,5.05,19.16,58.94,41.06,2.73,70.23,0.0,2.47,6.79,22.78,8.8,308,9.74,33.57
Census Tract 1531.04; Sonoma County; California,4211,31.3,4211,1147,265,167,268,0,1861,503,73373.0,26265.0,4211,708,1422,1319,327,992,1319,26,83,2015.0,524200.0,2174,1372,0,39,102,62,,2263,2214,49,2524,269,133,100,0,1603,4211,06,097,153104,06097153104,Sonoma,109,8.26,3064,72.76,27.24,6.29,6.36,16.81,75.21,24.79,0.0,63.11,1.79,4.69,2.85,,2.17,502,19.89,38.07
Census Tract 1532.01; Sonoma County; California,4457,37.9,4457,1373,11,23,455,0,1735,860,116694.0,40900.0,4457,269,1372,1372,980,392,1372,0,16,1804.0,669000.0,2412,1832,12,43,24,53,,2679,2548,131,3199,497,255,26,14,1358,4457,06,097,153201,06097153201,Sonoma,16,1.17,3084,69.19,30.81,0.25,10.21,6.04,28.57,71.43,0.5,75.95,1.78,1.0,2.2,,4.89,792,24.76,30.47
Census Tract 1532.02; Sonoma County; California,3246,36.9,3246,974,9,17,223,0,1363,660,81719.0,32411.0,3242,698,1072,1064,499,565,1064,10,18,2030.0,800700.0,1396,954,11,0,21,67,,1715,1451,264,2059,265,71,26,0,1258,3246,06,097,153202,06097153202,Sonoma,28,2.63,2272,69.99,30.01,0.28,6.87,21.53,53.1,46.9,0.79,68.34,0.0,1.5,4.8,,15.39,362,17.58,38.76
Census Tract 1533.01; Sonoma County; California,6265,32.6,6265,2246,23,20,993,0,1671,1312,97375.0,43442.0,6219,391,2150,2150,1348,802,2150,0,0,2514.0,651300.0,3062,2294,0,0,34,306,,3759,3396,363,4163,560,289,40,0,1437,6265,06,097,153301,06097153301,Sonoma,0,0.0,4019,64.15,35.85,0.37,15.85,6.29,37.3,62.7,0.0,74.92,0.0,1.11,9.99,,9.66,889,21.35,22.94
Census Tract 1533.02; Sonoma County; California,5593,41.3,5593,1922,275,22,853,48,1499,974,98365.0,37804.0,5559,1339,1652,1635,1166,469,1635,15,0,1122.0,689600.0,2502,2063,16,0,74,99,46805.0,2893,2534,359,3873,518,175,68,18,2039,5593,06,097,153302,06097153302,Sonoma,15,0.92,3671,65.64,34.36,4.92,15.25,24.09,28.69,71.31,0.64,82.45,0.0,2.96,3.96,18.71,12.41,779,20.11,36.46
Census Tract 1534.03; Sonoma County; California,3715,53.5,3715,2854,130,6,250,0,115,360,93250.0,55663.0,3619,254,1709,1587,1117,470,1587,8,129,2016.0,927800.0,1604,932,15,0,40,529,,1722,1625,97,2921,760,427,132,41,332,3715,06,097,153403,06097153403,Sonoma,137,8.63,861,23.18,76.82,3.5,6.73,7.02,29.62,70.38,0.94,58.1,0.0,2.49,32.98,,5.63,1360,46.56,8.94
Census Tract 1534.04; Sonoma County; California,3664,53.8,3664,2737,2,11,67,0,310,537,89881.0,62009.0,3655,473,1621,1542,1101,441,1542,0,117,877.0,1060600.0,1584,881,11,8,117,457,28025.0,1695,1622,73,2814,752,408,199,103,268,3664,06,097,153404,06097153404,Sonoma,117,7.59,927,25.3,74.7,0.05,1.83,12.94,28.6,71.4,0.69,55.62,0.51,7.39,28.85,17.69,4.31,1462,51.95,7.31
Census Tract 1534.05; Sonoma County; California,3407,47.3,3407,2875,72,0,53,18,79,310,99737.0,48579.0,3384,225,1475,1468,1098,370,1468,67,58,1959.0,935700.0,1534,926,0,22,51,275,,1658,1611,47,2648,749,327,90,65,290,3407,06,097,153405,06097153405,Sonoma,125,8.51,532,15.61,84.39,2.11,1.56,6.65,25.2,74.8,0.0,60.37,1.43,3.32,17.93,,2.83,1231,46.49,8.51
Census Tract 1534.06; Sonoma County; California,2466,41.9,2466,1672,59,0,190,0,395,150,98750.0,45585.0,2452,151,1090,1046,456,590,1046,28,12,2085.0,841600.0,1313,869,7,0,126,237,,1417,1341,76,1723,590,230,81,61,417,2466,06,097,153406,06097153406,Sonoma,40,3.82,794,32.2,67.8,2.39,7.7,6.16,56.41,43.59,0.53,66.18,0.0,9.6,18.05,,5.36,962,55.83,16.91
Census Tract 1535.01; Sonoma County; California,4719,46.9,4719,3350,12,4,107,5,189,1052,110115.0,52383.0,4718,602,1946,1802,1304,498,1802,38,0,1811.0,1064000.0,1969,1321,15,0,11,441,45390.0,2286,2118,168,3570,687,401,194,118,370,4719,06,097,153501,06097153501,Sonoma,38,2.11,1369,29.01,70.99,0.25,2.27,12.76,27.64,72.36,0.76,67.09,0.0,0.56,22.4,23.05,7.35,1400,39.22,7.84
Census Tract 1535.02; Sonoma County; California,3600,56.0,3600,3021,42,0,53,0,265,219,161458.0,81620.0,3591,259,1422,1341,1172,169,1341,21,11,2229.0,1170700.0,1341,868,0,0,13,339,28515.0,1566,1522,44,2937,909,410,224,55,430,3600,06,097,153502,06097153502,Sonoma,32,2.39,579,16.08,83.92,1.17,1.47,7.21,12.6,87.4,0.0,64.73,0.0,0.97,25.28,21.26,2.81,1598,54.41,11.94
Census Tract 1536.01; Sonoma County; California,1726,57.7,1726,1403,17,49,13,0,15,229,101049.0,75041.0,1672,147,796,762,636,126,762,0,0,2697.0,871100.0,740,434,0,17,0,289,,759,740,19,1395,328,172,151,37,116,1726,06,097,153601,06097153601,Sonoma,0,0.0,323,18.71,81.29,0.98,0.75,8.79,16.54,83.46,0.0,58.65,2.3,0.0,39.05,,2.5,688,49.32,6.72
Census Tract 1536.02; Sonoma County; California,3782,50.8,3782,3009,54,47,122,0,100,450,184219.0,77039.0,3742,276,1697,1504,1172,332,1504,50,0,2550.0,1418900.0,1814,1049,42,17,49,555,,1906,1827,79,3102,972,387,259,91,417,3782,06,097,153602,06097153602,Sonoma,50,3.32,773,20.44,79.56,1.43,3.23,7.38,22.07,77.93,2.32,57.83,0.94,2.7,30.6,,4.14,1709,55.09,11.03
Census Tract 1537.05; Sonoma County; California,3760,44.7,3760,2633,133,31,95,78,267,523,120938.0,61051.0,3760,253,1566,1477,1096,381,1477,6,8,1796.0,759700.0,1791,1221,0,0,20,407,,2031,1897,134,2804,559,452,120,68,405,3760,06,097,153705,06097153705,Sonoma,14,0.95,1127,29.97,70.03,3.54,2.53,6.73,25.8,74.2,0.0,68.17,0.0,1.12,22.72,,6.6,1199,42.76,10.77
Census Tract 1537.07; Sonoma County; California,1523,61.5,1523,1305,19,0,8,0,22,169,86964.0,64327.0,1523,105,1243,789,639,150,789,58,35,1917.0,638300.0,670,361,6,0,0,269,,709,686,23,1348,252,98,36,83,130,1523,06,097,153707,06097153707,Sonoma,93,11.79,218,14.31,85.69,1.25,0.53,6.89,19.01,80.99,0.9,53.88,0.0,0.0,40.15,,3.24,469,34.79,8.54
Census Tract 1537.08; Sonoma County; California,1506,61.1,1506,1261,0,26,21,0,61,137,71549.0,55264.0,1506,180,1298,847,677,170,847,20,0,1361.0,629500.0,653,432,6,0,33,127,,772,664,108,1391,353,185,28,41,105,1506,06,097,153708,06097153708,Sonoma,20,2.36,245,16.27,83.73,0.0,1.39,11.95,20.07,79.93,0.92,66.16,0.0,5.05,19.45,,13.99,607,43.64,6.97
Census Tract 1537.09; Sonoma County; California,1507,53.3,1507,1184,0,5,0,0,76,242,105304.0,54024.0,1507,138,994,720,404,316,720,11,7,1476.0,722100.0,900,543,0,0,0,188,,977,946,25,1269,155,156,49,4,85,1507,06,097,153709,06097153709,Sonoma,18,2.5,323,21.43,78.57,0.0,0.0,9.16,43.89,56.11,0.0,60.33,0.0,0.0,20.89,,2.56,364,28.68,5.64
Census Tract 1537.10; Sonoma County; California,1966,52.6,1966,1529,0,23,56,0,112,246,86944.0,68880.0,1956,214,1521,1088,771,317,1088,46,29,1808.0,578500.0,861,367,0,10,0,346,,999,896,103,1632,686,238,37,0,54,1966,06,097,153710,06097153710,Sonoma,75,6.89,437,22.23,77.77,0.0,2.85,10.94,29.14,70.86,0.0,42.62,1.16,0.0,40.19,,10.31,961,58.88,2.75
Census Tract 1537.11; Sonoma County; California,2601,36.0,2601,1781,0,30,18,5,130,637,94800.0,49845.0,2601,135,1398,1076,738,338,1076,0,20,2021.0,739000.0,1266,998,0,25,0,191,,1372,1283,89,1877,480,163,24,53,201,2601,06,097,153711,06097153711,Sonoma,20,1.86,820,31.53,68.47,0.0,0.69,5.19,31.41,68.59,0.0,78.83,1.97,0.0,15.09,,6.49,720,38.36,7.73
Census Tract 1537.12; Sonoma County; California,2015,48.4,2015,1461,0,0,25,10,196,323,101402.0,69906.0,1997,369,932,855,650,205,855,32,35,2424.0,1049500.0,818,558,7,8,11,212,,884,818,66,1476,407,197,63,48,97,2015,06,097,153712,06097153712,Sonoma,67,7.84,554,27.49,72.51,0.0,1.24,18.48,23.98,76.02,0.86,68.22,0.98,1.34,25.92,,7.47,715,48.44,4.81
Census Tract 1538.04; Sonoma County; California,3471,40.8,3471,2546,47,43,65,0,165,605,165109.0,68985.0,3471,143,1147,1136,982,154,1136,27,13,3208.0,831600.0,1894,1457,10,0,0,321,36340.0,2010,1946,64,2324,481,256,37,67,464,3471,06,097,153804,06097153804,Sonoma,40,3.52,925,26.65,73.35,1.35,1.87,4.12,13.56,86.44,0.53,76.93,0.0,0.0,16.95,19.19,3.18,841,36.19,13.37
Census Tract 1538.06; Sonoma County; California,2829,47.2,2829,1846,11,57,72,0,618,225,115884.0,56639.0,2769,235,1180,1071,793,278,1071,0,98,2300.0,871300.0,1180,882,0,11,0,215,,1265,1180,85,2085,464,235,84,4,529,2829,06,097,153806,06097153806,Sonoma,98,9.15,983,34.75,65.25,0.39,2.55,8.49,25.96,74.04,0.0,74.75,0.93,0.0,18.22,,6.72,787,37.75,18.7
Census Tract 1538.07; Sonoma County; California,3887,50.1,3887,2881,253,0,89,0,127,537,144063.0,76467.0,3887,79,1559,1548,1416,132,1548,55,0,2886.0,818300.0,2153,1726,0,0,21,209,35765.0,2231,2199,32,2833,1052,262,171,11,292,3887,06,097,153807,06097153807,Sonoma,55,3.55,1006,25.88,74.12,6.51,2.29,2.03,8.53,91.47,0.0,80.17,0.0,0.98,9.71,16.61,1.43,1496,52.81,7.51
Census Tract 1538.08; Sonoma County; California,3509,43.2,3509,2029,27,308,39,0,565,541,75798.0,45489.0,3509,290,1566,1474,967,507,1474,44,45,1659.0,497500.0,1654,1198,0,0,60,139,,1827,1726,101,2642,463,118,47,0,687,3509,06,097,153808,06097153808,Sonoma,89,6.04,1480,42.18,57.82,0.77,1.11,8.26,34.4,65.6,0.0,72.43,0.0,3.63,8.4,,5.53,628,23.77,19.58
Census Tract 1538.09; Sonoma County; California,5074,40.9,5074,2592,55,590,31,15,668,1123,132500.0,48288.0,5061,202,1636,1628,1182,446,1628,7,35,1459.0,830800.0,2543,2107,33,12,0,251,62715.0,2737,2688,49,3312,825,313,38,42,840,5074,06,097,153809,06097153809,Sonoma,42,2.58,2482,48.92,51.08,1.08,0.61,3.99,27.4,72.6,1.3,82.85,0.47,0.0,9.87,24.66,1.79,1218,36.78,16.55
Census Tract 1538.10; Sonoma County; California,3919,35.2,3919,2604,27,26,75,0,662,525,147986.0,51812.0,3875,292,1268,1133,821,312,1133,17,23,2831.0,732000.0,1726,1152,0,0,70,383,33115.0,1847,1756,91,2450,531,140,89,0,331,3919,06,097,153810,06097153810,Sonoma,40,3.53,1315,33.55,66.45,0.69,1.91,7.54,27.54,72.46,0.0,66.74,0.0,4.06,22.19,19.19,4.93,760,31.02,8.45
Census Tract 1538.11; Sonoma County; California,5011,43.4,5011,3122,8,23,153,0,942,763,151182.0,56677.0,4996,502,1875,1729,1215,514,1729,13,24,3404.0,866400.0,2649,2037,9,70,27,193,60650.0,2784,2700,84,3401,832,298,115,95,597,5011,06,097,153811,06097153811,Sonoma,37,2.14,1889,37.7,62.3,0.16,3.05,10.05,29.73,70.27,0.34,76.9,2.64,1.02,7.29,22.9,3.02,1340,39.4,11.91
Census Tract 1539.02; Sonoma County; California,4132,39.5,4132,2125,0,123,111,9,867,897,95833.0,68265.0,4087,543,1866,1628,759,869,1628,0,39,1874.0,930800.0,2094,1454,27,31,97,402,,2384,2193,191,3048,715,169,69,23,1062,4132,06,097,153902,06097153902,Sonoma,39,2.4,2007,48.57,51.43,0.0,2.69,13.29,53.38,46.62,1.29,69.44,1.48,4.63,19.2,,8.01,976,32.02,25.7
Census Tract 1539.03; Sonoma County; California,3229,53.0,3229,2542,0,0,42,0,417,228,106014.0,71496.0,3229,272,1642,1521,993,528,1521,12,0,2531.0,1073900.0,1601,906,33,23,76,494,,1693,1643,50,2585,705,439,206,62,502,3229,06,097,153903,06097153903,Sonoma,12,0.79,687,21.28,78.72,0.0,1.3,8.42,34.71,65.29,2.06,56.59,1.44,4.75,30.86,,2.95,1412,54.62,15.55
Census Tract 1539.04; Sonoma County; California,1708,59.1,1708,1245,0,14,11,0,207,231,98824.0,58666.0,1708,67,1004,896,706,190,896,4,0,2396.0,868100.0,918,608,5,0,37,155,,990,932,58,1506,403,193,64,32,308,1708,06,097,153904,06097153904,Sonoma,4,0.45,463,27.11,72.89,0.0,0.64,3.92,21.21,78.79,0.54,66.23,0.0,4.03,16.88,,5.86,692,45.95,18.03
Census Tract 1539.05; Sonoma County; California,4156,43.0,4156,2787,0,12,48,0,711,598,121436.0,52533.0,4156,575,1545,1480,946,534,1480,0,9,2142.0,1059200.0,1839,1115,0,0,19,496,,2057,1858,199,2980,823,360,23,80,619,4156,06,097,153905,06097153905,Sonoma,9,0.61,1369,32.94,67.06,0.0,1.15,13.84,36.08,63.92,0.0,60.63,0.0,1.03,26.97,,9.67,1286,43.15,14.89
Census Tract 1540; Sonoma County; California,2074,54.7,2074,1636,0,27,27,0,190,194,125208.0,88731.0,2043,163,1288,919,703,216,919,10,6,1481.0,1855800.0,961,523,13,18,35,325,,1027,1003,24,1737,600,203,109,86,243,2074,06,097,154000,06097154000,Sonoma,16,1.74,438,21.12,78.88,0.0,1.3,7.98,23.5,76.5,1.35,54.42,1.87,3.64,33.82,,2.34,998,57.46,11.72
Census Tract 1541; Sonoma County; California,3214,56.6,3214,2334,29,69,26,2,239,515,127794.0,93381.0,3183,242,1720,1390,1005,385,1390,6,37,1422.0,1377700.0,1620,956,9,16,67,495,33520.0,1727,1644,83,2776,867,324,129,37,473,3214,06,097,154100,06097154100,Sonoma,43,3.09,880,27.38,72.62,0.9,0.81,7.6,27.7,72.3,0.56,59.01,0.99,4.14,30.56,20.69,4.81,1357,48.88,14.72
Census Tract 1542.01; Sonoma County; California,3545,46.2,3545,1974,73,108,123,0,509,758,88281.0,45021.0,3545,247,1427,1385,813,572,1385,20,56,1063.0,615300.0,2003,1592,16,0,82,173,40790.0,2141,2021,120,2776,473,127,43,11,898,3545,06,097,154201,06097154201,Sonoma,76,5.49,1571,44.32,55.68,2.06,3.47,6.97,41.3,58.7,0.8,79.48,0.0,4.09,8.64,20.36,5.6,654,23.56,25.33
Census Tract 1542.02; Sonoma County; California,6604,42.7,6604,4476,28,30,60,0,1050,960,120240.0,56614.0,6472,173,2581,2545,1959,586,2545,0,0,2688.0,636800.0,3416,2643,4,0,32,509,73855.0,3476,3438,38,4928,1125,461,64,0,826,6604,06,097,154202,06097154202,Sonoma,0,0.0,2128,32.22,67.78,0.42,0.91,2.67,23.03,76.97,0.12,77.37,0.0,0.94,14.9,21.62,1.09,1650,33.48,12.51
Census Tract 1543.04; Sonoma County; California,1633,57.8,1633,1265,17,8,46,0,86,211,67245.0,54271.0,1616,191,1649,847,642,205,847,38,11,1239.0,742500.0,690,402,0,35,31,193,,717,696,21,1361,339,146,72,35,191,1633,06,097,154304,06097154304,Sonoma,49,5.79,368,22.54,77.46,1.04,2.82,11.82,24.2,75.8,0.0,58.26,5.07,4.49,27.97,,2.93,592,43.5,11.7
Census Tract 1543.05; Sonoma County; California,1634,52.8,1634,1278,0,0,31,0,299,26,182500.0,95837.0,1626,6,1224,638,515,123,638,0,0,1826.0,1458300.0,739,366,0,0,76,257,,922,787,127,1360,415,90,121,61,177,1634,06,097,154305,06097154305,Sonoma,0,0.0,356,21.79,78.21,0.0,1.9,0.37,19.28,80.72,0.0,49.53,0.0,10.28,34.78,,13.77,687,50.51,10.83
Census Tract 1543.06; Sonoma County; California,1757,57.2,1757,1207,0,9,7,99,299,136,116167.0,87386.0,1739,141,1255,762,556,206,762,12,0,1533.0,1154900.0,821,370,32,4,29,376,18920.0,874,845,29,1509,580,172,140,5,137,1757,06,097,154306,06097154306,Sonoma,12,1.57,550,31.3,68.7,0.0,0.4,8.11,27.03,72.97,3.9,45.07,0.49,3.53,45.8,23.05,3.32,897,59.44,7.8
Census Tract 1543.07; Sonoma County; California,768,66.8,768,560,0,20,14,16,47,111,120417.0,110769.0,768,90,997,369,312,57,369,20,7,1839.0,1342400.0,299,161,24,0,0,73,,302,300,2,713,215,64,109,42,113,768,06,097,154307,06097154307,Sonoma,27,7.32,208,27.08,72.92,0.0,1.82,11.72,15.45,84.55,8.03,53.85,0.0,0.0,24.41,,0.66,430,60.31,14.71
Census Tract 1543.08; Sonoma County; California,937,70.3,937,824,0,0,49,0,0,64,130667.0,84784.0,937,19,1191,498,477,21,498,18,16,,1297300.0,271,74,0,0,0,197,,286,271,15,937,315,238,56,109,109,937,06,097,154308,06097154308,Sonoma,34,6.83,113,12.06,87.94,0.0,5.23,2.03,4.22,95.78,0.0,27.31,0.0,0.0,72.69,,5.24,718,76.63,11.63
Census Tract 9901; Sonoma County; California,0,,0,0,0,0,0,0,0,0,,,0,0,0,0,0,0,0,0,0,,,0,0,0,0,0,0,,0,0,0,0,0,0,0,0,0,0,06,097,990100,06097990100,Sonoma,0,,0,,,,,,,,,,,,,,,0,,
